2021-4-24 16:52:7,1.362
2021-4-24 16:52:7,23.56381,120.47800
2021-4-24 16:52:9,1.294
2021-4-24 16:52:9,23.56381,120.478
2021-4-24 16:52:10,1.246
2021-4-24 16:52:10,23.56381,120.47799
2021-4-24 16:52:12,1.200
2021-4-24 16:52:12,23.56381,120.47799
2021-4-24 16:52:13,1.162
2021-4-24 16:52:13,23.56381,120.47799
2021-4-24 16:52:15,1.137
2021-4-24 16:52:15,23.56381,120.47799
2021-4-24 16:52:16,1.103
2021-4-24 16:52:16,23.56381,120.47800
2021-4-24 16:52:18,1.067
2021-4-24 16:52:18,23.56381,120.47799
2021-4-24 16:52:19,1.042
2021-4-24 16:52:19,23.56381,120.47799
2021-4-24 16:52:21,1.015
2021-4-24 16:52:21,23.56381,120.47799
2021-4-24 16:52:22,0.986
2021-4-24 16:52:22,23.56381,120.47799
2021-4-24 16:52:24,0.961
2021-4-24 16:52:24,23.56381,120.47799
2021-4-24 16:52:25,0.938
2021-4-24 16:52:25,23.56381,120.47799
2021-4-24 16:52:27,0.913
2021-4-24 16:52:27,23.56381,120.47799
2021-4-24 16:52:28,0.892
2021-4-24 16:52:28,23.56381,120.47799
2021-4-24 16:52:30,0.870
2021-4-24 16:52:30,23.56381,120.47799
2021-4-24 16:52:31,0.849
2021-4-24 16:52:31,23.56381,120.47799
2021-4-24 16:52:33,0.814
2021-4-24 16:52:33,23.56381,120.47799
2021-4-24 16:52:34,0.778
2021-4-24 16:52:34,23.56381,120.47798
2021-4-24 16:52:36,0.759
2021-4-24 16:52:36,23.56381,120.47798
2021-4-24 16:52:37,0.746
2021-4-24 16:52:37,23.56381,120.47798
2021-4-24 16:52:39,0.765
2021-4-24 16:52:39,23.56381,120.47798
2021-4-24 16:52:40,0.796
2021-4-24 16:52:40,23.56382,120.47799
2021-4-24 16:52:42,0.850
2021-4-24 16:52:42,23.56383,120.478
2021-4-24 16:52:43,0.900
2021-4-24 16:52:43,23.56383,120.47800
2021-4-24 16:52:45,0.965
2021-4-24 16:52:45,23.56385,120.47801
2021-4-24 16:52:46,0.977
2021-4-24 16:52:46,23.56385,120.47801
2021-4-24 16:52:48,0.967
2021-4-24 16:52:48,23.56386,120.47801
2021-4-24 16:52:49,0.976
2021-4-24 16:52:49,23.56387,120.47801
2021-4-24 16:52:51,0.947
2021-4-24 16:52:51,23.56388,120.47800
2021-4-24 16:52:53,0.941
2021-4-24 16:52:53,23.56388,120.47800
2021-4-24 16:52:54,0.895
2021-4-24 16:52:54,23.56388,120.47799
2021-4-24 16:52:55,0.882
2021-4-24 16:52:55,23.56389,120.47799
2021-4-24 16:52:57,0.838
2021-4-24 16:52:57,23.56389,120.47798
2021-4-24 16:52:58,0.820
2021-4-24 16:52:58,23.56390,120.47798
2021-4-24 16:53:0,0.814
2021-4-24 16:53:0,23.56390,120.47797
2021-4-24 16:53:1,16.829
2021-4-24 16:53:1,23.56425,120.47757
2021-4-24 16:53:3,16.570
2021-4-24 16:53:3,23.56436,120.47749
2021-4-24 16:53:4,16.487
2021-4-24 16:53:4,23.56442,120.47742
2021-4-24 16:53:6,16.124
2021-4-24 16:53:6,23.56448,120.47736
2021-4-24 16:53:7,16.804
2021-4-24 16:53:7,23.56452,120.47730
2021-4-24 16:53:9,17.032
2021-4-24 16:53:9,23.56456,120.47723
2021-4-24 16:53:10,16.968
2021-4-24 16:53:10,23.56461,120.47718
2021-4-24 16:53:12,16.718
2021-4-24 16:53:12,23.56466,120.47713
2021-4-24 16:53:13,15.710
2021-4-24 16:53:13,23.56469,120.47708
2021-4-24 16:53:15,14.637
2021-4-24 16:53:15,23.56469,120.47703
2021-4-24 16:53:16,13.226
2021-4-24 16:53:16,23.56468,120.47698
2021-4-24 16:53:18,12.025
2021-4-24 16:53:18,23.56468,120.47695
2021-4-24 16:53:19,11.185
2021-4-24 16:53:19,23.56468,120.47692
2021-4-24 16:53:21,10.256
2021-4-24 16:53:21,23.56468,120.47690
2021-4-24 16:53:22,9.612
2021-4-24 16:53:22,23.56468,120.47689
2021-4-24 16:53:24,9.005
2021-4-24 16:53:24,23.56468,120.47688
2021-4-24 16:53:25,8.724
2021-4-24 16:53:25,23.56469,120.47686
2021-4-24 16:53:27,8.452
2021-4-24 16:53:27,23.56470,120.47684
2021-4-24 16:53:28,7.999
2021-4-24 16:53:28,23.56468,120.47684
2021-4-24 16:53:30,6.976
2021-4-24 16:53:30,23.56466,120.47686
2021-4-24 16:53:31,6.780
2021-4-24 16:53:31,23.56465,120.47685
2021-4-24 16:53:33,6.303
2021-4-24 16:53:33,23.56462,120.47686
2021-4-24 16:53:34,6.186
2021-4-24 16:53:34,23.56462,120.47684
2021-4-24 16:53:36,5.881
2021-4-24 16:53:36,23.56460,120.47684
2021-4-24 16:53:37,5.556
2021-4-24 16:53:37,23.56458,120.47685
2021-4-24 16:53:39,5.384
2021-4-24 16:53:39,23.56456,120.47684
2021-4-24 16:53:40,6.562
2021-4-24 16:53:40,23.56434,120.47727
2021-4-24 16:53:42,7.409
2021-4-24 16:53:42,23.56433,120.47732
2021-4-24 16:53:43,6.404
2021-4-24 16:53:43,23.56430,120.47733
2021-4-24 16:53:45,6.535
2021-4-24 16:53:45,23.56427,120.47733
2021-4-24 16:53:46,6.486
2021-4-24 16:53:46,23.56425,120.47735
2021-4-24 16:53:48,7.137
2021-4-24 16:53:48,23.56424,120.47737
2021-4-24 16:53:49,7.860
2021-4-24 16:53:49,23.56422,120.47739
2021-4-24 16:53:51,8.401
2021-4-24 16:53:51,23.56421,120.47742
2021-4-24 16:53:52,8.406
2021-4-24 16:53:52,23.56419,120.47745
2021-4-24 16:53:54,8.334
2021-4-24 16:53:54,23.56417,120.47748
2021-4-24 16:53:55,8.255
2021-4-24 16:53:55,23.56416,120.47751
2021-4-24 16:53:57,8.107
2021-4-24 16:53:57,23.56414,120.47754
2021-4-24 16:53:58,8.129
2021-4-24 16:53:58,23.56413,120.47757
2021-4-24 16:54:0,8.016
2021-4-24 16:54:0,23.56411,120.47760
2021-4-24 16:54:1,8.069
2021-4-24 16:54:1,23.56409,120.47763
2021-4-24 16:54:3,8.048
2021-4-24 16:54:3,23.56408,120.47766
2021-4-24 16:54:4,8.048
2021-4-24 16:54:4,23.56405,120.47769
2021-4-24 16:54:6,8.139
2021-4-24 16:54:6,23.56403,120.47773
2021-4-24 16:54:7,8.294
2021-4-24 16:54:7,23.56401,120.47776
2021-4-24 16:54:9,8.483
2021-4-24 16:54:9,23.56399,120.47780
2021-4-24 16:54:10,8.347
2021-4-24 16:54:10,23.56396,120.47782
2021-4-24 16:54:12,8.309
2021-4-24 16:54:12,23.56393,120.47784
2021-4-24 16:54:13,8.269
2021-4-24 16:54:13,23.5639,120.47785
2021-4-24 16:54:15,8.156
2021-4-24 16:54:15,23.56385,120.47785
2021-4-24 16:54:16,8.008
2021-4-24 16:54:16,23.56382,120.47785
2021-4-24 16:54:18,7.923
2021-4-24 16:54:18,23.56379,120.47785
2021-4-24 16:54:19,7.824
2021-4-24 16:54:19,23.56376,120.47786
2021-4-24 16:54:21,7.764
2021-4-24 16:54:21,23.56374,120.47787
2021-4-24 16:54:22,7.721
2021-4-24 16:54:22,23.56370,120.47786
2021-4-24 16:54:24,7.705
2021-4-24 16:54:24,23.56367,120.47787
2021-4-24 16:54:25,7.665
2021-4-24 16:54:25,23.56365,120.47788
2021-4-24 16:54:27,7.661
2021-4-24 16:54:27,23.56362,120.47789
2021-4-24 16:54:28,7.664
2021-4-24 16:54:28,23.56359,120.47789
2021-4-24 16:54:30,7.595
2021-4-24 16:54:30,23.56357,120.47790
2021-4-24 16:54:31,7.556
2021-4-24 16:54:31,23.56354,120.47791
2021-4-24 16:54:33,7.553
2021-4-24 16:54:33,23.56352,120.47791
2021-4-24 16:54:34,7.525
2021-4-24 16:54:34,23.56349,120.47791
2021-4-24 16:54:36,7.372
2021-4-24 16:54:36,23.56347,120.47791
2021-4-24 16:54:37,7.406
2021-4-24 16:54:37,23.56343,120.47790
2021-4-24 16:54:39,7.470
2021-4-24 16:54:39,23.56339,120.47789
2021-4-24 16:54:40,7.464
2021-4-24 16:54:40,23.56337,120.47789
2021-4-24 16:54:42,9.772
2021-4-24 16:54:42,23.56330,120.47734
2021-4-24 16:54:43,11.486
2021-4-24 16:54:43,23.56325,120.47733
2021-4-24 16:54:45,10.837
2021-4-24 16:54:45,23.56321,120.47730
2021-4-24 16:54:46,10.239
2021-4-24 16:54:46,23.56317,120.47728
2021-4-24 16:54:48,9.999
2021-4-24 16:54:48,23.56314,120.47726
2021-4-24 16:54:49,9.640
2021-4-24 16:54:49,23.56311,120.47723
2021-4-24 16:54:51,9.449
2021-4-24 16:54:51,23.56308,120.47721
2021-4-24 16:54:52,9.086
2021-4-24 16:54:52,23.56305,120.47720
2021-4-24 16:54:54,9.275
2021-4-24 16:54:54,23.56302,120.47717
2021-4-24 16:54:55,9.424
2021-4-24 16:54:55,23.56298,120.47714
2021-4-24 16:54:57,9.439
2021-4-24 16:54:57,23.56295,120.47711
2021-4-24 16:54:58,9.576
2021-4-24 16:54:58,23.56292,120.47708
2021-4-24 16:55:0,9.708
2021-4-24 16:55:0,23.56288,120.47704
2021-4-24 16:55:1,9.957
2021-4-24 16:55:1,23.56284,120.47701
2021-4-24 16:55:3,10.121
2021-4-24 16:55:3,23.56281,120.47698
2021-4-24 16:55:4,10.307
2021-4-24 16:55:4,23.56277,120.47695
2021-4-24 16:55:6,10.418
2021-4-24 16:55:6,23.56273,120.47693
2021-4-24 16:55:7,10.411
2021-4-24 16:55:7,23.56269,120.47691
2021-4-24 16:55:9,10.423
2021-4-24 16:55:9,23.56266,120.47689
2021-4-24 16:55:10,10.407
2021-4-24 16:55:10,23.56262,120.47687
2021-4-24 16:55:12,10.434
2021-4-24 16:55:12,23.56258,120.47684
2021-4-24 16:55:13,10.389
2021-4-24 16:55:13,23.56255,120.47682
2021-4-24 16:55:15,10.497
2021-4-24 16:55:15,23.56251,120.47679
2021-4-24 16:55:16,10.540
2021-4-24 16:55:16,23.56247,120.47677
2021-4-24 16:55:18,10.524
2021-4-24 16:55:18,23.56243,120.47674
2021-4-24 16:55:19,10.403
2021-4-24 16:55:19,23.56241,120.47672
2021-4-24 16:55:21,10.244
2021-4-24 16:55:21,23.56238,120.47669
2021-4-24 16:55:22,10.073
2021-4-24 16:55:22,23.56236,120.47666
2021-4-24 16:55:24,10.044
2021-4-24 16:55:24,23.56234,120.47663
2021-4-24 16:55:25,10.006
2021-4-24 16:55:25,23.56231,120.47661
2021-4-24 16:55:27,9.991
2021-4-24 16:55:27,23.56228,120.47659
2021-4-24 16:55:28,9.928
2021-4-24 16:55:28,23.56225,120.47657
2021-4-24 16:55:30,9.931
2021-4-24 16:55:30,23.56221,120.47654
2021-4-24 16:55:31,10.049
2021-4-24 16:55:31,23.56218,120.47651
2021-4-24 16:55:33,10.083
2021-4-24 16:55:33,23.56215,120.47648
2021-4-24 16:55:34,10.134
2021-4-24 16:55:34,23.56211,120.47646
2021-4-24 16:55:36,10.202
2021-4-24 16:55:36,23.56207,120.47643
2021-4-24 16:55:37,10.261
2021-4-24 16:55:37,23.56203,120.47640
2021-4-24 16:55:39,10.337
2021-4-24 16:55:39,23.56199,120.47637
2021-4-24 16:55:40,10.411
2021-4-24 16:55:40,23.56195,120.47634
2021-4-24 16:55:42,10.466
2021-4-24 16:55:42,23.56191,120.47632
2021-4-24 16:55:43,10.514
2021-4-24 16:55:43,23.56187,120.47629
2021-4-24 16:55:45,10.539
2021-4-24 16:55:45,23.56184,120.47626
2021-4-24 16:55:46,10.558
2021-4-24 16:55:46,23.56181,120.47624
2021-4-24 16:55:48,10.561
2021-4-24 16:55:48,23.56177,120.47621
2021-4-24 16:55:49,10.583
2021-4-24 16:55:49,23.56174,120.47618
2021-4-24 16:55:51,10.612
2021-4-24 16:55:51,23.56170,120.47615
2021-4-24 16:55:52,10.631
2021-4-24 16:55:52,23.56167,120.47613
2021-4-24 16:55:54,10.668
2021-4-24 16:55:54,23.56163,120.47610
2021-4-24 16:55:55,10.679
2021-4-24 16:55:55,23.56160,120.47607
2021-4-24 16:55:57,10.679
2021-4-24 16:55:57,23.56156,120.47605
2021-4-24 16:55:58,10.675
2021-4-24 16:55:58,23.56153,120.47602
2021-4-24 16:56:0,10.677
2021-4-24 16:56:0,23.56150,120.47599
2021-4-24 16:56:1,10.698
2021-4-24 16:56:1,23.56147,120.47596
2021-4-24 16:56:3,10.740
2021-4-24 16:56:3,23.56143,120.47593
2021-4-24 16:56:4,10.732
2021-4-24 16:56:4,23.56140,120.47590
2021-4-24 16:56:6,10.750
2021-4-24 16:56:6,23.56136,120.47587
2021-4-24 16:56:7,10.771
2021-4-24 16:56:7,23.56133,120.47584
2021-4-24 16:56:9,10.800
2021-4-24 16:56:9,23.56129,120.47581
2021-4-24 16:56:10,10.813
2021-4-24 16:56:10,23.56126,120.47578
2021-4-24 16:56:12,10.788
2021-4-24 16:56:12,23.56123,120.47576
2021-4-24 16:56:13,10.816
2021-4-24 16:56:13,23.56119,120.47573
2021-4-24 16:56:15,10.866
2021-4-24 16:56:15,23.56115,120.47570
2021-4-24 16:56:16,10.911
2021-4-24 16:56:16,23.56111,120.47567
2021-4-24 16:56:18,10.954
2021-4-24 16:56:18,23.56107,120.47564
2021-4-24 16:56:19,10.998
2021-4-24 16:56:19,23.56103,120.47561
2021-4-24 16:56:21,11.040
2021-4-24 16:56:21,23.56099,120.47558
2021-4-24 16:56:22,11.080
2021-4-24 16:56:22,23.56095,120.47555
2021-4-24 16:56:24,11.101
2021-4-24 16:56:24,23.56091,120.47553
2021-4-24 16:56:25,11.125
2021-4-24 16:56:25,23.56087,120.47550
2021-4-24 16:56:27,11.142
2021-4-24 16:56:27,23.56083,120.47547
2021-4-24 16:56:28,11.155
2021-4-24 16:56:28,23.56080,120.47545
2021-4-24 16:56:30,11.170
2021-4-24 16:56:30,23.56076,120.47542
2021-4-24 16:56:31,11.196
2021-4-24 16:56:31,23.56072,120.47539
2021-4-24 16:56:33,11.210
2021-4-24 16:56:33,23.56068,120.47536
2021-4-24 16:56:34,11.227
2021-4-24 16:56:34,23.56064,120.47534
2021-4-24 16:56:36,11.253
2021-4-24 16:56:36,23.56060,120.47531
2021-4-24 16:56:37,11.284
2021-4-24 16:56:37,23.56056,120.47528
2021-4-24 16:56:39,11.305
2021-4-24 16:56:39,23.56052,120.47525
2021-4-24 16:56:40,11.318
2021-4-24 16:56:40,23.56049,120.47522
2021-4-24 16:56:42,11.345
2021-4-24 16:56:42,23.56045,120.47519
2021-4-24 16:56:43,11.374
2021-4-24 16:56:43,23.56041,120.47516
2021-4-24 16:56:45,11.384
2021-4-24 16:56:45,23.56037,120.47513
2021-4-24 16:56:46,11.419
2021-4-24 16:56:46,23.56033,120.47510
2021-4-24 16:56:48,11.431
2021-4-24 16:56:48,23.56029,120.47507
2021-4-24 16:56:49,11.456
2021-4-24 16:56:49,23.56025,120.47504
2021-4-24 16:56:51,11.479
2021-4-24 16:56:51,23.56021,120.47501
2021-4-24 16:56:52,11.483
2021-4-24 16:56:52,23.56018,120.47498
2021-4-24 16:56:54,11.502
2021-4-24 16:56:54,23.56014,120.47495
2021-4-24 16:56:55,11.531
2021-4-24 16:56:55,23.56010,120.47492
2021-4-24 16:56:57,11.566
2021-4-24 16:56:57,23.56006,120.47488
2021-4-24 16:56:58,11.568
2021-4-24 16:56:58,23.56002,120.47485
2021-4-24 16:57:0,11.572
2021-4-24 16:57:0,23.55999,120.47481
2021-4-24 16:57:1,11.588
2021-4-24 16:57:1,23.55996,120.47478
2021-4-24 16:57:3,11.596
2021-4-24 16:57:3,23.55992,120.47474
2021-4-24 16:57:4,11.624
2021-4-24 16:57:4,23.55989,120.47470
2021-4-24 16:57:6,14.040
2021-4-24 16:57:6,23.56012,120.47437
2021-4-24 16:57:7,12.083
2021-4-24 16:57:7,23.56016,120.47433
2021-4-24 16:57:9,14.848
2021-4-24 16:57:9,23.56020,120.47426
2021-4-24 16:57:10,15.230
2021-4-24 16:57:10,23.56023,120.47420
2021-4-24 16:57:12,16.189
2021-4-24 16:57:12,23.56026,120.47414
2021-4-24 16:57:13,16.387
2021-4-24 16:57:13,23.56030,120.47409
2021-4-24 16:57:15,16.294
2021-4-24 16:57:15,23.56034,120.47403
2021-4-24 16:57:16,16.266
2021-4-24 16:57:16,23.56039,120.47397
2021-4-24 16:57:18,16.171
2021-4-24 16:57:18,23.56043,120.47391
2021-4-24 16:57:19,15.696
2021-4-24 16:57:19,23.56047,120.47386
2021-4-24 16:57:21,15.342
2021-4-24 16:57:21,23.56050,120.47380
2021-4-24 16:57:22,15.039
2021-4-24 16:57:22,23.56054,120.47376
2021-4-24 16:57:24,14.215
2021-4-24 16:57:24,23.56056,120.47372
2021-4-24 16:57:25,14.104
2021-4-24 16:57:25,23.56059,120.47368
2021-4-24 16:57:27,13.642
2021-4-24 16:57:27,23.56063,120.47366
2021-4-24 16:57:28,13.379
2021-4-24 16:57:28,23.56066,120.47362
2021-4-24 16:57:30,13.175
2021-4-24 16:57:30,23.56070,120.47359
2021-4-24 16:57:31,12.561
2021-4-24 16:57:31,23.56072,120.47356
2021-4-24 16:57:33,12.501
2021-4-24 16:57:33,23.56075,120.47353
2021-4-24 16:57:34,12.520
2021-4-24 16:57:34,23.56080,120.47350
2021-4-24 16:57:36,12.493
2021-4-24 16:57:36,23.56083,120.47346
2021-4-24 16:57:37,12.459
2021-4-24 16:57:37,23.56086,120.47343
2021-4-24 16:57:39,12.412
2021-4-24 16:57:39,23.56089,120.47339
2021-4-24 16:57:40,12.277
2021-4-24 16:57:40,23.56092,120.47336
2021-4-24 16:57:42,12.068
2021-4-24 16:57:42,23.56094,120.47334
2021-4-24 16:57:43,11.844
2021-4-24 16:57:43,23.56096,120.47331
2021-4-24 16:57:45,11.560
2021-4-24 16:57:45,23.56097,120.47329
2021-4-24 16:57:46,11.393
2021-4-24 16:57:46,23.56098,120.47326
2021-4-24 16:57:48,11.251
2021-4-24 16:57:48,23.56100,120.47323
2021-4-24 16:57:49,11.054
2021-4-24 16:57:49,23.56101,120.47322
2021-4-24 16:57:51,10.947
2021-4-24 16:57:51,23.56103,120.47319
2021-4-24 16:57:52,10.876
2021-4-24 16:57:52,23.56104,120.47316
2021-4-24 16:57:54,10.723
2021-4-24 16:57:54,23.56105,120.47314
2021-4-24 16:57:55,10.605
2021-4-24 16:57:55,23.56106,120.47311
2021-4-24 16:57:57,10.507
2021-4-24 16:57:57,23.56108,120.47308
2021-4-24 16:57:58,10.431
2021-4-24 16:57:58,23.56109,120.47305
2021-4-24 16:58:0,10.308
2021-4-24 16:58:0,23.56110,120.47303
2021-4-24 16:58:1,10.213
2021-4-24 16:58:1,23.56111,120.47300
2021-4-24 16:58:3,10.157
2021-4-24 16:58:3,23.56113,120.47297
2021-4-24 16:58:4,10.083
2021-4-24 16:58:4,23.56114,120.47294
2021-4-24 16:58:6,9.837
2021-4-24 16:58:6,23.56114,120.47294
2021-4-24 16:58:7,9.679
2021-4-24 16:58:7,23.56115,120.47293
2021-4-24 16:58:9,9.565
2021-4-24 16:58:9,23.56116,120.47291
2021-4-24 16:58:10,9.511
2021-4-24 16:58:10,23.56096,120.47403
2021-4-24 16:58:12,9.410
2021-4-24 16:58:12,23.56095,120.47400
2021-4-24 16:58:13,9.329
2021-4-24 16:58:13,23.56098,120.47396
2021-4-24 16:58:15,9.183
2021-4-24 16:58:15,23.56098,120.47396
2021-4-24 16:58:16,9.027
2021-4-24 16:58:16,23.56097,120.47394
2021-4-24 16:58:18,8.874
2021-4-24 16:58:18,23.56096,120.47393
2021-4-24 16:58:19,8.610
2021-4-24 16:58:19,23.56094,120.47393
2021-4-24 16:58:21,8.414
2021-4-24 16:58:21,23.56095,120.47390
2021-4-24 16:58:22,8.279
2021-4-24 16:58:22,23.56096,120.47388
2021-4-24 16:58:24,7.846
2021-4-24 16:58:24,23.56096,120.47388
2021-4-24 16:58:25,7.759
2021-4-24 16:58:25,23.56097,120.47387
2021-4-24 16:58:27,7.721
2021-4-24 16:58:27,23.56099,120.47385
2021-4-24 16:58:28,7.644
2021-4-24 16:58:28,23.56100,120.47383
2021-4-24 16:58:30,7.425
2021-4-24 16:58:30,23.56101,120.47384
2021-4-24 16:58:31,7.308
2021-4-24 16:58:31,23.56103,120.47383
2021-4-24 16:58:33,7.103
2021-4-24 16:58:33,23.56105,120.47383
2021-4-24 16:58:34,7.176
2021-4-24 16:58:34,23.56107,120.47382
2021-4-24 16:58:36,7.200
2021-4-24 16:58:36,23.56109,120.47380
2021-4-24 16:58:37,10.256
2021-4-24 16:58:37,23.56115,120.47412
2021-4-24 16:58:39,10.281
2021-4-24 16:58:39,23.56118,120.47417
2021-4-24 16:58:40,10.214
2021-4-24 16:58:40,23.56122,120.47420
2021-4-24 16:58:42,10.247
2021-4-24 16:58:42,23.56126,120.47421
2021-4-24 16:58:43,10.179
2021-4-24 16:58:43,23.56129,120.47425
2021-4-24 16:58:45,9.912
2021-4-24 16:58:45,23.56132,120.47427
2021-4-24 16:58:46,9.626
2021-4-24 16:58:46,23.56135,120.47429
2021-4-24 16:58:48,9.529
2021-4-24 16:58:48,23.56139,120.47431
2021-4-24 16:58:49,9.612
2021-4-24 16:58:49,23.56143,120.47433
2021-4-24 16:58:51,9.581
2021-4-24 16:58:51,23.56146,120.47435
2021-4-24 16:58:52,9.900
2021-4-24 16:58:52,23.56149,120.47438
2021-4-24 16:58:54,10.106
2021-4-24 16:58:54,23.56153,120.47441
2021-4-24 16:58:55,10.205
2021-4-24 16:58:55,23.56156,120.47444
2021-4-24 16:58:57,10.135
2021-4-24 16:58:57,23.56160,120.47445
2021-4-24 16:58:58,10.149
2021-4-24 16:58:58,23.56163,120.47448
2021-4-24 16:59:0,10.172
2021-4-24 16:59:0,23.56166,120.47450
2021-4-24 16:59:1,10.137
2021-4-24 16:59:1,23.56169,120.47453
2021-4-24 16:59:3,10.100
2021-4-24 16:59:3,23.56172,120.47456
2021-4-24 16:59:4,10.181
2021-4-24 16:59:4,23.56176,120.47458
2021-4-24 16:59:6,10.221
2021-4-24 16:59:6,23.56179,120.47461
2021-4-24 16:59:7,10.249
2021-4-24 16:59:7,23.56182,120.47463
2021-4-24 16:59:9,10.303
2021-4-24 16:59:9,23.56186,120.47465
2021-4-24 16:59:10,10.371
2021-4-24 16:59:10,23.56189,120.47468
2021-4-24 16:59:12,10.440
2021-4-24 16:59:12,23.56192,120.47471
2021-4-24 16:59:13,10.497
2021-4-24 16:59:13,23.56196,120.47474
2021-4-24 16:59:15,10.595
2021-4-24 16:59:15,23.56200,120.47476
2021-4-24 16:59:16,10.655
2021-4-24 16:59:16,23.56203,120.47480
2021-4-24 16:59:18,10.651
2021-4-24 16:59:18,23.56207,120.47482
2021-4-24 16:59:19,10.655
2021-4-24 16:59:19,23.56210,120.47485
2021-4-24 16:59:21,10.623
2021-4-24 16:59:21,23.56213,120.47487
2021-4-24 16:59:22,10.601
2021-4-24 16:59:22,23.56217,120.47489
2021-4-24 16:59:24,10.599
2021-4-24 16:59:24,23.56220,120.47492
2021-4-24 16:59:25,10.602
2021-4-24 16:59:25,23.56223,120.47494
2021-4-24 16:59:27,10.532
2021-4-24 16:59:27,23.56227,120.47496
2021-4-24 16:59:28,10.523
2021-4-24 16:59:28,23.56231,120.47497
2021-4-24 16:59:30,10.448
2021-4-24 16:59:30,23.56234,120.47498
2021-4-24 16:59:31,10.436
2021-4-24 16:59:31,23.56238,120.47500
2021-4-24 16:59:33,10.428
2021-4-24 16:59:33,23.56241,120.47502
2021-4-24 16:59:34,10.420
2021-4-24 16:59:34,23.56244,120.47505
2021-4-24 16:59:36,10.410
2021-4-24 16:59:36,23.56248,120.47507
2021-4-24 16:59:37,10.424
2021-4-24 16:59:37,23.56251,120.47510
2021-4-24 16:59:39,10.422
2021-4-24 16:59:39,23.56254,120.47512
2021-4-24 16:59:40,10.362
2021-4-24 16:59:40,23.56257,120.47515
2021-4-24 16:59:42,10.293
2021-4-24 16:59:42,23.56259,120.47517
2021-4-24 16:59:43,10.253
2021-4-24 16:59:43,23.56262,120.47519
2021-4-24 16:59:45,10.255
2021-4-24 16:59:45,23.56265,120.47521
2021-4-24 16:59:46,10.263
2021-4-24 16:59:46,23.56269,120.47524
2021-4-24 16:59:48,10.260
2021-4-24 16:59:48,23.56272,120.47526
2021-4-24 16:59:49,10.258
2021-4-24 16:59:49,23.56276,120.47527
2021-4-24 16:59:51,10.223
2021-4-24 16:59:51,23.56279,120.47529
2021-4-24 16:59:52,10.228
2021-4-24 16:59:52,23.56282,120.47531
2021-4-24 16:59:54,10.258
2021-4-24 16:59:54,23.56286,120.47533
2021-4-24 16:59:55,10.268
2021-4-24 16:59:55,23.56290,120.47535
2021-4-24 16:59:57,10.266
2021-4-24 16:59:57,23.56293,120.47536
2021-4-24 16:59:58,10.318
2021-4-24 16:59:58,23.56297,120.47539
2021-4-24 17:0:0,10.327
2021-4-24 17:0:0,23.56300,120.47541
2021-4-24 17:0:1,10.293
2021-4-24 17:0:1,23.56303,120.47544
2021-4-24 17:0:3,10.285
2021-4-24 17:0:3,23.56306,120.47546
2021-4-24 17:0:4,10.299
2021-4-24 17:0:4,23.56310,120.47548
2021-4-24 17:0:6,10.306
2021-4-24 17:0:6,23.56313,120.47551
2021-4-24 17:0:7,10.327
2021-4-24 17:0:7,23.56317,120.47553
2021-4-24 17:0:9,10.343
2021-4-24 17:0:9,23.56320,120.47555
2021-4-24 17:0:10,10.372
2021-4-24 17:0:10,23.56324,120.47558
2021-4-24 17:0:12,10.391
2021-4-24 17:0:12,23.56327,120.47560
2021-4-24 17:0:13,10.411
2021-4-24 17:0:13,23.56331,120.47562
2021-4-24 17:0:15,10.436
2021-4-24 17:0:15,23.56335,120.47565
2021-4-24 17:0:16,10.441
2021-4-24 17:0:16,23.56338,120.47567
2021-4-24 17:0:18,10.469
2021-4-24 17:0:18,23.56341,120.47570
2021-4-24 17:0:19,10.495
2021-4-24 17:0:19,23.56345,120.47574
2021-4-24 17:0:21,10.521
2021-4-24 17:0:21,23.56348,120.47576
2021-4-24 17:0:22,10.572
2021-4-24 17:0:22,23.56352,120.47580
2021-4-24 17:0:24,10.606
2021-4-24 17:0:24,23.56355,120.47583
2021-4-24 17:0:25,10.632
2021-4-24 17:0:25,23.56359,120.47586
2021-4-24 17:0:27,10.661
2021-4-24 17:0:27,23.56363,120.47588
2021-4-24 17:0:28,10.678
2021-4-24 17:0:28,23.56366,120.47591
2021-4-24 17:0:30,10.717
2021-4-24 17:0:30,23.56370,120.47594
2021-4-24 17:0:31,10.760
2021-4-24 17:0:31,23.56374,120.47597
2021-4-24 17:0:33,10.791
2021-4-24 17:0:33,23.56378,120.47600
2021-4-24 17:0:34,10.802
2021-4-24 17:0:34,23.56382,120.47602
2021-4-24 17:0:36,10.827
2021-4-24 17:0:36,23.56385,120.47605
2021-4-24 17:0:37,10.841
2021-4-24 17:0:37,23.56389,120.47608
2021-4-24 17:0:39,10.860
2021-4-24 17:0:39,23.56392,120.47611
2021-4-24 17:0:40,10.888
2021-4-24 17:0:40,23.56396,120.47614
2021-4-24 17:0:42,10.923
2021-4-24 17:0:42,23.56401,120.47616
2021-4-24 17:0:43,10.967
2021-4-24 17:0:43,23.56405,120.47619
2021-4-24 17:0:45,11.016
2021-4-24 17:0:45,23.56409,120.47622
2021-4-24 17:0:46,11.033
2021-4-24 17:0:46,23.56413,120.47625
2021-4-24 17:0:48,11.050
2021-4-24 17:0:48,23.56417,120.47628
2021-4-24 17:0:49,11.065
2021-4-24 17:0:49,23.56421,120.47630
2021-4-24 17:0:51,11.086
2021-4-24 17:0:51,23.56424,120.47634
2021-4-24 17:0:52,11.108
2021-4-24 17:0:52,23.56428,120.47637
2021-4-24 17:0:54,11.130
2021-4-24 17:0:54,23.56432,120.47640
2021-4-24 17:0:55,11.143
2021-4-24 17:0:55,23.56435,120.47643
2021-4-24 17:0:57,11.160
2021-4-24 17:0:57,23.56439,120.47646
2021-4-24 17:0:58,11.171
2021-4-24 17:0:58,23.56443,120.47649
2021-4-24 17:1:0,11.175
2021-4-24 17:1:0,23.56446,120.47652
2021-4-24 17:1:1,11.176
2021-4-24 17:1:1,23.56450,120.47654
2021-4-24 17:1:3,11.177
2021-4-24 17:1:3,23.56453,120.47657
2021-4-24 17:1:4,9.217
2021-4-24 17:1:4,23.56455,120.47698
2021-4-24 17:1:6,8.754
2021-4-24 17:1:6,23.56452,120.47701
2021-4-24 17:1:7,8.390
2021-4-24 17:1:7,23.56448,120.47704
2021-4-24 17:1:9,8.136
2021-4-24 17:1:9,23.56445,120.47706
2021-4-24 17:1:10,8.058
2021-4-24 17:1:10,23.56443,120.47709
2021-4-24 17:1:12,7.884
2021-4-24 17:1:12,23.56441,120.47712
2021-4-24 17:1:13,7.761
2021-4-24 17:1:13,23.56440,120.47715
2021-4-24 17:1:15,7.621
2021-4-24 17:1:15,23.56438,120.47717
2021-4-24 17:1:16,7.432
2021-4-24 17:1:16,23.56436,120.47720
2021-4-24 17:1:18,6.928
2021-4-24 17:1:18,23.56435,120.47722
2021-4-24 17:1:19,6.111
2021-4-24 17:1:19,23.56434,120.47723
2021-4-24 17:1:21,5.475
2021-4-24 17:1:21,23.56434,120.47725
2021-4-24 17:1:22,5.158
2021-4-24 17:1:22,23.56433,120.47727
2021-4-24 17:1:24,5.106
2021-4-24 17:1:24,23.56432,120.47728
2021-4-24 17:1:25,5.111
2021-4-24 17:1:25,23.56431,120.47730
2021-4-24 17:1:27,5.204
2021-4-24 17:1:27,23.56430,120.47732
2021-4-24 17:1:28,5.268
2021-4-24 17:1:28,23.56429,120.47735
2021-4-24 17:1:30,5.351
2021-4-24 17:1:30,23.56428,120.47737
2021-4-24 17:1:31,5.532
2021-4-24 17:1:31,23.56427,120.4774
2021-4-24 17:1:33,5.793
2021-4-24 17:1:33,23.56426,120.47743
2021-4-24 17:1:34,5.847
2021-4-24 17:1:34,23.56424,120.47745
2021-4-24 17:1:36,5.914
2021-4-24 17:1:36,23.56423,120.47748
2021-4-24 17:1:37,6.006
2021-4-24 17:1:37,23.56422,120.47751
2021-4-24 17:1:39,6.057
2021-4-24 17:1:39,23.56421,120.47753
2021-4-24 17:1:40,6.144
2021-4-24 17:1:40,23.56420,120.47756
2021-4-24 17:1:42,6.169
2021-4-24 17:1:42,23.56418,120.47758
2021-4-24 17:1:43,6.267
2021-4-24 17:1:43,23.56417,120.47761
2021-4-24 17:1:45,6.407
2021-4-24 17:1:45,23.56416,120.47764
2021-4-24 17:1:46,6.477
2021-4-24 17:1:46,23.56414,120.47767
2021-4-24 17:1:48,6.794
2021-4-24 17:1:48,23.56412,120.47772
2021-4-24 17:1:49,6.995
2021-4-24 17:1:49,23.56410,120.47776
2021-4-24 17:1:51,7.207
2021-4-24 17:1:51,23.56408,120.4778
2021-4-24 17:1:52,7.235
2021-4-24 17:1:52,23.56406,120.47782
2021-4-24 17:1:54,7.155
2021-4-24 17:1:54,23.56404,120.47784
2021-4-24 17:1:55,7.097
2021-4-24 17:1:55,23.56402,120.47786
2021-4-24 17:1:57,7.075
2021-4-24 17:1:57,23.56400,120.47788
2021-4-24 17:1:58,7.102
2021-4-24 17:1:58,23.56397,120.47790
2021-4-24 17:2:0,6.914
2021-4-24 17:2:0,23.56394,120.47791
2021-4-24 17:2:1,6.945
2021-4-24 17:2:1,23.56391,120.47793
2021-4-24 17:2:3,6.893
2021-4-24 17:2:3,23.56387,120.47793
2021-4-24 17:2:4,6.866
2021-4-24 17:2:4,23.56385,120.47795
2021-4-24 17:2:6,6.835
2021-4-24 17:2:6,23.56381,120.47795
2021-4-24 17:2:7,6.742
2021-4-24 17:2:7,23.56379,120.47796
2021-4-24 17:2:9,6.743
2021-4-24 17:2:9,23.56377,120.47797
2021-4-24 17:2:10,6.757
2021-4-24 17:2:10,23.56374,120.47799
2021-4-24 17:2:12,6.723
2021-4-24 17:2:12,23.56372,120.47800
2021-4-24 17:2:13,6.647
2021-4-24 17:2:13,23.56370,120.47801
2021-4-24 17:2:15,10.838
2021-4-24 17:2:15,23.56345,120.47749
2021-4-24 17:2:16,10.222
2021-4-24 17:2:16,23.56341,120.47748
2021-4-24 17:2:18,10.892
2021-4-24 17:2:18,23.56338,120.47746
2021-4-24 17:2:19,10.576
2021-4-24 17:2:19,23.56336,120.47744
2021-4-24 17:2:21,10.455
2021-4-24 17:2:21,23.56332,120.47743
2021-4-24 17:2:22,10.289
2021-4-24 17:2:22,23.56329,120.47740
2021-4-24 17:2:24,10.253
2021-4-24 17:2:24,23.56326,120.47737
2021-4-24 17:2:25,10.386
2021-4-24 17:2:25,23.56322,120.47734
2021-4-24 17:2:27,10.456
2021-4-24 17:2:27,23.56319,120.47732
2021-4-24 17:2:28,10.317
2021-4-24 17:2:28,23.56316,120.47730
2021-4-24 17:2:30,10.330
2021-4-24 17:2:30,23.56312,120.47727
2021-4-24 17:2:31,10.202
2021-4-24 17:2:31,23.56309,120.47724
2021-4-24 17:2:33,10.143
2021-4-24 17:2:33,23.56306,120.47722
2021-4-24 17:2:34,10.115
2021-4-24 17:2:34,23.56302,120.47719
2021-4-24 17:2:36,10.189
2021-4-24 17:2:36,23.56299,120.47716
2021-4-24 17:2:37,10.208
2021-4-24 17:2:37,23.56295,120.47713
2021-4-24 17:2:39,10.184
2021-4-24 17:2:39,23.56292,120.47711
2021-4-24 17:2:40,10.309
2021-4-24 17:2:40,23.56288,120.47707
2021-4-24 17:2:42,10.374
2021-4-24 17:2:42,23.56285,120.47704
2021-4-24 17:2:43,10.365
2021-4-24 17:2:43,23.56282,120.47701
2021-4-24 17:2:45,10.155
2021-4-24 17:2:45,23.56279,120.47699
2021-4-24 17:2:46,10.126
2021-4-24 17:2:46,23.56276,120.47697
2021-4-24 17:2:48,10.212
2021-4-24 17:2:48,23.56272,120.47695
2021-4-24 17:2:49,10.217
2021-4-24 17:2:49,23.56269,120.47693
2021-4-24 17:2:51,10.207
2021-4-24 17:2:51,23.56265,120.47690
2021-4-24 17:2:52,10.171
2021-4-24 17:2:52,23.56262,120.47688
2021-4-24 17:2:54,10.188
2021-4-24 17:2:54,23.56259,120.47686
2021-4-24 17:2:55,10.208
2021-4-24 17:2:55,23.56255,120.47683
2021-4-24 17:2:57,10.254
2021-4-24 17:2:57,23.56251,120.47681
2021-4-24 17:2:58,10.359
2021-4-24 17:2:58,23.56248,120.47678
2021-4-24 17:3:0,10.363
2021-4-24 17:3:0,23.56244,120.47675
2021-4-24 17:3:1,10.305
2021-4-24 17:3:1,23.56241,120.47673
2021-4-24 17:3:3,10.281
2021-4-24 17:3:3,23.56238,120.47670
2021-4-24 17:3:4,10.203
2021-4-24 17:3:4,23.56235,120.47668
2021-4-24 17:3:6,10.187
2021-4-24 17:3:6,23.56232,120.47666
2021-4-24 17:3:7,10.148
2021-4-24 17:3:7,23.5623,120.47663
2021-4-24 17:3:9,10.133
2021-4-24 17:3:9,23.56227,120.47661
2021-4-24 17:3:10,10.118
2021-4-24 17:3:10,23.56224,120.47658
2021-4-24 17:3:12,10.159
2021-4-24 17:3:12,23.56220,120.47655
2021-4-24 17:3:13,10.205
2021-4-24 17:3:13,23.56217,120.47652
2021-4-24 17:3:15,10.241
2021-4-24 17:3:15,23.56214,120.47649
2021-4-24 17:3:16,10.298
2021-4-24 17:3:16,23.56210,120.47646
2021-4-24 17:3:18,10.353
2021-4-24 17:3:18,23.56206,120.47644
2021-4-24 17:3:19,10.422
2021-4-24 17:3:19,23.56202,120.47641
2021-4-24 17:3:21,10.491
2021-4-24 17:3:21,23.56198,120.47637
2021-4-24 17:3:22,10.564
2021-4-24 17:3:22,23.56194,120.47634
2021-4-24 17:3:24,10.636
2021-4-24 17:3:24,23.56191,120.47631
2021-4-24 17:3:25,10.667
2021-4-24 17:3:25,23.56187,120.47628
2021-4-24 17:3:27,10.715
2021-4-24 17:3:27,23.56183,120.47625
2021-4-24 17:3:28,10.673
2021-4-24 17:3:28,23.56180,120.47623
2021-4-24 17:3:30,10.694
2021-4-24 17:3:30,23.56177,120.47620
2021-4-24 17:3:31,10.741
2021-4-24 17:3:31,23.56173,120.47617
2021-4-24 17:3:33,10.755
2021-4-24 17:3:33,23.56169,120.47614
2021-4-24 17:3:34,10.766
2021-4-24 17:3:34,23.56166,120.47611
2021-4-24 17:3:36,10.772
2021-4-24 17:3:36,23.56163,120.47609
2021-4-24 17:3:37,10.752
2021-4-24 17:3:37,23.56160,120.47606
2021-4-24 17:3:39,10.745
2021-4-24 17:3:39,23.56156,120.47604
2021-4-24 17:3:40,10.697
2021-4-24 17:3:40,23.56153,120.47601
2021-4-24 17:3:42,10.644
2021-4-24 17:3:42,23.56151,120.47599
2021-4-24 17:3:43,10.570
2021-4-24 17:3:43,23.56148,120.47597
2021-4-24 17:3:45,10.541
2021-4-24 17:3:45,23.56145,120.47594
2021-4-24 17:3:46,10.498
2021-4-24 17:3:46,23.56142,120.47592
2021-4-24 17:3:48,10.431
2021-4-24 17:3:48,23.56140,120.47591
2021-4-24 17:3:49,10.410
2021-4-24 17:3:49,23.56137,120.47588
2021-4-24 17:3:51,10.388
2021-4-24 17:3:51,23.56134,120.47586
2021-4-24 17:3:52,10.374
2021-4-24 17:3:52,23.56131,120.47584
2021-4-24 17:3:54,10.366
2021-4-24 17:3:54,23.56127,120.47582
2021-4-24 17:3:55,10.356
2021-4-24 17:3:55,23.56124,120.47579
2021-4-24 17:3:57,10.352
2021-4-24 17:3:57,23.56121,120.47577
2021-4-24 17:3:58,10.344
2021-4-24 17:3:58,23.56118,120.47574
2021-4-24 17:4:0,10.350
2021-4-24 17:4:0,23.56115,120.47572
2021-4-24 17:4:1,10.371
2021-4-24 17:4:1,23.56112,120.47569
2021-4-24 17:4:3,10.391
2021-4-24 17:4:3,23.56108,120.47567
2021-4-24 17:4:4,10.419
2021-4-24 17:4:4,23.56105,120.47564
2021-4-24 17:4:6,10.437
2021-4-24 17:4:6,23.56101,120.47561
2021-4-24 17:4:7,10.447
2021-4-24 17:4:7,23.56098,120.47559
2021-4-24 17:4:9,10.464
2021-4-24 17:4:9,23.56094,120.47556
2021-4-24 17:4:10,10.464
2021-4-24 17:4:10,23.56091,120.47554
2021-4-24 17:4:12,10.446
2021-4-24 17:4:12,23.56088,120.47551
2021-4-24 17:4:13,10.423
2021-4-24 17:4:13,23.56086,120.47549
2021-4-24 17:4:15,10.381
2021-4-24 17:4:15,23.56083,120.47546
2021-4-24 17:4:16,10.330
2021-4-24 17:4:16,23.56081,120.47544
2021-4-24 17:4:18,10.250
2021-4-24 17:4:18,23.56079,120.47542
2021-4-24 17:4:19,10.176
2021-4-24 17:4:19,23.56078,120.47540
2021-4-24 17:4:21,0.019
2021-4-24 17:4:21,23.56093,120.47553
2021-4-24 17:4:22,0.010
2021-4-24 17:4:22,23.56093,120.47553
2021-4-24 17:4:24,0.002
2021-4-24 17:4:24,23.56093,120.47553
2021-4-24 17:4:25,0.007
2021-4-24 17:4:25,23.56093,120.47553
2021-4-24 17:4:27,0.006
2021-4-24 17:4:27,23.56092,120.47553
2021-4-24 17:4:28,0.011
2021-4-24 17:4:28,23.56092,120.47553
2021-4-24 17:4:30,0.010
2021-4-24 17:4:30,23.56092,120.47553
2021-4-24 17:4:31,0.008
2021-4-24 17:4:31,23.56092,120.47552
2021-4-24 17:4:33,0.012
2021-4-24 17:4:33,23.56092,120.47552
2021-4-24 17:4:34,0.014
2021-4-24 17:4:34,23.56091,120.47552
2021-4-24 17:4:36,0.019
2021-4-24 17:4:36,23.56091,120.47552
2021-4-24 17:4:37,0.022
2021-4-24 17:4:37,23.56091,120.47551
2021-4-24 17:4:39,0.027
2021-4-24 17:4:39,23.56091,120.47551
2021-4-24 17:4:40,0.032
2021-4-24 17:4:40,23.56091,120.47551
2021-4-24 17:4:42,0.064
2021-4-24 17:4:42,23.56091,120.47551
2021-4-24 17:4:43,0.065
2021-4-24 17:4:43,23.56091,120.47550
2021-4-24 17:4:45,0.069
2021-4-24 17:4:45,23.56091,120.47551
2021-4-24 17:4:46,0.110
2021-4-24 17:4:46,23.56091,120.47551
2021-4-24 17:4:48,0.355
2021-4-24 17:4:48,23.56090,120.47551
2021-4-24 17:4:49,0.497
2021-4-24 17:4:49,23.56089,120.47551
2021-4-24 17:4:51,0.564
2021-4-24 17:4:51,23.56088,120.47550
2021-4-24 17:4:52,0.568
2021-4-24 17:4:52,23.56088,120.47550
2021-4-24 17:4:54,0.551
2021-4-24 17:4:54,23.56087,120.47549
2021-4-24 17:4:55,0.537
2021-4-24 17:4:55,23.56087,120.47549
2021-4-24 17:4:57,0.542
2021-4-24 17:4:57,23.56087,120.47549
2021-4-24 17:4:58,0.557
2021-4-24 17:4:58,23.56086,120.47548
2021-4-24 17:5:0,0.667
2021-4-24 17:5:0,23.56085,120.47548
2021-4-24 17:5:1,0.698
2021-4-24 17:5:1,23.56085,120.47548
2021-4-24 17:5:3,0.719
2021-4-24 17:5:3,23.56084,120.47548
2021-4-24 17:5:4,0.766
2021-4-24 17:5:4,23.56084,120.47547
2021-4-24 17:5:6,0.904
2021-4-24 17:5:6,23.56082,120.47546
2021-4-24 17:5:7,0.943
2021-4-24 17:5:7,23.56082,120.47546
2021-4-24 17:5:9,1.072
2021-4-24 17:5:9,23.56080,120.47545
2021-4-24 17:5:10,1.310
2021-4-24 17:5:10,23.56078,120.47544
2021-4-24 17:5:12,1.449
2021-4-24 17:5:12,23.56076,120.47543
2021-4-24 17:5:13,1.702
2021-4-24 17:5:13,23.56073,120.47542
2021-4-24 17:5:15,1.863
2021-4-24 17:5:15,23.56071,120.47541
2021-4-24 17:5:16,2.026
2021-4-24 17:5:16,23.56069,120.47540
2021-4-24 17:5:18,2.095
2021-4-24 17:5:18,23.56067,120.47538
2021-4-24 17:5:19,2.146
2021-4-24 17:5:19,23.56066,120.47537
2021-4-24 17:5:21,2.190
2021-4-24 17:5:21,23.56065,120.47536
2021-4-24 17:5:22,2.238
2021-4-24 17:5:22,23.56064,120.47535
2021-4-24 17:5:24,2.279
2021-4-24 17:5:24,23.56062,120.47534
2021-4-24 17:5:25,2.301
2021-4-24 17:5:25,23.56061,120.47533
2021-4-24 17:5:27,14.794
2021-4-24 17:5:27,23.56010,120.47488
2021-4-24 17:5:28,8.330
2021-4-24 17:5:28,23.56006,120.47483
2021-4-24 17:5:30,10.225
2021-4-24 17:5:30,23.56002,120.47480
2021-4-24 17:5:31,10.350
2021-4-24 17:5:31,23.55997,120.47476
2021-4-24 17:5:33,10.604
2021-4-24 17:5:33,23.55995,120.47472
2021-4-24 17:5:34,10.825
2021-4-24 17:5:34,23.55992,120.47468
2021-4-24 17:5:36,10.731
2021-4-24 17:5:36,23.55990,120.47465
2021-4-24 17:5:37,10.397
2021-4-24 17:5:37,23.55991,120.47462
2021-4-24 17:5:39,10.309
2021-4-24 17:5:39,23.55993,120.47457
2021-4-24 17:5:40,10.389
2021-4-24 17:5:40,23.55993,120.47453
2021-4-24 17:5:42,10.721
2021-4-24 17:5:42,23.55995,120.47447
2021-4-24 17:5:43,10.533
2021-4-24 17:5:43,23.55996,120.47442
2021-4-24 17:5:45,10.450
2021-4-24 17:5:45,23.55997,120.47438
2021-4-24 17:5:46,10.349
2021-4-24 17:5:46,23.55999,120.47433
2021-4-24 17:5:48,18.632
2021-4-24 17:5:48,23.56023,120.47418
2021-4-24 17:5:49,17.461
2021-4-24 17:5:49,23.56027,120.47413
2021-4-24 17:5:51,13.696
2021-4-24 17:5:51,23.56031,120.47409
2021-4-24 17:5:52,12.484
2021-4-24 17:5:52,23.56034,120.47406
2021-4-24 17:5:54,11.177
2021-4-24 17:5:54,23.56036,120.47405
2021-4-24 17:5:55,6.830
2021-4-24 17:5:55,23.56036,120.47407
2021-4-24 17:5:57,5.407
2021-4-24 17:5:57,23.56036,120.47406
2021-4-24 17:5:58,4.210
2021-4-24 17:5:58,23.56037,120.47406
2021-4-24 17:6:0,3.407
2021-4-24 17:6:0,23.56037,120.47406
2021-4-24 17:6:1,2.697
2021-4-24 17:6:1,23.56037,120.47406
2021-4-24 17:6:3,2.435
2021-4-24 17:6:3,23.56037,120.47406
2021-4-24 17:6:4,2.165
2021-4-24 17:6:4,23.56037,120.47406
2021-4-24 17:6:6,1.996
2021-4-24 17:6:6,23.56038,120.47406
2021-4-24 17:6:7,1.869
2021-4-24 17:6:7,23.56038,120.47406
2021-4-24 17:6:9,1.725
2021-4-24 17:6:9,23.56038,120.47406
2021-4-24 17:6:10,1.624
2021-4-24 17:6:10,23.56038,120.47405
2021-4-24 17:6:12,1.534
2021-4-24 17:6:12,23.56039,120.47405
2021-4-24 17:6:13,1.464
2021-4-24 17:6:13,23.56039,120.47405
2021-4-24 17:6:15,1.397
2021-4-24 17:6:15,23.56039,120.47405
2021-4-24 17:6:16,1.336
2021-4-24 17:6:16,23.56039,120.47405
2021-4-24 17:6:18,1.272
2021-4-24 17:6:18,23.56039,120.47405
2021-4-24 17:6:19,1.238
2021-4-24 17:6:19,23.56040,120.47405
2021-4-24 17:6:21,1.151
2021-4-24 17:6:21,23.56040,120.47405
2021-4-24 17:6:22,1.127
2021-4-24 17:6:22,23.56040,120.47405
2021-4-24 17:6:24,1.106
2021-4-24 17:6:24,23.56040,120.47405
2021-4-24 17:6:25,1.073
2021-4-24 17:6:25,23.56040,120.47405
2021-4-24 17:6:27,1.015
2021-4-24 17:6:27,23.56040,120.47405
2021-4-24 17:6:28,0.988
2021-4-24 17:6:28,23.56040,120.47405
2021-4-24 17:6:30,0.954
2021-4-24 17:6:30,23.56040,120.47405
2021-4-24 17:6:31,0.916
2021-4-24 17:6:31,23.56040,120.47404
2021-4-24 17:6:33,0.909
2021-4-24 17:6:33,23.56040,120.47404
2021-4-24 17:6:34,0.959
2021-4-24 17:6:34,23.56040,120.47404
2021-4-24 17:6:36,1.076
2021-4-24 17:6:36,23.56040,120.47402
2021-4-24 17:6:37,1.213
2021-4-24 17:6:37,23.56040,120.47400
2021-4-24 17:6:39,1.410
2021-4-24 17:6:39,23.56042,120.47399
2021-4-24 17:6:40,1.588
2021-4-24 17:6:40,23.56043,120.47398
2021-4-24 17:6:42,1.675
2021-4-24 17:6:42,23.56044,120.47397
2021-4-24 17:6:43,1.772
2021-4-24 17:6:43,23.56045,120.47395
2021-4-24 17:6:45,1.852
2021-4-24 17:6:45,23.56046,120.47394
2021-4-24 17:6:46,1.923
2021-4-24 17:6:46,23.56047,120.47394
2021-4-24 17:6:48,13.956
2021-4-24 17:6:48,23.56065,120.47374
2021-4-24 17:6:49,13.583
2021-4-24 17:6:49,23.56070,120.47375
2021-4-24 17:6:51,13.389
2021-4-24 17:6:51,23.56074,120.47378
2021-4-24 17:6:52,12.778
2021-4-24 17:6:52,23.56078,120.47379
2021-4-24 17:6:54,11.189
2021-4-24 17:6:54,23.56079,120.47383
2021-4-24 17:6:55,10.871
2021-4-24 17:6:55,23.56082,120.47385
2021-4-24 17:6:57,10.628
2021-4-24 17:6:57,23.56085,120.47386
2021-4-24 17:6:58,10.601
2021-4-24 17:6:58,23.56089,120.47388
2021-4-24 17:7:0,10.473
2021-4-24 17:7:0,23.56092,120.47390
2021-4-24 17:7:1,10.346
2021-4-24 17:7:1,23.56095,120.47392
2021-4-24 17:7:3,10.175
2021-4-24 17:7:3,23.56098,120.47394
2021-4-24 17:7:4,10.057
2021-4-24 17:7:4,23.56101,120.47396
2021-4-24 17:7:6,9.832
2021-4-24 17:7:6,23.56105,120.47397
2021-4-24 17:7:7,9.763
2021-4-24 17:7:7,23.56108,120.47399
2021-4-24 17:7:9,9.807
2021-4-24 17:7:9,23.56112,120.47400
2021-4-24 17:7:10,9.830
2021-4-24 17:7:10,23.56115,120.47402
2021-4-24 17:7:12,9.868
2021-4-24 17:7:12,23.56119,120.47404
2021-4-24 17:7:13,9.884
2021-4-24 17:7:13,23.56122,120.47406
2021-4-24 17:7:15,9.829
2021-4-24 17:7:15,23.56125,120.47408
2021-4-24 17:7:16,9.860
2021-4-24 17:7:16,23.56128,120.47412
2021-4-24 17:7:18,9.853
2021-4-24 17:7:18,23.56131,120.47414
2021-4-24 17:7:19,9.652
2021-4-24 17:7:19,23.56134,120.47416
2021-4-24 17:7:21,9.675
2021-4-24 17:7:21,23.56137,120.47418
2021-4-24 17:7:22,9.660
2021-4-24 17:7:22,23.56140,120.47421
2021-4-24 17:7:24,9.701
2021-4-24 17:7:24,23.56143,120.47424
2021-4-24 17:7:25,9.718
2021-4-24 17:7:25,23.56147,120.47426
2021-4-24 17:7:27,9.708
2021-4-24 17:7:27,23.56150,120.47428
2021-4-24 17:7:28,9.748
2021-4-24 17:7:28,23.56153,120.47431
2021-4-24 17:7:30,9.768
2021-4-24 17:7:30,23.56157,120.47433
2021-4-24 17:7:31,9.783
2021-4-24 17:7:31,23.56160,120.47435
2021-4-24 17:7:33,9.808
2021-4-24 17:7:33,23.56163,120.47437
2021-4-24 17:7:34,9.823
2021-4-24 17:7:34,23.56167,120.47439
2021-4-24 17:7:36,9.837
2021-4-24 17:7:36,23.56170,120.47441
2021-4-24 17:7:37,9.854
2021-4-24 17:7:37,23.56173,120.47444
2021-4-24 17:7:39,9.885
2021-4-24 17:7:39,23.56177,120.47446
2021-4-24 17:7:40,9.913
2021-4-24 17:7:40,23.56180,120.47449
2021-4-24 17:7:42,9.925
2021-4-24 17:7:42,23.56183,120.47451
2021-4-24 17:7:43,9.944
2021-4-24 17:7:43,23.56187,120.47454
2021-4-24 17:7:45,9.951
2021-4-24 17:7:45,23.56190,120.47456
2021-4-24 17:7:46,9.970
2021-4-24 17:7:46,23.56193,120.47458
2021-4-24 17:7:48,9.980
2021-4-24 17:7:48,23.56197,120.47461
2021-4-24 17:7:49,10.018
2021-4-24 17:7:49,23.56200,120.47464
2021-4-24 17:7:51,9.997
2021-4-24 17:7:51,23.56203,120.47466
2021-4-24 17:7:52,9.994
2021-4-24 17:7:52,23.56206,120.47469
2021-4-24 17:7:54,9.969
2021-4-24 17:7:54,23.56209,120.47471
2021-4-24 17:7:55,9.909
2021-4-24 17:7:55,23.56212,120.47473
2021-4-24 17:7:57,9.787
2021-4-24 17:7:57,23.56215,120.47474
2021-4-24 17:7:58,9.773
2021-4-24 17:7:58,23.56218,120.47476
2021-4-24 17:8:0,9.761
2021-4-24 17:8:0,23.56221,120.47478
2021-4-24 17:8:1,9.764
2021-4-24 17:8:1,23.56224,120.47480
2021-4-24 17:8:3,9.782
2021-4-24 17:8:3,23.56227,120.47483
2021-4-24 17:8:4,9.801
2021-4-24 17:8:4,23.56230,120.47485
2021-4-24 17:8:6,9.803
2021-4-24 17:8:6,23.56234,120.47487
2021-4-24 17:8:7,9.814
2021-4-24 17:8:7,23.56237,120.47488
2021-4-24 17:8:9,9.832
2021-4-24 17:8:9,23.56241,120.47491
2021-4-24 17:8:10,9.841
2021-4-24 17:8:10,23.56244,120.47493
2021-4-24 17:8:12,9.881
2021-4-24 17:8:12,23.56247,120.47496
2021-4-24 17:8:13,9.898
2021-4-24 17:8:13,23.56251,120.47498
2021-4-24 17:8:15,9.904
2021-4-24 17:8:15,23.56254,120.47501
2021-4-24 17:8:16,9.903
2021-4-24 17:8:16,23.56257,120.47503
2021-4-24 17:8:18,9.896
2021-4-24 17:8:18,23.56260,120.47505
2021-4-24 17:8:19,9.891
2021-4-24 17:8:19,23.56263,120.47508
2021-4-24 17:8:21,9.891
2021-4-24 17:8:21,23.56266,120.47511
2021-4-24 17:8:22,9.910
2021-4-24 17:8:22,23.56269,120.47513
2021-4-24 17:8:24,9.917
2021-4-24 17:8:24,23.56273,120.47515
2021-4-24 17:8:25,9.926
2021-4-24 17:8:25,23.56276,120.47517
2021-4-24 17:8:27,9.946
2021-4-24 17:8:27,23.56279,120.47519
2021-4-24 17:8:28,9.955
2021-4-24 17:8:28,23.56283,120.47521
2021-4-24 17:8:30,9.991
2021-4-24 17:8:30,23.56286,120.47524
2021-4-24 17:8:31,10.030
2021-4-24 17:8:31,23.56290,120.47526
2021-4-24 17:8:33,10.044
2021-4-24 17:8:33,23.56294,120.47528
2021-4-24 17:8:34,10.075
2021-4-24 17:8:34,23.56297,120.47531
2021-4-24 17:8:36,10.075
2021-4-24 17:8:36,23.56300,120.47533
2021-4-24 17:8:37,10.046
2021-4-24 17:8:37,23.56303,120.47535
2021-4-24 17:8:39,10.045
2021-4-24 17:8:39,23.56307,120.47537
2021-4-24 17:8:40,10.062
2021-4-24 17:8:40,23.56310,120.47540
2021-4-24 17:8:42,10.066
2021-4-24 17:8:42,23.56313,120.47542
2021-4-24 17:8:43,10.074
2021-4-24 17:8:43,23.56317,120.47544
2021-4-24 17:8:45,10.091
2021-4-24 17:8:45,23.56320,120.47547
2021-4-24 17:8:46,10.127
2021-4-24 17:8:46,23.56324,120.47550
2021-4-24 17:8:48,10.150
2021-4-24 17:8:48,23.56327,120.47552
2021-4-24 17:8:49,10.178
2021-4-24 17:8:49,23.56331,120.47555
2021-4-24 17:8:51,10.205
2021-4-24 17:8:51,23.56334,120.47558
2021-4-24 17:8:52,10.209
2021-4-24 17:8:52,23.56338,120.47560
2021-4-24 17:8:54,10.214
2021-4-24 17:8:54,23.56341,120.47563
2021-4-24 17:8:55,10.226
2021-4-24 17:8:55,23.56344,120.47566
2021-4-24 17:8:57,10.278
2021-4-24 17:8:57,23.56347,120.47570
2021-4-24 17:8:58,10.312
2021-4-24 17:8:58,23.56351,120.47573
2021-4-24 17:9:0,10.357
2021-4-24 17:9:0,23.56355,120.47576
2021-4-24 17:9:1,10.391
2021-4-24 17:9:1,23.56359,120.47578
2021-4-24 17:9:3,10.425
2021-4-24 17:9:3,23.56363,120.47581
2021-4-24 17:9:4,10.461
2021-4-24 17:9:4,23.56366,120.47584
2021-4-24 17:9:6,10.483
2021-4-24 17:9:6,23.56370,120.47587
2021-4-24 17:9:7,10.500
2021-4-24 17:9:7,23.56374,120.47590
2021-4-24 17:9:9,10.525
2021-4-24 17:9:9,23.56377,120.47593
2021-4-24 17:9:10,10.547
2021-4-24 17:9:10,23.56381,120.47596
2021-4-24 17:9:12,10.577
2021-4-24 17:9:12,23.56384,120.47599
2021-4-24 17:9:13,10.598
2021-4-24 17:9:13,23.56388,120.47602
2021-4-24 17:9:15,10.630
2021-4-24 17:9:15,23.56392,120.47605
2021-4-24 17:9:16,10.654
2021-4-24 17:9:16,23.56395,120.47609
2021-4-24 17:9:18,10.690
2021-4-24 17:9:18,23.56400,120.47611
2021-4-24 17:9:19,10.726
2021-4-24 17:9:19,23.56404,120.47614
2021-4-24 17:9:21,10.757
2021-4-24 17:9:21,23.56408,120.47618
2021-4-24 17:9:22,10.777
2021-4-24 17:9:22,23.56411,120.47620
2021-4-24 17:9:24,10.795
2021-4-24 17:9:24,23.56415,120.47623
2021-4-24 17:9:25,10.812
2021-4-24 17:9:25,23.56418,120.47627
2021-4-24 17:9:27,10.834
2021-4-24 17:9:27,23.56422,120.47630
2021-4-24 17:9:28,10.851
2021-4-24 17:9:28,23.56426,120.47633
2021-4-24 17:9:30,10.878
2021-4-24 17:9:30,23.56430,120.47636
2021-4-24 17:9:31,10.926
2021-4-24 17:9:31,23.56434,120.47640
2021-4-24 17:9:33,10.953
2021-4-24 17:9:33,23.56438,120.47643
2021-4-24 17:9:34,10.993
2021-4-24 17:9:34,23.56442,120.47647
2021-4-24 17:9:36,11.002
2021-4-24 17:9:36,23.56445,120.47650
2021-4-24 17:9:37,11.017
2021-4-24 17:9:37,23.56448,120.47654
2021-4-24 17:9:39,11.019
2021-4-24 17:9:39,23.56452,120.47657
2021-4-24 17:9:40,11.023
2021-4-24 17:9:40,23.56455,120.47661
2021-4-24 17:9:42,11.025
2021-4-24 17:9:42,23.56458,120.47665
2021-4-24 17:9:43,11.027
2021-4-24 17:9:43,23.56461,120.47668
2021-4-24 17:9:45,11.033
2021-4-24 17:9:45,23.56464,120.47671
2021-4-24 17:9:46,11.031
2021-4-24 17:9:46,23.56467,120.47675
2021-4-24 17:9:48,11.036
2021-4-24 17:9:48,23.56470,120.47678
2021-4-24 17:9:49,11.038
2021-4-24 17:9:49,23.56473,120.47681
2021-4-24 17:9:51,11.035
2021-4-24 17:9:51,23.56476,120.47684
2021-4-24 17:9:52,11.032
2021-4-24 17:9:52,23.56479,120.47687
2021-4-24 17:9:54,11.021
2021-4-24 17:9:54,23.56482,120.47690
2021-4-24 17:9:55,11.008
2021-4-24 17:9:55,23.56485,120.47692
2021-4-24 17:9:57,10.994
2021-4-24 17:9:57,23.56488,120.47695
2021-4-24 17:9:58,2.767
2021-4-24 17:9:58,23.56442,120.47719
2021-4-24 17:10:0,8.119
2021-4-24 17:10:0,23.56430,120.47732
2021-4-24 17:10:1,8.084
2021-4-24 17:10:1,23.56427,120.47738
2021-4-24 17:10:3,8.044
2021-4-24 17:10:3,23.56425,120.47740
2021-4-24 17:10:4,8.070
2021-4-24 17:10:4,23.56424,120.47743
2021-4-24 17:10:6,7.606
2021-4-24 17:10:6,23.56423,120.47746
2021-4-24 17:10:7,7.397
2021-4-24 17:10:7,23.56421,120.47748
2021-4-24 17:10:9,7.523
2021-4-24 17:10:9,23.56419,120.47751
2021-4-24 17:10:10,7.928
2021-4-24 17:10:10,23.56417,120.47754
2021-4-24 17:10:12,8.098
2021-4-24 17:10:12,23.56415,120.47757
2021-4-24 17:10:13,8.110
2021-4-24 17:10:13,23.56413,120.47760
2021-4-24 17:10:15,8.034
2021-4-24 17:10:15,23.56411,120.47762
2021-4-24 17:10:16,8.116
2021-4-24 17:10:16,23.56409,120.47765
2021-4-24 17:10:18,8.095
2021-4-24 17:10:18,23.56407,120.47768
2021-4-24 17:10:19,8.051
2021-4-24 17:10:19,23.56406,120.47771
2021-4-24 17:10:21,8.359
2021-4-24 17:10:21,23.56403,120.47775
2021-4-24 17:10:22,8.510
2021-4-24 17:10:22,23.56401,120.47779
2021-4-24 17:10:24,8.608
2021-4-24 17:10:24,23.56398,120.47782
2021-4-24 17:10:25,8.554
2021-4-24 17:10:25,23.56396,120.47785
2021-4-24 17:10:27,8.401
2021-4-24 17:10:27,23.56393,120.47787
2021-4-24 17:10:28,8.351
2021-4-24 17:10:28,23.56391,120.47790
2021-4-24 17:10:30,8.277
2021-4-24 17:10:30,23.56389,120.47792
2021-4-24 17:10:31,8.256
2021-4-24 17:10:31,23.56387,120.47795
2021-4-24 17:10:33,8.274
2021-4-24 17:10:33,23.56385,120.47797
2021-4-24 17:10:34,8.262
2021-4-24 17:10:34,23.56383,120.47799
2021-4-24 17:10:36,8.270
2021-4-24 17:10:36,23.56380,120.47802
2021-4-24 17:10:37,8.215
2021-4-24 17:10:37,23.56377,120.47804
2021-4-24 17:10:39,8.185
2021-4-24 17:10:39,23.56374,120.47805
2021-4-24 17:10:40,8.218
2021-4-24 17:10:40,23.56372,120.47807
2021-4-24 17:10:42,8.264
2021-4-24 17:10:42,23.56368,120.47809
2021-4-24 17:10:43,8.283
2021-4-24 17:10:43,23.56365,120.47811
2021-4-24 17:10:45,8.304
2021-4-24 17:10:45,23.56362,120.47813
2021-4-24 17:10:46,8.337
2021-4-24 17:10:46,23.56360,120.47815
2021-4-24 17:10:48,8.428
2021-4-24 17:10:48,23.56356,120.47817
2021-4-24 17:10:49,8.516
2021-4-24 17:10:49,23.56353,120.47819
2021-4-24 17:10:51,8.550
2021-4-24 17:10:51,23.56349,120.47822
2021-4-24 17:10:52,8.577
2021-4-24 17:10:52,23.56346,120.47823
2021-4-24 17:10:54,8.589
2021-4-24 17:10:54,23.56343,120.47826
2021-4-24 17:10:55,8.607
2021-4-24 17:10:55,23.56340,120.47828
2021-4-24 17:10:57,8.605
2021-4-24 17:10:57,23.56338,120.47829
2021-4-24 17:10:58,8.609
2021-4-24 17:10:58,23.56335,120.47831
2021-4-24 17:11:0,8.615
2021-4-24 17:11:0,23.56332,120.47834
2021-4-24 17:11:1,8.643
2021-4-24 17:11:1,23.56329,120.47836
2021-4-24 17:11:3,8.667
2021-4-24 17:11:3,23.56326,120.47838
2021-4-24 17:11:4,8.709
2021-4-24 17:11:4,23.56323,120.47841
2021-4-24 17:11:6,8.734
2021-4-24 17:11:6,23.56320,120.47843
2021-4-24 17:11:7,8.746
2021-4-24 17:11:7,23.56317,120.47846
2021-4-24 17:11:9,8.782
2021-4-24 17:11:9,23.56315,120.47849
2021-4-24 17:11:10,8.816
2021-4-24 17:11:10,23.56312,120.47851
2021-4-24 17:11:12,8.862
2021-4-24 17:11:12,23.56309,120.47854
2021-4-24 17:11:13,8.874
2021-4-24 17:11:13,23.56306,120.47857
2021-4-24 17:11:15,8.901
2021-4-24 17:11:15,23.56303,120.47859
2021-4-24 17:11:16,8.911
2021-4-24 17:11:16,23.56300,120.47862
2021-4-24 17:11:18,8.915
2021-4-24 17:11:18,23.56297,120.47864
2021-4-24 17:11:19,8.889
2021-4-24 17:11:19,23.56295,120.47867
2021-4-24 17:11:21,8.938
2021-4-24 17:11:21,23.56290,120.47868
2021-4-24 17:11:22,8.946
2021-4-24 17:11:22,23.56287,120.47869
2021-4-24 17:11:24,8.904
2021-4-24 17:11:24,23.56284,120.47872
2021-4-24 17:11:25,8.865
2021-4-24 17:11:25,23.56282,120.47874
2021-4-24 17:11:27,8.744
2021-4-24 17:11:27,23.56281,120.47876
2021-4-24 17:11:28,8.692
2021-4-24 17:11:28,23.56279,120.47877
2021-4-24 17:11:30,8.683
2021-4-24 17:11:30,23.56276,120.47879
2021-4-24 17:11:31,8.672
2021-4-24 17:11:31,23.56273,120.47881
2021-4-24 17:11:33,8.667
2021-4-24 17:11:33,23.56271,120.47883
2021-4-24 17:11:34,8.653
2021-4-24 17:11:34,23.56268,120.47885
2021-4-24 17:11:36,8.644
2021-4-24 17:11:36,23.56266,120.47887
2021-4-24 17:11:37,8.631
2021-4-24 17:11:37,23.56263,120.47889
2021-4-24 17:11:39,8.596
2021-4-24 17:11:39,23.56261,120.47891
2021-4-24 17:11:40,8.582
2021-4-24 17:11:40,23.56259,120.47893
2021-4-24 17:11:42,8.568
2021-4-24 17:11:42,23.56256,120.47895
2021-4-24 17:11:43,8.559
2021-4-24 17:11:43,23.56254,120.47897
2021-4-24 17:11:45,8.570
2021-4-24 17:11:45,23.56250,120.47898
2021-4-24 17:11:46,8.540
2021-4-24 17:11:46,23.56247,120.47899
2021-4-24 17:11:48,8.526
2021-4-24 17:11:48,23.56245,120.47901
2021-4-24 17:11:49,8.513
2021-4-24 17:11:49,23.56243,120.47903
2021-4-24 17:11:51,8.507
2021-4-24 17:11:51,23.56241,120.47905
2021-4-24 17:11:52,8.501
2021-4-24 17:11:52,23.56238,120.47907
2021-4-24 17:11:54,8.497
2021-4-24 17:11:54,23.56236,120.47909
2021-4-24 17:11:55,8.493
2021-4-24 17:11:55,23.56233,120.47911
2021-4-24 17:11:57,8.486
2021-4-24 17:11:57,23.56230,120.47913
2021-4-24 17:11:58,8.483
2021-4-24 17:11:58,23.56228,120.47915
2021-4-24 17:12:0,8.476
2021-4-24 17:12:0,23.56225,120.47917
2021-4-24 17:12:1,8.489
2021-4-24 17:12:1,23.56222,120.47918
2021-4-24 17:12:3,8.491
2021-4-24 17:12:3,23.56219,120.47920
2021-4-24 17:12:4,8.480
2021-4-24 17:12:4,23.56216,120.47922
2021-4-24 17:12:6,8.476
2021-4-24 17:12:6,23.56214,120.47924
2021-4-24 17:12:7,8.472
2021-4-24 17:12:7,23.56211,120.47925
2021-4-24 17:12:9,8.469
2021-4-24 17:12:9,23.56209,120.47927
2021-4-24 17:12:10,8.457
2021-4-24 17:12:10,23.56207,120.47929
2021-4-24 17:12:12,8.444
2021-4-24 17:12:12,23.56204,120.47931
2021-4-24 17:12:13,8.431
2021-4-24 17:12:13,23.56202,120.47933
2021-4-24 17:12:15,8.421
2021-4-24 17:12:15,23.56200,120.47935
2021-4-24 17:12:16,8.406
2021-4-24 17:12:16,23.56197,120.47936
2021-4-24 17:12:18,8.375
2021-4-24 17:12:18,23.56195,120.47937
2021-4-24 17:12:19,8.309
2021-4-24 17:12:19,23.56194,120.47938
2021-4-24 17:12:22,8.302
2021-4-24 17:12:22,23.56217,120.47768
2021-4-24 17:12:24,8.300
2021-4-24 17:12:24,23.56216,120.47768
2021-4-24 17:12:25,8.297
2021-4-24 17:12:25,23.56216,120.47769
2021-4-24 17:12:27,8.294
2021-4-24 17:12:27,23.56216,120.47771
2021-4-24 17:12:28,8.284
2021-4-24 17:12:28,23.56213,120.47773
2021-4-24 17:12:30,8.283
2021-4-24 17:12:30,23.56210,120.47775
2021-4-24 17:12:31,8.265
2021-4-24 17:12:31,23.56209,120.47775
2021-4-24 17:12:33,8.247
2021-4-24 17:12:33,23.56210,120.47776
2021-4-24 17:12:34,8.226
2021-4-24 17:12:34,23.56213,120.47776
2021-4-24 17:12:36,8.207
2021-4-24 17:12:36,23.56215,120.47777
2021-4-24 17:12:37,8.191
2021-4-24 17:12:37,23.56216,120.47778
2021-4-24 17:12:39,8.190
2021-4-24 17:12:39,23.56215,120.47780
2021-4-24 17:12:40,8.188
2021-4-24 17:12:40,23.56214,120.47782
2021-4-24 17:12:42,8.186
2021-4-24 17:12:42,23.56213,120.47784
2021-4-24 17:12:43,8.184
2021-4-24 17:12:43,23.56211,120.47785
2021-4-24 17:12:45,8.181
2021-4-24 17:12:45,23.56210,120.47787
2021-4-24 17:12:46,8.174
2021-4-24 17:12:46,23.56209,120.47789
2021-4-24 17:12:48,8.169
2021-4-24 17:12:48,23.56207,120.47790
2021-4-24 17:12:49,8.164
2021-4-24 17:12:49,23.56205,120.47792
