lati,long,Gyro,Gear,Rate,Pressure,Heartbeat,Temp
23.56359,120.47607,-2.810674846625767,1.0,0.038,2.4986322188449845,72.0,30.096615384615387
23.56359,120.47607,-2.829079754601227,1.0,0.038,2.1231692307692303,61.59327217125382,30.160540540540538
23.56359,120.47607,-2.1749846153846155,1.0,0.04601,2.4572307692307693,58.0,29.99636923076923
23.56359,120.47607,-0.18171779141104283,1.0,0.04466,4.659753846153847,58.0,30.06647239263804
23.56359,120.47607,0.22622807017543856,1.0,0.04331,4.9465889212828,58.0,30.08
23.56359,120.47607,0.01282674772036474,1.0,0.04196,4.912340425531914,27.6,30.137173252279634
23.56359,120.47607,-0.056000000000000015,1.0,0.04061,4.869230769230771,20.0,30.12015384615385
23.56359,120.47607,-0.5636923076923076,1.0,0.03926,6.140923076923077,25.006134969325153,30.08
23.56359,120.47607,-1.302439024390244,1.0,0.05078000000000001,6.196307692307691,51.8780487804878,30.08
23.56359,120.47607,-1.6790184049079755,1.0,0.047480000000000015,5.877981651376146,63.230769230769226,30.08
23.56359,120.47607,-2.0306748466257662,1.0,0.04418,6.372883435582822,59.116207951070336,30.100981595092026
23.56359,120.47607,-2.5,1.0,0.04088000000000001,6.4306748466257675,67.20183486238533,30.156238532110088
23.56359,120.47607,-2.9,1.0,0.02067,5.533333333333332,60.618902439024396,30.08629179331307
23.56359,120.47607,-3.1801840490797546,1.0,0.02022,5.438307692307693,52.0,30.168358662613983
23.56359,120.47607,-3.364723926380368,1.0,0.01977,5.264862385321101,51.0703363914373,30.17
23.56359,120.47607,-3.536666666666666,1.0,0.01932,4.969110429447853,33.63914373088685,30.17
23.56359,120.47607,-3.476963190184049,1.0,0.01887,5.125535168195719,57.89846153846154,30.17
23.56359,120.47607,-3.4254294478527614,1.0,0.01842,5.162269938650307,61.0,30.17
23.56359,120.4760898,-3.4473636363636366,1.0,-0.012720000000000004,5.034316109422492,61.0,30.117981651376148
23.56359,120.4760868,-3.460092024539878,1.0,-0.008520000000000003,5.023957055214724,52.67682926829268,30.12431610942249
23.56359,120.4760838,-3.5072699386503063,1.0,-0.0043200000000000035,4.499417177914111,66.36697247706422,30.13328220858896
23.56359,120.4760808,-3.163211009174312,1.0,-0.00012000000000000378,4.90262996941896,68.20183486238533,30.08
23.56359,120.4760511,-1.44680981595092,1.0,-0.034190000000000005,8.085,59.907692307692315,30.057846153846157
23.56359,120.4760526,1.1626506024096384,1.0,-0.02354,9.460920245398771,66.48012232415903,30.01972972972973
23.56359,120.4760541,2.11144578313253,1.0,-0.012890000000000007,7.767349397590362,60.771771771771775,30.163944954128443
23.56359,120.47605560000002,0.3949090909090909,1.0,-0.002239999999999999,9.366697247706421,60.0,30.08137614678899
23.56359,120.4760571,-2.8567692307692307,1.0,0.008409999999999997,8.79596923076923,58.527607361963184,29.999054878048774
23.56359,120.4760586,-3.9097953216374264,1.0,0.01906,5.604198250728862,30.920245398773005,30.060263157894735
23.5635702,120.47607,-4.585384615384616,1.0,-0.06829999999999997,4.581538461538461,30.0,30.08
23.5635732,120.47607,-6.64834862385321,1.0,-0.04279999999999998,4.5629447852760725,30.0,30.02495412844037
23.563576200000007,120.47607,-7.319417177914111,1.0,-0.01729999999999998,6.235153374233128,23.2,30.03776073619632
23.563579200000007,120.47607,-5.0530182926829275,1.0,0.008200000000000013,9.124723926380367,37.43558282208589,30.0392923076923
23.5636,120.4760522,-3.7882461538461536,1.0,-0.009910000000000028,11.590273556231004,54.1829268292683,29.99
23.5636,120.4760552,-2.7342507645259935,1.0,0.022939999999999964,10.72846153846154,69.88957055214722,30.015871559633023
23.5636,120.4760582,-2.457784615384616,1.0,0.05578999999999998,5.027492354740061,75.8159509202454,30.061446153846152
23.5636,120.4760612,-2.771630769230769,1.0,0.08863999999999998,4.492116564417177,61.0,29.99
23.5636,120.4760642,0.1132926829268297,1.0,0.12148999999999997,4.567560975609756,61.0,29.99
23.5636,120.4760672,-2.6801840490797537,1.0,0.15434,6.099263803680983,61.0,29.99
23.5635802,120.47609000000003,-4.186564417177913,1.0,0.18818000000000007,7.544969325153373,61.0,29.910458715596327
23.5635832,120.47609000000003,-4.18474006116208,1.0,0.22088000000000002,7.28504587155963,61.0,29.9
23.563586200000007,120.47609000000003,-3.990276073619632,1.0,0.25358,5.214815950920244,25.298461538461535,29.96507692307692
23.5635892,120.47609000000003,-4.906196319018405,1.0,0.28628000000000003,4.379846153846153,20.0,29.932201834862386
23.5636011,120.4760811,-4.725030674846626,1.0,0.42845,5.293730886850152,27.085889570552148,29.95052147239264
23.5636026,120.4760826,-3.000246153846154,1.0,0.4427,9.276,49.55384615384615,29.99
23.5636041,120.4760841,-3.34,1.0,0.45695,8.676,61.0,29.99
23.5636056,120.4760856,-4.418711656441718,1.0,0.4712,2.4605487804878043,46.54601226993865,29.961288343558277
23.5636071,120.4760871,-3.745569230769231,1.0,0.48545,3.66,42.01846153846154,29.9
23.5636086,120.4760886,0.1221951219512195,1.0,0.4997,5.035015384615384,61.0,29.9
23.56362,120.4761,0.3417073170731707,1.0,0.5347399999999999,5.719327217125382,61.0,29.89233128834356
23.56362,120.4761,-0.551042944785276,1.0,0.5458399999999999,4.727692307692307,54.96319018404908,29.80030674846625
23.56362,120.4761,-0.7919653179190752,1.0,0.55694,5.180462427745665,21.653179190751445,29.8
23.56362,120.4761,0.1918769230769232,1.0,0.56804,6.150338461538462,44.19653179190752,29.8
23.5636111,120.4760911,-1.0614024390243901,1.0,0.53998,7.395426829268291,75.45121951219512,29.737439024390245
23.5636126,120.4760926,-2.8455963302752294,1.0,0.5576800000000001,4.804092307692307,65.83180428134555,29.71
23.5636141,120.4760941,-2.827507692307692,1.0,0.57538,5.715398773006135,61.0,29.66209230769231
23.5636156,120.4760956,-2.107278287461773,1.0,0.59308,9.028282208588955,61.0,29.660733944954124
23.5636171,120.4760971,-1.3850613496932516,1.0,0.61078,6.701042944785276,61.0,29.676595092024538
23.5636186,120.4760986,-0.9983076923076926,1.0,0.62848,4.477692307692308,40.23926380368097,29.593692307692308
23.5632934,120.47581300000003,-0.493030303030303,1.0,-20.82494,4.495828220858896,36.01223241590214,29.53
23.5633444,120.475858,-0.5384848484848485,1.0,-17.55404,5.826666666666664,70.83841463414635,29.51773006134969
23.5633954,120.475903,-1.6341717791411043,1.0,-14.28314,5.074307692307693,58.07339449541284,29.43
23.5634464,120.475948,-1.1545398773006135,1.0,-11.01224,4.214097859327217,52.81927710843373,29.43
23.5637911,120.4761621,-1.1820481927710846,1.0,10.41021,4.970421686746989,76.0,29.43
23.5637926,120.4761786,-0.9224159021406728,1.0,10.62186,5.380307692307693,76.0,29.5082874617737
23.5637941,120.4761951,-1.2201846153846154,1.0,10.83351,4.276533742331289,35.941538461538464,29.459538461538457
23.5637956,120.47621160000003,-2.1473333333333327,1.0,11.045160000000001,4.204545454545454,29.0,29.43
23.5637971,120.4762281,-3.6780981595092026,1.0,11.25681,5.3218461538461534,30.3677811550152,29.43
23.5637986,120.4762446,-5.0332,1.0,11.46846,3.6141538461538465,47.88615384615385,29.389015384615387
23.563711000000005,120.4763502,-5.221406727828746,1.0,12.78594,5.321472392638036,59.0,29.37385321100917
23.563726,120.4763532,-7.317791411042944,1.0,12.83004,5.875243902439025,46.59384615384615,29.403496932515335
23.563741000000007,120.4763562,-8.31042944785276,1.0,12.87414,3.6515030674846622,41.91743119266055,29.359325153374233
23.563756,120.4763592,-6.966871165644173,1.0,12.91824,7.093680981595093,59.59327217125382,29.43
23.5638155,120.4763533,-6.494545454545455,1.0,13.02909,5.2090000000000005,55.20731707317074,29.43
23.563822999999992,120.4763578,-6.969512893982808,1.0,13.06194,4.280515759312321,52.0,29.43
23.5638305,120.4763623,-5.660216049382717,1.0,13.09479,4.758765432098765,52.0,29.43
23.563838,120.4763668,-5.437300613496932,1.0,13.12764,4.3557668711656445,32.43692307692308,29.43
23.5638455,120.4763713,-5.784615384615384,1.0,13.16049,5.41159021406728,68.75229357798165,29.43
23.563853,120.47637580000003,-5.966134969325154,1.0,13.193340000000003,6.6664,60.552147239263796,29.43
23.563811,120.47637040000002,-5.426194690265486,1.0,12.874739999999997,6.294306784660766,57.24615384615385,29.43
23.563826,120.47637640000002,-3.3861538461538454,1.0,12.960839999999997,6.497846607669617,64.50295857988166,29.393254437869818
23.563841,120.4763824,-2.1265443425076453,1.0,13.04694,7.106923076923077,60.40061162079511,29.367522935779814
23.563856,120.4763884,-3.230552147239264,1.0,13.13304,3.3994785276073616,60.424615384615386,29.43
23.5639066,120.47641219999997,-4.15079754601227,1.0,13.49771,4.970552147239264,70.63803680981596,29.43
23.563915600000005,120.4764152,-6.8825,1.0,13.53686,4.619753846153847,53.0,29.42394495412844
23.563924600000007,120.47641819999997,-6.679174311926605,1.0,13.57601,4.318318042813456,50.353846153846156,29.341376146788992
23.5639336,120.4764212,-8.982909090909091,1.0,13.61516,4.308844984802431,34.148936170212764,29.421692307692307
23.5639426,120.4764242,-6.942153846153847,1.0,13.65431,4.003374233128833,53.297872340425535,29.356139817629177
23.5639516,120.4764272,-5.65140243902439,1.0,13.693460000000004,3.881676829268293,54.0,29.34
23.563921,120.4764104,-5.17,1.0,13.810819999999996,3.87159509202454,36.33230769230769,29.34
23.563936,120.4764164,-4.748098159509203,1.0,13.838119999999996,3.969693251533742,50.04281345565749,29.34
23.563950999999992,120.4764224,-5.422638036809817,1.0,13.865419999999997,4.015815384615384,52.512269938650306,29.295552147239263
23.563966,120.4764284,-5.781636904761905,1.0,13.89272,4.006584615384616,69.7076923076923,29.28670694864048
23.5640344,120.4764344,-3.686913580246913,1.0,14.02771,4.001492537313433,72.73731343283583,29.34
23.564040400000007,120.4764404,-0.6275,1.0,14.03686,3.9538461538461536,56.0,29.34
23.5640464,120.4764464,-5.8775,1.0,14.04601,4.001737804878049,51.0,29.34
23.5640524,120.4764524,-2.8324539877300614,1.0,14.05516,3.993742331288345,47.14678899082569,29.34
23.5640584,120.4764584,-3.1857120980091884,1.0,14.06431,3.960265654648957,34.12116564417178,29.34
23.5640644,120.4764644,-3.911592649310873,1.0,14.07346,3.943187855787477,41.94325153374233,29.34
23.564030799999994,120.476411,-4.130061349693251,1.0,14.19646,3.969938650306749,49.765337423312886,29.265784615384614
23.564042799999992,120.476426,-5.286092307692307,1.0,14.188360000000003,4.02680981595092,77.67177914110428,29.25
23.5640548,120.476441,-5.37819018404908,1.0,14.180260000000004,4.066687116564417,64.74233128834356,29.25
23.564066799999992,120.476456,-5.657208588957055,1.0,14.17216,4.268312883435583,52.91076923076923,29.25
23.5641144,120.4765244,-6.183895705521474,1.0,13.892609999999998,4.361192660550459,68.32415902140673,29.25
23.564120400000007,120.4765304,-4.394969325153374,1.0,13.930259999999997,4.312760736196319,68.21846153846154,29.211625766871162
23.5641264,120.4765364,-2.907076923076923,1.0,13.96791,4.193415384615385,60.00613496932516,29.191292307692308
23.5641324,120.4765424,-1.7552439024390245,1.0,14.00556,4.548996960486322,59.83180428134556,29.25
23.5641384,120.4765484,-0.06125748502994013,1.0,14.043209999999997,4.040960960960961,61.668711656441715,29.233832335329343
23.5641444,120.4765544,-0.6989820359281436,1.0,14.08086,4.55638036809816,62.0059880239521,29.16
23.564091,120.47650100000003,-4.805337423312884,1.0,14.08584,4.013435582822086,59.29969418960245,29.16
23.564106,120.476516,-5.846748466257669,1.0,14.12844,4.290733944954128,61.0,29.16
23.564121,120.476531,-1.0614723926380367,1.0,14.17104,4.472324159021406,61.0,29.084355828220858
23.564136,120.47654600000003,-1.2160000000000002,1.0,14.21364,4.627784615384615,48.24923076923076,29.138676923076922
23.5642044,120.4766144,-1.5901829268292684,1.0,14.47429,4.632066869300912,74.26524390243902,29.098810975609755
23.564210400000007,120.4766204,-1.4557186544342509,1.0,14.48014,4.7092,62.90825688073394,29.07
23.5642164,120.4766264,-3.6946461538461537,1.0,14.48599,4.846330275229357,57.0,29.116523076923077
23.5642224,120.4766324,-6.608353658536586,1.0,14.49184,5.361559633027523,57.0,29.16
23.5642284,120.4766384,-9.343036809815953,1.0,14.49769,4.765692307692307,38.94461538461539,29.12825153374233
23.5642344,120.4766444,-10.580800000000002,1.0,14.50354,4.5842024539877295,35.8159509202454,29.09464615384615
23.5642008,120.4766108,-10.404894259818729,1.0,14.67076,4.2915060240963845,54.63414634146341,29.142598187311176
23.564212800000007,120.4766228,-9.652628398791538,1.0,14.652159999999997,4.411846153846153,57.6,29.07
23.5642248,120.4766348,-15.624831804281344,1.0,14.63356,4.458,72.50461538461539,29.071661538461537
23.564236800000007,120.4766468,-18.332307692307687,1.0,14.61496,4.3114417177914115,63.58103975535168,29.154738461538457
23.5642755,120.47669440000003,-15.765321100917433,1.0,14.375640000000002,4.198312883435583,49.0,29.16
23.564283,120.4767004,-15.325969924812028,1.0,14.39424,4.311443066516347,49.0,29.14886507549927
23.5642905,120.4767064,-16.540631578947366,1.0,14.41284,4.344137542277339,49.72812617348855,29.135713589868487
23.564298,120.4767124,-17.755293233082707,1.0,14.431440000000004,4.376832018038331,50.51671047690574,29.1225621042377
23.5643055,120.4767184,-18.969954887218044,1.0,14.45004,4.409526493799324,51.30529478032295,29.10941061860692
23.564313,120.47672440000002,-20.18461654135338,1.0,14.46864,4.442220969560315,52.09387908374015,29.096259132976133
23.564271000000005,120.4766908,-21.39927819548872,1.0,14.352599999999997,4.474915445321308,52.88246338715734,29.08310764734535
23.564286,120.4767028,-22.61393984962406,1.0,14.391599999999997,4.507609921082301,53.671047690574525,29.06998231653404
23.564301000000007,120.4767148,-23.8286015037594,1.0,14.430599999999997,4.540304396843291,54.45963199399174,29.06467727674624
23.564316,120.4767268,-25.04326315789473,1.0,14.469599999999996,4.572998872604284,55.24821629740894,29.059372236958446
23.5643755,120.4767744,-25.112024971799762,1.0,14.62341,4.578405616710103,55.99019760385872,29.054067197170642
23.5646008,120.47699,-5.280923076923078,1.0,0.10396,1.1168923076923074,23.723926380368095,28.276
23.56458,120.4769811,-2.333650793650796,1.0,0.08345000000000001,4.159762532981531,51.33333333333332,28.24
23.56458,120.47698260000003,45.27652307692306,1.0,0.08270000000000001,5.586604938271606,52.81333333333332,28.24
23.56458,120.4769841,-23.037727272727277,1.0,0.08195,5.16355614973262,49.38532110091743,28.256166219839137
23.56458,120.4769856,14.414144385026733,1.0,0.0812,4.979064171122995,61.0,28.32855227882037
23.56458,120.4769871,-8.457392638036811,1.0,0.08045,5.057553516819572,59.665644171779135,28.24908256880733
23.56458,120.4769886,-35.43666666666667,1.0,0.0797,5.206869070208729,32.97852760736197,28.276912442396313
23.5645998,120.4770198,-58.574915514592924,1.0,0.09974,5.275180265654649,44.854294478527606,28.318387096774188
23.5645968,120.4770168,-49.058637059724354,1.0,0.09584,5.353295454545456,58.197852760736204,28.33
23.5645938,120.4770138,-13.182679938744249,1.0,0.09194,5.591931818181817,61.0,28.33
23.5645908,120.4770108,-11.078066465256796,1.0,0.08804,5.7297280966767365,61.0,28.33
23.5645611,120.47699,-43.16704,1.0,0.01828,5.95408,44.40157480314961,28.33
23.5645626,120.47699,-17.662385321100917,1.0,0.025479999999999992,5.835460122699387,35.669724770642205,28.34568807339449
23.5645641,120.47699,4.521100917431191,1.0,0.03268,5.600842105263158,58.32,28.40575197889182
23.5645656,120.47699,-13.865963060686019,1.0,0.03988,5.142947368421053,69.20316622691293,28.26327176781002
23.5645671,120.47699,0.8118153846153896,1.0,0.04708,4.510061349693252,53.37203166226912,28.309507692307687
23.5645686,120.47699,14.511694656488547,1.0,0.05428,6.3468380462724925,59.51829268292682,28.361053435114503
23.5645998,120.4769702,15.04299236641221,1.0,-0.11672,9.44709511568123,61.0,28.402274809160303
23.5645968,120.4769732,6.802776073619631,1.0,-0.08252000000000001,12.1875,61.0,28.42
23.5645938,120.4769762,-14.413481595092026,1.0,-0.04831999999999999,10.380681818181818,66.95092024539878,28.42
23.5645908,120.4769792,-23.99180981595092,1.0,-0.014120000000000006,7.824,76.15337423312883,28.35429447852761
23.56457,120.477,-5.620241935483871,1.0,0.11175000000000004,4.37911528150134,70.31182795698925,28.26256064690027
23.56457,120.477,-53.063790322580644,2.0,0.1305,3.4622252010723864,54.70731707317074,28.331332436069985
23.56457,120.477,-46.84284848484849,2.0,0.14925000000000002,5.204939353099729,59.614141414141415,28.34950201884253
23.56457,120.477,-34.87921212121212,2.0,0.168,8.283780323450134,49.715151515151526,28.367671601615072
23.56457,120.477,-22.915575757575752,2.0,0.18675,11.36262129380054,39.816161616161615,28.385841184387615
23.56457,120.477,-10.95193939393939,2.0,0.2055,14.44146226415094,29.91717171717172,28.40401076716016
23.5645898,120.47698020000003,1.0116969696969704,2.0,0.0430799999999999,20.50554924242424,20.018181818181823,28.415030674846623
23.5645868,120.4769832,-11.166416539050536,2.0,0.08927999999999997,15.65895833333333,16.29032258064516,28.37361963190184
23.5645838,120.4769862,-24.526294027565086,2.0,0.13547999999999993,10.812367424242424,38.87096774193548,28.332208588957048
23.5645808,120.4769892,28.345476923076923,2.0,0.18167999999999998,5.557914110429448,60.83870967741935,28.33
23.5645689,120.47701,14.961720430107533,2.0,0.40855,3.605860215053763,52.7741935483871,28.33
23.5645674,120.47701,-9.698532110091744,2.0,0.4243,4.893343558282208,61.049079754601216,28.381349693251526
23.5645659,120.47701,-6.398875502008032,3.0,0.44005,6.767681159420289,65.0,28.42
23.5645644,120.47701,-10.001285140562247,3.0,0.4558,9.690386473429951,62.3,28.42
23.5645629,120.47701,-13.603694779116465,3.0,0.47155,12.613091787439613,56.3,28.418343558282206
23.5645614,120.47701,-4.785521472392641,3.0,0.4873,9.483521850899743,51.47872340425532,28.376932515337426
23.5645698,120.47699020000003,5.834110429447852,3.0,0.1516,6.101773778920308,55.5820668693009,28.335521472392635
23.5645668,120.47699320000002,-2.755909090909091,3.0,0.2206,6.405796178343951,59.68541033434651,28.33
23.5645638,120.4769962,-19.578636363636363,3.0,0.2896,9.528089171974525,54.493883792048926,28.33
23.5645608,120.47699920000002,-11.584879518072285,3.0,0.3586,12.244457831325303,48.530581039755354,28.33
23.5645489,120.4770111,27.456935483870968,3.0,0.66078,10.870911528150135,38.17414248021108,28.33
23.5645474,120.4770126,56.424128440366985,3.0,0.69048,6.928220858895704,38.60550458715596,28.33
23.5645459,120.4770141,-17.562822580645157,3.0,0.72018,4.653225806451613,60.68,28.34669354838709
23.5645444,120.4770156,-6.554758064516129,3.0,0.74988,7.008064516129032,85.0,28.419274193548382
23.5645429,120.4770171,-3.8523312883435583,3.0,0.7795799999999999,9.970613496932515,81.5137614678899,28.33800613496932
23.5645414,120.4770186,-3.069777777777777,3.0,0.80928,11.773888888888887,26.46788990825689,28.360148331273173
23.5645498,120.4770102,-2.336444444444445,4.0,0.6607799999999997,7.940555555555555,33.66254635352287,28.39352286773795
23.5645468,120.47701319999997,-1.595245398773006,4.0,0.7174799999999999,4.107222222222223,42.56242274412856,28.42
23.5645438,120.4770162,-0.6473926380368097,4.0,0.7741799999999999,3.690981595092025,44.14769230769232,28.42
23.5645408,120.4770192,-1.0458588957055217,4.0,0.83088,6.791559633027521,34.80368098159509,28.417239263803683
23.564528900000006,120.4770311,-1.8830153846153852,4.0,0.97747,9.03193846153846,57.78048780487806,28.334417177914105
23.5645274,120.4770326,-4.96219512195122,4.0,1.01902,5.671472392638036,65.0,28.40792682926829
23.564525900000007,120.4770341,-145.02285714285716,4.0,1.06057,3.963128834355828,65.0,28.349107692307687
23.564524400000007,120.4770356,-204.92797822706063,5.0,1.10212,3.856594564614531,35.40909090909091,28.393
23.564522900000007,120.4770371,-165.89065318818044,5.0,1.14367,4.778391569606211,27.274220032840724,28.42
23.564521400000007,120.4770386,-126.85332814930017,5.0,1.18522,5.700188574597893,23.99014778325123,28.42
23.564549599999992,120.47703020000003,-87.8160031104199,5.0,1.1584599999999998,6.621985579589573,20.706075533661735,28.42
23.5645436,120.47703320000002,-48.778678071539645,5.0,1.2103599999999999,7.543782584581255,17.42200328407225,28.42
23.5645376,120.4770362,-9.74135303265939,5.0,1.26226,8.465579589572934,14.13793103448276,28.42
23.5645316,120.47703920000002,22.124285714285715,5.0,1.3141599999999998,8.307942857142857,10.853858784893264,28.42
23.5644989,120.4770511,13.024478527607362,5.0,1.5262599999999997,4.510733944954128,58.49846153846153,28.42
23.5644974,120.4770526,3.1139776357827476,5.0,1.5511599999999999,3.2722018348623854,81.0,28.462
23.5644959,120.4770541,1.228194888178913,6.0,1.5760599999999998,4.436312659303312,76.48590660496424,28.52
23.5644944,120.47705560000003,-0.6575878594249196,6.0,1.60096,5.1601869158878495,67.14640302902819,28.52
23.5644929,120.4770571,-2.5433706070287543,6.0,1.6258599999999999,5.884061172472387,57.80689945309212,28.52
23.5644914,120.4770586,-4.429153354632588,6.0,1.65076,6.607935429056924,48.467395877156086,28.52
23.5645394,120.47707,-6.3149361022364205,6.0,1.4657800000000003,7.3318096856414625,39.12789230122002,28.52
23.5645304,120.47707,-8.200718849840255,6.0,1.5224800000000003,8.055683942225999,29.78838872528397,28.52
23.5645214,120.47707,-10.086501597444087,6.0,1.5791800000000003,8.779558198810534,20.44888514934792,28.52
23.5645124,120.47707,-11.972284345047923,6.0,1.6358800000000002,11.451989903239376,11.109381573411866,28.52
23.5644589,120.4770611,-11.600243902439024,6.0,1.93733,11.727126630206143,35.77064220183486,28.483496932515333
23.5644574,120.4770626,-10.869195402298848,6.0,1.95278,10.162171428571428,63.0,28.446571428571435
23.5644559,120.4770641,-11.688160919540229,6.0,1.96823,3.6293063583815015,53.313725490196084,28.50795518207283
23.5644544,120.4770656,-15.852134831460676,6.0,1.98368,8.280168539325842,28.26162790697674,28.42392156862745
23.5644529,120.47706710000003,-23.846860465116283,6.0,1.99913,8.606114285714284,57.040697674418595,28.42
23.5644514,120.4770686,-43.16191011235954,6.0,2.01458,5.7896358543417366,71.25714285714285,28.42
23.5644598,120.4770602,520.6513953488372,6.0,1.9142000000000003,6.116,61.65714285714286,28.474069767441858
23.5644568,120.4770632,1048.6220903954802,6.0,1.9472,9.611652173913043,50.57142857142857,28.479428571428567
23.5644538,120.4770662,35.08706051873199,6.0,1.9802,9.910683760683762,57.2,28.396410256410256
23.5644508,120.4770692,22.27438040345821,6.0,2.0132000000000003,3.3378612716763008,68.85714285714286,28.33
23.564447800000007,120.47707220000002,14.56914040114613,6.0,2.03196,11.748971428571426,54.0,28.33
23.564444800000008,120.4770752,11.055413105413104,6.0,2.06736,11.2444,54.0,28.4048717948718
23.564441800000008,120.4770782,9.742542857142858,6.0,2.10276,5.820742857142857,33.35714285714286,28.358028571428566
23.5644388,120.4770812,8.166666666666666,6.0,2.13816,4.522905982905983,48.12,28.33
23.5644358,120.4770842,5.113858695652174,6.0,2.17356,11.702393162393161,57.0,28.33
23.5644328,120.47708720000003,1.5418318318318316,6.0,2.20896,7.647692307692307,44.81196581196581,28.33
23.5644298,120.4770902,2.7940840840840835,6.0,2.21466,7.560540540540541,26.0,28.33
23.5644268,120.47709319999997,3.4923142857142855,6.0,2.25456,9.21008547008547,26.0,28.33
23.5644238,120.4770962,1.4504829545454545,6.0,2.2944600000000004,6.982057142857142,26.0,28.404102564102562
23.5644208,120.4770992,-0.24251428571428574,6.0,2.33436,9.841794871794871,21.097142857142856,28.487806267806267
23.5644178,120.4771111,-1.6146,6.0,2.5309000000000004,12.504971428571427,44.87749287749288,28.52
23.5644148,120.4771126,-1.9505084745762715,6.0,2.5444000000000004,10.379257142857142,52.24285714285713,28.52
23.5644118,120.4771141,0.6726589595375722,6.0,2.5579000000000005,3.081960227272728,56.1,28.54237142857143
23.5644088,120.4771156,-0.5758959537572254,6.0,2.5714,8.020800000000001,69.0,28.61
23.5644058,120.4771171,-2.46974358974359,6.0,2.5849,6.595555555555555,64.91168091168092,28.61
23.5644028,120.4771186,-3.2699715099715094,6.0,2.5984,7.248399999999998,29.86894586894587,28.61
23.5644196,120.47713,-2.611862464183381,6.0,2.4832000000000005,8.017122507122506,28.0,28.61
23.5644136,120.47713,-2.7285714285714286,6.0,2.5162000000000004,7.577647058823528,28.0,28.65689075630252
23.5644076,120.47713,-3.5514613180515764,6.0,2.5492000000000004,3.4179831932773115,39.31976744186047,28.7
23.5644016,120.47713,-1.6559090909090908,6.0,2.5822,11.636395348837214,50.76,28.742857142857147
23.56436,120.4771033,-2.815,6.0,2.74603,10.5282905982906,53.182336182336186,28.872674418604646
23.56436,120.4771078,-1.881744186046512,6.0,2.75698,4.6716279069767435,58.55428571428571,28.794186046511623
23.56436,120.4771123,-2.2016,6.0,2.76793,10.625428571428573,73.12571428571428,28.716971428571423
23.56436,120.4771168,-3.200228571428571,6.0,2.77888,11.82225714285714,59.49714285714285,28.76017142857143
23.56436,120.4771213,-3.1417142857142855,6.0,2.78983,6.537114285714287,56.0,28.742685714285717
23.56436,120.4771258,-2.344615384615384,6.0,2.80078,7.059971428571429,56.0,28.734457142857146
23.5643996,120.4771402,-3.2882,6.0,2.6820399999999998,11.098119658119655,42.085470085470085,28.79
23.5643936,120.47714319999997,-1.9082,6.0,2.7126399999999995,4.507114285714286,27.794285714285714,28.79
23.5643876,120.4771462,-1.7006285714285712,6.0,2.7432399999999997,10.695771428571428,56.91142857142857,28.79
23.5643816,120.47714920000003,-1.6509016393442622,6.0,2.7738399999999994,10.277692307692307,56.05428571428571,28.79
23.5643489,120.4771611,-0.9491369047619048,6.0,2.8658500000000005,8.534871794871796,56.0,28.84974358974359
23.5643474,120.47716260000003,-0.2649714285714285,6.0,2.8861000000000003,9.243931623931624,56.65714285714285,28.833333333333325
23.5643459,120.4771641,0.19600000000000006,6.0,2.90635,10.26957264957265,51.358974358974365,28.82368571428571
23.5643444,120.4771656,1.8604857142857143,6.0,2.9266,2.966085714285714,56.32,28.88
23.5643429,120.4771671,2.3490571428571427,6.0,2.9468500000000004,11.394102564102564,67.68,28.87202857142857
23.5643414,120.4771686,-0.7270571428571428,6.0,2.9671,6.470171428571429,48.32,28.794885714285712
23.564349800000006,120.47716020000003,-2.937863247863248,6.0,3.06952,9.069344729344728,72.32,28.862257142857146
23.564346800000006,120.47716320000002,-3.418205128205128,6.0,3.07732,9.853667621776506,74.0,28.8209375
23.564343800000007,120.4771662,-2.2618051575931233,6.0,3.0851200000000003,7.217571428571428,44.03428571428572,28.836160458452724
23.564340800000007,120.47716920000002,-0.7505128205128205,6.0,3.0929200000000003,6.729000000000001,42.1994301994302,28.846666666666664
23.5643378,120.47717219999997,-0.9177714285714283,6.0,3.05533,9.178742857142856,53.46,28.769685714285714
23.5643348,120.4771752,-1.9292,6.0,3.07078,4.861485714285715,50.32,28.707310924369747
23.5643318,120.47717819999997,-0.8668067226890755,6.0,3.0862299999999996,10.743820224719101,55.0,28.782941176470587
23.5643288,120.4771812,-1.6987209302325583,6.0,3.1016799999999995,10.318600000000002,55.0,28.718837209302322
23.5643258,120.4771842,-0.79,6.0,3.11713,6.767142857142857,36.07428571428571,28.758628571428567
23.5643228,120.4771872,1.0053488372093025,6.0,3.13258,6.692828571428572,31.0,28.79
23.5643396,120.4771902,1.3585714285714283,6.0,3.08962,9.975685714285712,29.49142857142857,28.79
23.5643336,120.47719319999997,0.9874011299435026,6.0,3.11392,4.862,34.06798866855524,28.79
23.5643276,120.4771962,1.1738418079096045,6.0,3.13822,6.557252124645892,51.29310344827585,28.79
23.5643216,120.4771992,-0.6103458213256485,6.0,3.16252,6.329828571428571,73.57142857142858,28.79
23.56428,120.4771933,-1.9850285714285716,6.0,3.28294,5.028091168091168,56.42857142857143,28.718771428571426
23.56428,120.47719780000003,-3.8506,6.0,3.29104,5.10039886039886,57.35714285714285,28.758371428571426
23.56428,120.4772023,-5.189176136363637,6.0,3.29914,5.439257142857144,56.71794871794872,28.79
23.56428,120.4772068,-5.302963988919666,6.0,3.30724,5.2164,55.502857142857145,28.757692307692302
23.56428,120.4772113,-5.7443620178041535,6.0,3.31534,10.7,52.173789173789174,28.68060344827586
23.56428,120.4772158,-4.337833827893175,6.0,3.32344,10.678571428571427,52.63142857142857,28.61
23.5642998,120.4772104,-2.1918465909090905,6.0,3.23452,6.055609065155807,72.15999999999998,28.61
23.5642968,120.4772164,0.6164285714285718,6.0,3.2573199999999995,5.502857142857144,48.16,28.680714285714284
23.5642938,120.4772224,1.5558974358974362,6.0,3.28012,7.514886363636365,46.0,28.7
23.5642908,120.47722839999997,1.1234188034188033,6.0,3.30292,18.884204545454544,46.0,28.655255681818183
23.5642878,120.47725220000002,1.7069340974212035,6.0,3.39247,14.827277936962751,33.222857142857144,28.641719197707733
23.5642848,120.4772552,4.669830508474576,6.0,3.40402,3.016400000000002,33.20797720797721,28.68123943661972
23.5642818,120.4772582,4.04271186440678,6.0,3.41557,11.88137142857143,57.79714285714286,28.614942196531796
23.5642788,120.4772612,2.945129682997118,6.0,3.42712,14.548914285714284,56.4,28.69297687861272
23.5642758,120.4772642,2.732592592592592,6.0,3.43867,6.5648424068767905,47.82857142857143,28.7
23.5642728,120.4772672,3.3549714285714285,6.0,3.45022,6.425356125356124,65.52991452991452,28.7
23.5642698,120.4772108,3.3075350140056017,6.0,3.21328,15.459544159544157,71.0,28.74336134453781
23.5642668,120.4772228,1.9981976744186043,6.0,3.26248,1.0806722689075627,50.23714285714286,28.729825581395346
23.5642638,120.4772348,1.519666666666667,6.0,3.3116799999999995,11.323837209302324,28.0,28.61
23.5642608,120.4772468,-0.9136666666666668,6.0,3.36088,7.9064,27.605714285714285,28.61
23.564257800000007,120.47731219999997,-0.2656011730205278,6.0,3.59609,11.058064516129033,28.435897435897438,28.61
23.564254800000008,120.4773152,-0.6237142857142857,6.0,3.61394,12.145,66.8974358974359,28.61
23.564251800000008,120.47731819999997,0.5345714285714285,6.0,3.63179,7.751999999999998,52.622857142857136,28.553428571428565
23.5642458,120.4773242,1.806011396011396,6.0,3.66749,9.932307692307694,64.28,28.52
23.5642428,120.4773272,-1.1378753541076487,6.0,3.68534,3.769428571428572,57.0,28.537948717948716
23.5642398,120.477251,-2.999065155807365,6.0,3.3992600000000004,3.657542372881356,51.38176638176639,28.605114285714286
23.5642368,120.477266,-5.53270893371758,6.0,3.4631600000000002,5.137052023121387,29.40857142857143,28.527971428571426
23.5642338,120.477281,-7.816799999999998,6.0,3.5270600000000005,5.057428571428572,54.26571428571428,28.52
23.5642308,120.477296,-7.617464788732395,6.0,3.5909600000000004,9.446816901408452,56.247887323943665,28.57552112676056
23.5642189,120.47736440000003,-6.36329479768786,6.0,3.8916,17.804563380281692,56.0,28.567217391304347
23.5642174,120.4773704,-5.316971428571429,6.0,3.9156,11.9692,56.0,28.52
23.5642159,120.4773764,-0.8179320113314446,6.0,3.9396,3.102114285714286,43.66666666666668,28.52
23.5642144,120.4773824,1.3832011331444756,6.0,3.9636,10.82705714285714,24.091428571428565,28.52
23.5642129,120.47738840000002,-0.4525072046109513,6.0,3.9876,12.944771428571427,47.28,28.52
23.5642114,120.4773944,0.4509142857142858,6.0,4.0116,6.453971428571428,71.28,28.52
23.5642198,120.47736080000003,2.940769230769231,6.0,3.87324,6.776809116809116,51.96,28.457714285714285
23.5642168,120.4773728,4.954257142857143,6.0,3.92184,13.87082621082621,64.74857142857142,28.42
23.5642108,120.4773968,2.305423728813559,6.0,4.01904,12.536371428571426,46.0,28.33
23.5643947,120.4771329,-0.2708474576271187,6.0,-0.5959599999999999,8.171771428571427,43.4,28.334358974358974
23.5643602,120.47719140000002,-0.20177650429799426,6.0,0.23864000000000016,11.168275862068963,32.6,28.411282051282054
23.5643257,120.4772499,0.69621776504298,6.0,1.0732399999999997,12.401363636363635,44.6,28.42
23.5642912,120.4773084,1.1149019607843138,6.0,1.90784,9.587443820224719,67.07954545454545,28.42
23.5642567,120.4773669,1.2142732558139535,6.0,2.74244,5.028455056179776,56.96,28.42
23.5642222,120.4774254,1.1758571428571427,6.0,3.57704,12.217142857142855,50.19142857142857,28.452857142857145
23.564039200000007,120.47783039999997,-0.6201966292134833,6.0,9.4349,2.416420454545454,61.76068376068376,28.52
23.564027200000005,120.47783639999997,-0.22412921348314607,6.0,9.5084,10.202735042735041,72.63428571428571,28.516011396011397
23.564015200000007,120.47784239999997,-1.8841907514450869,6.0,9.581900000000001,6.016848137535817,57.0,28.43054131054131
23.564003200000005,120.47784839999997,-1.8514285714285716,6.0,9.6554,9.11099715099715,57.0,28.495142857142852
23.5639378,120.4778811,-1.8372285714285717,6.0,10.433779999999999,10.672114285714287,57.0,28.52
23.5639348,120.4778826,-1.5435714285714284,6.0,10.38848,8.083542857142858,39.51714285714286,28.561914285714284
23.5639318,120.4778841,-0.17974358974358973,6.0,10.343179999999998,6.295384615384616,40.42,28.580942857142855
23.5639288,120.4778856,-0.8464507042253522,6.0,10.29788,7.39403409090909,55.0,28.52
23.5639258,120.4778871,0.7422816901408451,6.0,10.252579999999998,3.977150997150997,50.028571428571425,28.52
23.5639228,120.4778886,1.1711304347826084,6.0,10.20728,5.6691379310344825,26.0,28.52
23.563979200000006,120.4779,-0.740685714285714,6.0,12.40136,5.910914285714286,26.0,28.52
23.563967200000008,120.4779,-2.3077142857142854,6.0,12.01676,4.810228571428571,27.485714285714288,28.52
23.5639612,120.4779,-2.580709483002166,5.0,11.82446,4.313085714285714,40.64285714285714,28.540828571428573
23.5639552,120.4779,-2.853704680290046,4.0,11.63216,3.815942857142857,53.8,28.561657142857147
23.563943200000008,120.4779,-3.452913645352669,4.0,11.24756,4.7801755669348935,64.44356578001438,28.61
23.5638867,120.4779089,-4.052122610415293,4.0,8.855119999999998,5.3134601316752015,52.150251617541336,28.61
23.5638822,120.4779074,-4.651331575477917,4.0,8.808919999999999,5.8467446964155085,39.85693745506829,28.61
23.5638777,120.4779059,-5.250540540540541,4.0,8.76272,6.380029261155816,27.563623292595246,28.61
23.5638732,120.47790440000003,-6.092964601769912,4.0,8.71652,6.200729927007298,15.270309130122214,28.61
23.5638687,120.4779029,-5.873239074550129,4.0,8.67032,5.687113402061856,39.71834625322997,28.61
23.5638642,120.4779014,-4.925692307692307,4.0,8.624119999999998,6.754123711340206,55.97872340425532,28.61
23.5638894,120.47789,-4.761957186544342,4.0,8.643259999999998,6.886923076923077,60.0,28.61
23.5638804,120.47789,-2.1267692307692307,4.0,8.587159999999999,4.685337423312884,48.31288343558281,28.61
23.5638714,120.47789,-1.3537078651685395,3.0,8.531059999999998,4.5336697247706415,39.54573170731707,28.61
23.5638624,120.47789,-1.7244943820224716,3.0,8.474959999999998,4.953719512195122,61.0,28.611146112600533
23.5638267,120.47789890000003,-2.0952808988764047,3.0,8.103799999999998,5.52079268292683,61.0,28.629242627345835
23.5638222,120.4778974,-2.4660674157303366,3.0,8.100799999999998,6.087865853658537,61.0,28.647339142091152
23.5638177,120.4778959,-2.836853932584269,3.0,8.097799999999998,6.654939024390244,61.0,28.66543565683646
23.5638132,120.4778944,-3.2076404494382023,3.0,8.094799999999998,7.222012195121952,61.0,28.683532171581767
23.5638087,120.4778929,-2.8118666666666674,3.0,8.091800000000001,4.824912868632708,50.85411140583555,28.7
23.5638042,120.4778914,-0.36277922077922087,3.0,8.0888,6.768886010362694,10.270557029177715,28.7
23.563829400000007,120.4779394,-0.7499693251533742,3.0,8.614460000000001,7.10180981595092,10.0,28.7
23.563820400000008,120.4779304,-1.796288343558282,3.0,8.531360000000001,4.864846625766871,24.53211009174312,28.64064417177914
23.563811400000006,120.47792139999997,-2.3930886850152904,3.0,8.448260000000001,6.3163803680981605,57.715596330275226,28.662018348623853
23.563802400000007,120.4779124,-2.7370552147239264,3.0,8.365160000000001,8.920674846625767,69.0,28.744861538461535
23.5637667,120.4778589,-2.4814110429447855,3.0,7.776539999999998,7.687546012269939,45.23853211009174,28.75229357798165
23.5637622,120.4778574,-3.1772727272727272,3.0,7.7786399999999984,3.837584097859328,53.09174311926606,28.730275229357797
23.5637577,120.4778559,-1.8344171779141103,3.0,7.780739999999998,6.59223926380368,81.0,28.79
23.5637532,120.4778544,-2.4676470588235295,3.0,7.782839999999998,6.346441717791411,81.0,28.80490797546012
23.5637487,120.4778529,-2.291176470588235,3.0,7.784939999999998,3.946716417910448,67.32448377581122,28.872588235294117
23.5637442,120.4778514,-1.2627384615384616,3.0,7.787039999999998,6.433493975903615,20.0,28.793176470588236
23.5637496,120.4778796,-2.122987804878049,3.0,7.76934,6.4194512195121956,20.276923076923076,28.948532110091737
23.5637436,120.47787360000002,-1.4749999999999999,3.0,7.7744399999999985,4.165321100917431,29.507692307692306,28.97
23.5637376,120.4778676,-0.6900306748466258,3.0,7.779539999999998,5.702392638036809,44.76452599388379,28.97
23.5637316,120.4778616,-1.407914110429448,3.0,7.784639999999999,6.083374233128835,59.61349693251534,28.912477064220187
23.563707800000007,120.4778734,-2.4276146788990824,3.0,7.72299,4.455828220858896,61.58282208588956,28.88
23.563704800000007,120.47786439999997,-2.7260736196319018,3.0,7.73934,3.466564417177913,61.0,28.83678899082569
23.563701800000008,120.47785539999998,-2.954294478527607,3.0,7.75569,5.794785276073621,61.0,28.825889570552143
23.5636988,120.4778464,-2.7530461538461535,3.0,7.77204,4.919325153374233,42.760000000000005,28.8512
23.5636958,120.4778374,-3.166067073170732,3.0,7.78839,6.144495412844037,22.0,28.768323170731705
23.5636928,120.4778284,-2.6086746987951805,3.0,7.80474,6.313048780487804,24.087349397590366,28.7
23.5637492,120.4777996,-2.211084337349397,3.0,7.263719999999998,4.352477341389728,33.535384615384615,28.7
23.563737199999995,120.4777936,-1.8234355828220856,3.0,7.364519999999998,6.394923547400612,51.0,28.7
23.5637252,120.4777876,-3.2504518072289157,3.0,7.46532,6.3874096385542165,50.04833836858006,28.62054054054054
23.563713199999995,120.4777816,-3.735076923076923,3.0,7.566119999999998,4.564938271604937,31.015105740181266,28.537723076923076
23.5636567,120.4777667,-4.18348623853211,3.0,8.142180000000002,6.372844036697248,69.20245398773005,28.52
23.5636522,120.4777622,-4.672307692307693,3.0,8.162880000000001,6.542055214723927,75.0,28.52
23.5636477,120.4777577,-3.7451063829787232,3.0,8.183580000000001,4.953170731707316,43.26747720364742,28.46407294832827
23.5636432,120.4777532,-2.0199693251533746,3.0,8.20428,4.2490825688073395,49.363076923076925,28.467692307692303
23.5636387,120.4777487,-1.5081846153846155,3.0,8.22498,8.203211009174312,54.993865030674854,28.444233128834355
23.5636342,120.4777442,-1.4374311926605503,3.0,8.24568,4.467155963302753,63.015290519877674,28.39042813455657
23.5636396,120.47776940000003,-2.747900874635568,3.0,8.4723,6.158830769230771,71.46153846153847,28.52
23.5636336,120.4777604,-1.7245772594752184,3.0,8.4618,6.7315160349854235,60.12536443148687,28.533644314868802
23.5636276,120.4777514,-2.393067484662576,3.0,8.4513,4.466793002915452,58.346504559270514,28.607545454545452
23.5636216,120.4777424,-2.029483282674772,3.0,8.440800000000001,7.31483282674772,59.0609756097561,28.525727272727277
23.563606700000005,120.4776978,-2.628318042813456,3.0,8.328839999999998,7.062804878048779,49.0,28.596788990825686
23.5636022,120.47769480000002,-2.543435582822086,3.0,8.33544,4.768623853211009,78.53846153846155,28.61
23.5635977,120.4776918,-2.073251533742331,3.0,8.34204,5.0479754601227,81.0,28.61
23.563593200000007,120.47768880000002,-1.1760122699386497,3.0,8.348639999999998,6.121538461538462,42.20245398773005,28.61
23.563588700000007,120.4776858,-0.9871692307692306,3.0,8.35524,6.668623853211009,51.175384615384615,28.561815384615382
23.5635842,120.4776828,-2.8843806646525683,3.0,8.36184,10.365871559633026,61.0,28.560513595166164
23.5636094,120.47771939999997,-4.24877300613497,3.0,8.293200000000002,7.485981873111783,61.0,28.61
23.5636004,120.4777104,-1.957107692307692,3.0,8.311200000000001,2.8900307692307687,43.33846153846154,28.584523076923077
23.5635914,120.4777014,-3.409820359281437,3.0,8.329200000000002,8.454128440366972,20.0,28.52
23.5635824,120.4776924,-3.2301796407185632,3.0,8.3472,5.667147147147148,21.56756756756757,28.52
23.5635467,120.4776478,-3.825810397553517,3.0,8.496029999999998,8.119754601226996,26.0,28.521626506024095
23.5635422,120.4776448,-3.8043373493975903,3.0,8.491979999999998,7.761927710843373,26.698795180722893,28.60295180722892
23.5635377,120.4776418,-2.7228173374612994,3.0,8.487929999999999,4.361538461538461,33.9277108433735,28.533653250773998
23.5635332,120.4776388,-1.675272727272727,3.0,8.48388,4.559787878787879,58.448170731707314,28.52
23.5635287,120.4776358,-1.8035582822085887,3.0,8.479829999999998,6.012232415902141,51.06769230769232,28.52
23.5635242,120.47763280000002,-2.2466564417177914,3.0,8.47578,6.255214723926381,72.87767584097858,28.460184049079764
23.563549400000007,120.4776694,-2.48474006116208,3.0,8.415299999999998,7.035932721712538,81.0,28.518195718654432
23.563540400000008,120.4776604,-2.907423312883436,3.0,8.419799999999999,6.971712538226299,51.18461538461537,28.570676923076924
23.563531400000006,120.47765139999997,-2.884103343465046,3.0,8.424299999999999,2.7260856269113147,45.642201834862384,28.52
23.563522400000007,120.4776424,-3.213862275449101,3.0,8.4288,7.702613981762917,61.0,28.52
23.5634867,120.4775978,-4.766953846153846,3.0,8.455550000000002,6.243982035928144,56.7057057057057,28.52
23.5634822,120.4775948,-4.462338461538462,3.0,8.456300000000002,4.446976047904192,55.77064220183487,28.52
23.5634777,120.4775918,-5.378036809815951,3.0,8.45705,5.590245398773006,77.94189602446482,28.52
23.5634732,120.4775888,-4.191376146788992,3.0,8.4578,4.56474006116208,61.0,28.52
23.5634687,120.47758580000003,-4.085871559633027,3.0,8.45855,5.958466257668711,61.0,28.52
23.5634642,120.4775828,-3.8649240121580544,3.0,8.4593,6.277865853658537,50.06422018348624,28.52
23.5634894,120.47759959999998,-3.9429629629629632,3.0,8.185819999999998,6.0674074074074085,75.4390243902439,28.452012195121952
23.5634804,120.47759359999998,-4.331987767584097,3.0,8.22812,6.341192660550457,81.0,28.366330275229355
23.5634714,120.4775876,-3.8282461538461536,3.0,8.270419999999998,5.4850920245398775,81.0,28.42821538461538
23.5634624,120.4775816,-2.782378048780488,3.0,8.31272,2.6415337423312892,45.47865853658537,28.47640243902439
23.563426700000008,120.4775578,-3.1154601226993863,3.0,8.584639999999998,9.231070336391436,40.56307692307692,28.42
23.5634222,120.4775548,-3.8072321428571434,3.0,8.58824,5.682638036809816,61.0,28.42
23.5634177,120.4775518,-3.704461538461538,3.0,8.591839999999998,6.4764776119402985,61.0,28.42
23.5634132,120.4775488,-3.150615384615384,3.0,8.59544,6.519907692307693,53.795107033639134,28.42
23.563408700000007,120.4775458,-3.3354054054054054,3.0,8.59904,4.5930421686747,34.44108761329305,28.42
23.5634042,120.47754280000002,-3.184601226993865,3.0,8.60264,6.587889908256881,60.0,28.42
23.5634492,120.4775794,-3.193895705521472,3.0,8.515160000000002,5.977760736196319,60.0,28.34568807339449
23.563437199999992,120.4775704,-4.074006116207952,3.0,8.532560000000002,5.74159509202454,33.302752293577974,28.396880733944954
23.5634252,120.47756139999997,-4.675090909090909,3.0,8.54996,6.514,30.0,28.42
23.563413199999992,120.4775524,-4.181042944785276,3.0,8.56736,5.211100917431192,30.0,28.42
23.5633567,120.47751670000002,-3.311896024464832,3.0,8.585650000000001,4.075015290519878,49.7530487804878,28.46892966360856
23.5633522,120.4775122,-3.005076452599388,3.0,8.6029,6.6254740061162085,59.886153846153846,28.52
23.5633477,120.4775077,-3.018282208588957,3.0,8.62015,4.093363914373088,60.90825688073394,28.487278287461777
23.5633432,120.4775032,-2.954954128440366,3.0,8.637400000000001,6.814525993883792,57.493902439024396,28.42
23.5633387,120.4774987,-2.405545454545454,3.0,8.65465,5.979510703363913,58.944615384615375,28.45060790273556
23.5633342,120.47749420000002,-1.9600909090909089,3.0,8.6719,6.388085106382976,81.0,28.60339449541284
23.563359400000007,120.47749959999997,-2.9919018404907978,3.0,8.704000000000002,6.8623006134969335,73.84756097560974,28.520825688073394
23.563350400000008,120.47749359999997,-2.4673088685015294,3.0,8.719000000000001,3.925889570552147,31.716923076923077,28.52
23.563341400000006,120.4774876,-2.9835168195718653,3.0,8.734000000000002,6.141284403669724,60.33230769230769,28.52
23.563332400000007,120.4774816,-2.402760736196319,3.0,8.749000000000002,5.7639449541284415,50.24770642201834,28.52
23.5633056,120.4774667,-2.730550458715596,3.0,8.78803,5.704846625766871,60.35365853658537,28.453639143730886
23.5632996,120.4774622,-4.063883792048928,3.0,8.79898,6.176441717791411,58.606153846153845,28.47828220858896
23.5632936,120.4774577,-3.4356615384615377,3.0,8.809929999999998,5.023711656441717,60.90825688073394,28.52
23.5632876,120.47745320000003,-1.1269325153374234,3.0,8.82088,1.6648159509202458,73.26993865030676,28.52
23.5632816,120.4774487,-1.2855255255255256,3.0,8.83183,6.189877300613498,71.15384615384616,28.48616314199396
23.5632756,120.4774442,-3.5979447852760726,3.0,8.842779999999998,4.219759759759759,61.0,28.42
23.563289400000006,120.4774496,-2.865875370919881,3.0,8.84284,6.188440366972477,51.359756097560975,28.43591591591592
23.563280400000007,120.4774436,-3.453412462908012,3.0,8.855439999999998,5.359166666666666,36.44444444444444,28.513920972644378
23.563271400000005,120.4774376,-2.9634461538461534,3.0,8.86804,5.80712962962963,59.0,28.42273556231003
23.5632624,120.4774316,-4.562484662576686,3.0,8.880639999999998,6.196338461538462,57.76219512195122,28.50926380368098
23.5632267,120.4774167,-4.012813455657493,3.0,8.90036,4.243394495412844,31.23780487804878,28.43896024464832
23.5632222,120.4774122,-2.513119266055046,3.0,8.91176,5.7586809815950915,57.28,28.492782874617735
23.5632177,120.4774077,-0.91659509202454,3.0,8.923159999999998,5.751896024464831,61.0,28.52
23.5632132,120.4774032,-0.4127190332326284,3.0,8.934559999999998,5.549577039274924,38.88414634146342,28.463939393939395
23.5632087,120.4773987,-1.6665644171779137,3.0,8.945959999999998,6.326380368098161,41.236363636363635,28.42
23.5632042,120.4773942,-2.6672392638036806,3.0,8.957359999999998,5.3049079754601225,65.87076923076923,28.459263803680983
23.5632492,120.4774194,-1.7220795107033637,3.0,8.925200000000002,5.909510703363914,81.0,28.52
23.5632372,120.47741040000002,-1.1387461773700307,3.0,8.943200000000001,6.473577981651376,61.698461538461544,28.52
23.5632252,120.47740140000002,0.9162996941896026,3.0,8.961200000000002,3.254430769230769,39.29051987767584,28.52
23.5632132,120.4773924,-0.34975460122699376,3.0,8.979200000000002,6.502110091743119,59.051829268292686,28.52
23.5631656,120.47735669999997,-1.4016207951070336,3.0,8.987409999999999,5.725229357798165,54.646153846153844,28.52
23.5631596,120.47735219999997,-4.114923547400612,3.0,9.00706,5.380981595092026,70.73394495412845,28.52
23.563153600000007,120.4773477,-6.556430769230768,3.0,9.02671,5.668067484662576,49.63302752293578,28.52
23.5631476,120.4773432,-6.5018960244648305,3.0,9.046360000000002,3.863374233128833,59.678899082568805,28.52
23.5631416,120.4773387,-4.732110091743119,3.0,9.066009999999999,3.547177914110429,77.24615384615385,28.453944954128442
23.5631356,120.4773342,-3.3138297872340425,3.0,9.08566,5.436748466257669,66.38226299694189,28.42
23.5631494,120.4773792,-2.662307692307692,3.0,9.042939999999998,5.5735365853658525,61.0,28.42
23.5631404,120.4773672,-2.1742469879518076,3.0,9.072039999999998,8.17109756097561,41.809815950920246,28.42
23.5631314,120.4773552,-2.637116564417178,3.0,9.10114,5.329099099099098,51.74698795180722,28.391564417177918
23.5631224,120.4773432,-4.017027027027027,3.0,9.13024,8.033455657492356,79.0,28.35081081081081
23.5630867,120.4772956,-5.206216216216217,3.0,9.270590000000002,7.122372372372372,64.19637462235649,28.407852760736198
23.5630822,120.4772896,-4.905337423312884,3.0,9.28094,3.896307692307692,36.809815950920246,28.33
23.5630777,120.4772836,-4.504545454545455,3.0,9.29129,5.494545454545454,65.75757575757575,28.33
23.5630732,120.4772776,-2.645950920245399,3.0,9.30164,5.184678899082569,57.26829268292681,28.33
23.5630687,120.4772716,-2.50217125382263,3.0,9.31199,6.9691411042944775,64.58536585365852,28.40211009174312
23.5630642,120.4772656,-4.132140672782874,3.0,9.32234,7.222538226299693,49.326153846153844,28.355122699386502
23.563089400000006,120.4772794,-5.625582822085889,3.0,9.27824,6.599723926380368,59.62385321100918,28.33
23.563080400000008,120.47727040000002,-4.325779816513761,3.0,9.29684,7.460122324159021,63.0,28.33
23.563071400000005,120.4772614,-1.2286363636363635,3.0,9.31544,6.095242424242424,45.106382978723396,28.33
23.563062400000007,120.4772524,-0.6274622356495468,3.0,9.33404,2.1225151515151515,47.66767371601208,28.33
23.5630356,120.47721669999997,-2.1800917431192657,3.0,9.372219999999999,6.567250755287009,55.640243902439025,28.33
23.5630296,120.4772122,-3.5830581039755356,3.0,9.387519999999999,6.0508868501529065,59.907692307692315,28.311559633027525
23.5630236,120.4772077,-2.2252599388379206,3.0,9.402819999999998,4.831345565749236,78.0,28.251042944785272
23.5630176,120.4772032,-1.6729447852760735,3.0,9.418119999999998,5.840461538461539,68.78048780487805,28.33
23.5630116,120.4771987,-1.3627492447129907,3.0,9.433420000000002,4.145306748466258,33.201219512195124,28.33
23.5630056,120.47719419999997,-0.9069018404907978,3.0,9.44872,5.614373088685015,60.02140672782875,28.33
23.5630194,120.4772194,-0.08963190184049073,3.0,9.4561,5.148837920489296,60.93883792048929,28.33
23.5630104,120.4772104,0.0464525993883792,3.0,9.472600000000002,6.438650306748467,61.0,28.26642201834862
23.5630014,120.47720139999997,-0.6586238532110092,3.0,9.4891,7.561467889908256,34.636923076923075,28.29614678899082
23.5629924,120.4771924,-2.2078220858895707,3.0,9.5056,6.158807339449541,64.4862385321101,28.33
23.5629656,120.4771478,-3.6667673716012086,3.0,9.539899999999998,6.514216867469879,81.0,28.288440366972477
23.5629596,120.4771448,-2.915596330275229,3.0,9.553399999999998,7.146746987951806,54.33738601823708,28.27371601208459
23.562953600000007,120.4771418,-0.8681381381381381,3.0,9.566899999999999,2.9207361963190177,43.5565749235474,28.33
23.5629476,120.4771388,-1.5008588957055216,3.0,9.5804,6.479459459459459,61.0,28.313211009174314
23.5629416,120.47713580000003,-0.6266257668711657,3.0,9.593899999999998,4.920366972477063,61.0,28.249357798165136
23.5629356,120.4771328,-1.839327217125382,3.0,9.607399999999998,7.046840490797545,54.06153846153847,28.33
23.5629692,120.47716939999998,-2.3050764525993883,3.0,9.535760000000002,6.382201834862387,23.625377643504528,28.33
23.5629572,120.4771604,-3.5754407294832826,3.0,9.562160000000002,5.687393939393939,59.87915407854985,28.40663636363637
23.5629452,120.4771514,-4.3174311926605515,3.0,9.58856,5.983272171253822,60.0,28.42
23.5629332,120.4771424,-3.8959633027522935,3.0,9.61496,4.7334862385321115,34.892307692307696,28.42
23.5628856,120.4771067,-3.4315644171779143,3.0,9.75795,4.99256880733945,30.0,28.42
23.5628796,120.4771022,-3.2035779816513767,3.0,9.7647,6.1467073170731705,30.0,28.42
23.562873600000007,120.4770977,-3.0039080459770116,3.0,9.77145,4.738170731707316,47.0414201183432,28.42
23.5628676,120.4770932,-3.4761773700305807,3.0,9.7782,7.373999999999999,60.0,28.393577981651372
23.5628616,120.4770887,-2.1033538461538455,3.0,9.78495,6.152760736196319,49.08256880733945,28.349107692307687
23.5628556,120.4770842,-1.0510461538461535,3.0,9.7917,4.090337423312883,30.0,28.39585365853659
23.5628892,120.4771094,0.7178658536585367,3.0,9.743999999999998,5.378841463414633,30.0,28.24440366972477
23.562877199999992,120.47710040000003,-0.8451987767584096,3.0,9.758999999999999,4.824831804281345,30.0,28.326972477064217
23.5628652,120.47709140000002,-1.625046153846154,3.0,9.774,6.415828220858895,29.412844036697248,28.33
23.562853199999992,120.4770824,-3.1931515151515146,3.0,9.789,6.557454545454545,14.733944954128441,28.33
23.5628056,120.4770467,-5.781865443425076,3.0,9.831590000000002,5.5150613496932515,71.34756097560975,28.26536363636363
23.5627996,120.47704220000003,-6.207546012269938,3.0,9.84194,5.251963190184049,65.06727828746178,28.2971472392638
23.5627936,120.4770377,-5.5265749235474,3.0,9.85229,4.985828220858896,61.0,28.33
23.5627876,120.4770332,-5.7704819277108435,3.0,9.86264,4.514337349397591,61.0,28.33
23.5627816,120.4770287,-5.465337423312884,3.0,9.87299,7.089638554216867,59.40060240963855,28.26093655589124
23.5627756,120.4770242,-6.498571428571429,3.0,9.88334,4.8578834355828215,54.46341463414634,28.175714285714285
23.5627894,120.4770296,-4.182996941896024,3.0,9.932299999999998,6.923125,59.75,28.24
23.5627804,120.47702360000002,-3.0729051987767577,3.0,9.936799999999998,7.168165137614679,73.76307692307692,28.230889570552147
23.562771399999992,120.4770176,-2.940764525993884,3.0,9.941299999999998,4.4511926605504595,61.0,28.15192660550458
23.5627624,120.4770116,-3.055644171779141,3.0,9.945799999999998,10.101100917431193,59.9390243902439,28.234495412844037
23.5627356,120.4769878,-4.6303669724770655,3.0,9.96543,9.71807339449541,49.09846153846153,28.162935779816507
23.5627296,120.47698479999997,-3.951498470948012,3.0,9.96738,6.119296636085627,78.63692307692307,28.15
23.5627236,120.4769818,-3.14,3.0,9.96933,6.0011656441717784,81.0,28.087522935779813
23.5627176,120.4769788,-2.470275229357798,3.0,9.97128,5.909907975460122,81.0,28.115045871559634
23.5627116,120.4769758,-1.273761467889908,3.0,9.973230000000001,6.310581039755352,39.52,28.15
23.5627056,120.4769728,-1.8326283987915408,3.0,9.975180000000002,10.539938837920488,36.53012048192771,28.15
23.562719400000006,120.47700939999997,-4.9217791411042935,3.0,9.97614,5.518006042296072,64.55045871559633,28.086146788990824
23.562710400000007,120.4770004,-5.145,3.0,9.97824,7.875999999999999,66.66769230769232,27.99457055214724
23.562701400000005,120.4769914,-4.655292307692307,3.0,9.980340000000002,6.855090909090908,59.21818181818181,28.06
23.562692400000007,120.4769824,-4.498369230769232,3.0,9.98244,4.245674846625766,74.5,28.06
23.5626567,120.4769378,-3.156585365853658,3.0,9.97208,5.891951219512195,54.316923076923075,28.06
23.5626522,120.47693480000002,-1.37159509202454,3.0,9.97628,4.249447852760737,79.22629969418959,28.06
23.5626477,120.4769318,-1.7160736196319022,3.0,9.98048,6.062507645259939,60.92660550458716,27.982660550458718
23.5626432,120.4769288,-2.3144954128440367,3.0,9.98468,6.362415902140673,49.91743119266055,27.97
23.5626387,120.4769258,-2.8246017699115047,3.0,9.988880000000002,6.907852941176471,76.07692307692307,27.97
23.5626342,120.4769228,-3.8616513761467894,3.0,9.99308,7.535015290519879,56.0,27.97
23.562698999999995,120.4769594,-4.766163141993958,3.0,9.92204,6.093945783132529,68.90184049079754,28.0139156626506
23.562684,120.4769504,-4.639384615384615,3.0,9.93764,6.5186445783132525,81.0,28.024
23.562669,120.47694139999997,-4.684024024024024,3.0,9.953240000000001,6.973076923076923,57.0644171779141,28.026756756756754
23.562654,120.4769324,-4.2783384615384605,3.0,9.96884,5.548288288288289,41.47590361445784,28.130061538461536
23.5625856,120.4768878,-3.9829538461538463,3.0,10.01114,7.147138461538462,56.8140243902439,28.08579268292683
23.5625796,120.4768848,-5.175243902439024,3.0,10.02224,5.466349693251534,55.59692307692307,28.234770642201838
23.562573600000007,120.4768818,-6.451681957186545,3.0,10.03334,7.93795107033639,81.0,28.15220183486238
23.5625676,120.4768788,-6.960615384615384,3.0,10.04444,7.464294478527607,78.66055045871559,28.15
23.5625616,120.4768758,-5.470611620795107,3.0,10.05554,5.255460122699386,31.871559633027527,28.15
23.562555600000007,120.47687280000002,-4.681620795107033,3.0,10.06664,5.529509202453987,47.72307692307693,28.15
23.562608999999995,120.47688959999998,-3.731176470588236,3.0,9.850039999999998,5.540582822085889,50.0,28.15
23.562594,120.47688359999998,-2.4368085106382975,3.0,9.895639999999998,6.42,50.0,28.201743119266055
23.562578999999992,120.4768776,-3.2136470588235286,3.0,9.941239999999999,8.58061946902655,32.120943952802364,28.28274336283185
23.562564,120.4768716,-5.921963190184049,3.0,9.98684,6.961150442477876,41.858895705521476,28.296319018404905
23.5624956,120.4768478,-6.509079754601228,3.0,10.31368,3.1079141104294474,61.0,28.26642201834862
23.5624896,120.47684480000002,-7.2453374233128836,3.0,10.31188,6.762769230769232,56.669724770642205,28.33
23.562483600000007,120.4768418,-4.171717791411043,3.0,10.31008,5.136184615384615,57.96,28.341762917933128
23.5624776,120.4768388,-5.058909090909091,3.0,10.30828,6.275666666666665,81.0,28.42
23.5624716,120.4768358,-5.954478527607361,3.0,10.30648,6.184615384615384,75.38532110091742,28.42
23.562465600000007,120.4768328,-5.347576687116565,3.0,10.30468,5.181292307692307,30.52615384615385,28.508073394495405
23.5624992,120.4768298,-4.759633027522937,3.0,10.32862,5.694061538461537,48.06461538461539,28.52
23.5624872,120.4768268,-3.008343558282209,3.0,10.32292,5.4459633027522925,49.0,28.448134556574924
23.5624752,120.4768238,-2.1095705521472388,3.0,10.31722,6.354369230769232,38.00613496932515,28.42
23.5624632,120.4768208,-2.534642857142857,3.0,10.31152,7.64486567164179,52.47720364741641,28.475319148936165
23.5624156,120.4768089,-2.1921538461538455,3.0,10.29603,6.471731343283583,60.0,28.52
23.5624096,120.4768074,-1.4859159159159159,3.0,10.29198,4.039325153374233,54.8170731707317,28.52
23.562403600000007,120.4768059,-2.476544342507645,3.0,10.28793,7.853393393393394,50.0,28.493006134969324
23.5623976,120.4768044,0.823723076923077,3.0,10.283880000000002,5.0145398773006145,42.87155963302752,28.42
23.5623916,120.4768029,0.9252615384615386,3.0,10.27983,6.21733128834356,29.0,28.44091743119267
23.5623856,120.47680140000003,1.5366666666666664,3.0,10.27578,6.353454545454546,29.86890243902439,28.607545454545452
23.5624192,120.47680979999997,0.42437308868501517,3.0,10.262819999999996,5.8495454545454555,35.50764525993884,28.525727272727277
23.562407199999992,120.47680679999998,-1.2346769230769232,3.0,10.260119999999997,6.782822085889569,51.02446483180428,28.597261538461535
23.5623952,120.47680379999997,-1.4032110091743115,3.0,10.257419999999998,5.02441717791411,54.69418960244649,28.61
23.562383199999992,120.47680079999998,-1.4189908256880732,3.0,10.254719999999997,5.9728134556574926,80.38461538461537,28.547522935779813
23.5623267,120.4767889,-2.013076923076923,3.0,10.262700000000002,7.162822085889569,66.65137614678899,28.52
23.5623222,120.4767874,-2.9152023121387285,3.0,10.258200000000002,6.2635260115606926,59.67655786350149,28.52
23.5623177,120.4767859,-4.031138461538462,3.0,10.253700000000002,7.130578034682082,53.414414414414416,28.52
23.5623132,120.47678440000003,-5.019877300613497,3.0,10.2492,6.390615384615384,53.69325153374232,28.54871165644172
23.5623087,120.4767829,-5.199018404907974,3.0,10.2447,4.385030674846625,67.57055214723927,28.61
23.5623042,120.4767814,-6.027584097859327,3.0,10.2402,6.154276923076923,74.84146341463413,28.61
23.562349200000007,120.4767898,-4.16519877675841,3.0,10.304999999999998,4.537195121951219,61.0,28.61
23.562337200000005,120.4767868,-3.7829357798165137,3.0,10.289999999999997,6.242844036697248,59.545454545454554,28.61
23.562325200000007,120.4767838,-3.505609756097561,3.0,10.274999999999999,5.635927051671732,51.330275229357795,28.61
23.562313200000006,120.4767808,-4.190244648318043,3.0,10.259999999999998,5.564509202453987,56.8348623853211,28.684311926605506
23.5622567,120.4767689,-5.58697247706422,3.0,10.22631,5.955613496932516,57.0,28.7
23.5622522,120.4767674,-5.681969230769232,3.0,10.21446,5.631165644171779,38.29051987767584,28.64
23.5622477,120.4767659,-4.691981981981982,3.0,10.20261,5.498078078078077,53.73394495412845,28.61
23.5622432,120.4767644,-3.9188073394495415,3.0,10.190760000000001,5.719355828220858,53.3141993957704,28.65432432432432
23.5622387,120.4767629,-3.206024096385542,3.0,10.17891,2.875797546012269,65.05198776758411,28.7
23.5622342,120.4767614,-2.0216257668711655,3.0,10.16706,6.735405405405404,69.65060240963855,28.727522935779813
23.562259400000006,120.47676979999997,0.5135889570552148,3.0,10.1265,3.293577981651376,60.37308868501528,28.76984662576687
23.562250400000007,120.47676679999998,1.9951840490797543,3.0,10.119,7.301415384615385,59.53846153846154,28.7
23.562241400000005,120.47676379999997,1.3923853211009172,3.0,10.1115,5.845569230769232,55.359756097560975,28.7
23.5622324,120.47676079999998,-0.17736196319018394,3.0,10.104000000000001,7.195321100917432,53.0,28.7
23.5621967,120.47674,-1.6656363636363636,3.0,10.16147,6.202978723404256,52.02121212121212,28.78091743119266
23.5621922,120.47674,-3.1859938837920487,3.0,10.143020000000002,6.858532110091743,34.74848484848485,28.643920972644377
23.5621877,120.47674,-4.1944785276073615,3.0,10.124569999999999,7.328109756097562,56.75,28.675504587155963
23.5621832,120.47674,-3.719815950920244,3.0,10.10612,5.631661538461539,59.20552147239264,28.641748466257663
23.5621787,120.47674,-3.1442647058823527,3.0,10.08767,5.203382352941177,52.02395209580839,28.658970588235295
23.5621742,120.47674,-3.3980061349693242,3.0,10.06922,6.518088235294117,67.63746223564955,28.659969325153373
23.5623974,120.47602720000002,-3.227363636363637,3.0,9.49736,3.2160736196319015,70.26829268292683,28.61
23.5623584,120.47613520000003,-3.298165137614679,3.0,9.56276,8.233293051359517,60.57575757575758,28.61
23.5623194,120.47624320000003,-1.7376687116564415,3.0,9.62816,4.277415384615384,60.338461538461544,28.61
23.5622804,120.47635120000002,-3.6793865030674846,3.0,9.69356,8.423792048929664,57.890243902439025,28.61
23.562036700000007,120.47706439999997,-3.813730886850153,3.0,10.38641,7.339422492401216,54.6123076923077,28.61
23.5620322,120.4770704,-3.859602446483181,3.0,10.34606,7.550858895705521,79.04281345565748,28.61
23.5620277,120.47707639999997,-4.583846153846154,3.0,10.30571,7.991901840490796,61.0,28.61
23.5620232,120.47708239999997,-3.2937614678899076,3.0,10.26536,4.928650306748467,61.0,28.751467889908255
23.5620187,120.47708839999997,-2.165321100917432,3.0,10.22501,7.844189602446483,61.0,28.726697247706426
23.5620142,120.47709439999997,-1.7411445783132533,3.0,10.184660000000001,7.640301204819277,51.71559633027524,28.7
23.5619998,120.4770608,-1.7951840490797542,3.0,9.43448,7.411834862385321,49.0,28.7
23.5619968,120.4770728,-2.4944578313253007,3.0,9.50168,11.74211009174312,40.100917431192656,28.66069277108433
23.5619938,120.4770848,-2.5757272727272724,3.0,9.56888,7.042228915662651,47.1178247734139,28.61
23.5619908,120.4770968,-1.7312576687116563,3.0,9.63608,8.037393939393938,60.0,28.61
23.5620056,120.4771444,-1.9429051987767585,3.0,9.8973,8.446553846153845,56.44512195121952,28.61
23.5619996,120.47715040000003,-2.924556574923548,3.0,9.9318,3.424846625766872,56.68,28.61
23.5619936,120.4771564,-2.3049847094801224,3.0,9.9663,8.170825688073393,77.11009174311928,28.61
23.5619876,120.4771624,-1.7151384615384615,3.0,10.000800000000002,6.008098159509202,57.636085626911324,28.61
23.5619816,120.4771684,-1.4614678899082567,3.0,10.0353,6.823957055214724,64.97553516819572,28.533486238532106
23.5619756,120.47717440000002,-1.7145454545454544,3.0,10.0698,6.907606060606059,50.28,28.588662613981757
23.5619696,120.4771408,-1.1599079754601227,3.0,11.17548,6.561100917431193,56.47272727272726,28.5488990825688
23.5619636,120.4771528,-0.6895870206489674,3.0,11.04768,7.185117647058823,75.53293413173651,28.52
23.5619576,120.4771648,-0.8370948012232415,3.0,10.919880000000001,9.943736600306279,63.71171171171172,28.541500765696785
23.5619516,120.47717680000002,-0.4609480122324159,3.0,10.79208,9.746186830015311,51.914110429447845,28.58284839203675
23.5619189,120.47721550000003,-0.2668,3.0,9.2919,9.54863705972435,50.073619631901835,28.61
23.5619174,120.477223,-0.7355045871559635,3.0,9.3954,6.969418960244648,53.60122699386503,28.588807339449538
23.5619159,120.4772305,0.87,3.0,9.4989,9.450061349693254,67.07361963190183,28.52
23.5619144,120.47723800000003,-0.0933027522935781,3.0,9.6024,9.080769230769231,76.32621951219512,28.52
23.5619129,120.4772455,-0.05438650306748466,3.0,9.7059,7.152966360856269,59.447852760736204,28.52
23.5619114,120.477253,-1.1058895705521472,3.0,9.8094,8.652914110429446,56.0,28.52
23.561939600000006,120.4772308,-1.2466257668711656,3.0,10.6059,5.334556574923546,56.0,28.595046153846152
23.561933600000007,120.47724280000003,-1.2935582822085887,3.0,10.6044,7.047560975609756,34.48780487804878,28.61
23.561927600000008,120.4772548,-2.04975975975976,3.0,10.6029,8.109161676646707,55.73538461538462,28.61
23.561921600000005,120.47726680000002,-2.635932721712538,3.0,10.6014,6.4918018018018016,60.27409638554217,28.557951807228918
23.5619067,120.4773144,-3.0524698795180725,3.0,10.4397,7.236465256797582,52.969418960244646,28.52
23.5619022,120.4773204,-4.202153846153846,3.0,10.4652,7.118640483383686,53.948640483383684,28.52
23.5618977,120.4773264,-4.628195718654434,3.0,10.490699999999999,2.581296296296296,70.50613496932516,28.488711656441723
23.5618932,120.4773324,-4.224481707317072,3.0,10.5162,8.788990825688074,75.06116207951072,28.399209726443768
23.5618887,120.4773384,-1.3982621951219512,3.0,10.541699999999999,4.506818181818181,60.195121951219505,28.342975460122695
23.5618842,120.4773444,-2.308374233128834,3.0,10.5672,11.457037037037036,59.99386503067484,28.42
23.5618896,120.4773108,-3.996073619631902,3.0,10.669919999999998,8.621773700305809,50.619631901840485,28.42
23.5618836,120.4773228,-3.733803680981595,3.0,10.683719999999997,7.584617737003057,62.100917431192656,28.42
23.5618776,120.4773348,-3.466104294478528,3.0,10.697519999999997,7.862293577981651,80.44954128440367,28.345736196319017
23.5618716,120.4773468,-1.6121406727828747,3.0,10.71132,4.799724770642202,63.092307692307685,28.262914110429445
23.5618567,120.4773944,-0.863002915451895,3.0,10.54445,6.3135568513119535,60.19148936170213,28.29710526315789
23.5618522,120.4774004,-1.858987730061349,3.0,10.5887,7.53908256880734,51.65982404692082,28.33
23.5618477,120.4774064,-3.4420552147239265,3.0,10.63295,5.282201834862385,56.9908256880734,28.37058282208589
23.5618432,120.4774124,-5.238929663608562,3.0,10.677200000000001,2.642215384615384,63.0,28.386492307692308
23.5618387,120.4774184,-4.410981595092024,3.0,10.72145,4.8692,49.82926829268294,28.356341463414637
23.5618342,120.4774244,-3.577446808510638,3.0,10.7657,4.527675840978593,42.96319018404908,28.40122699386503
23.561859400000007,120.4773908,-4.534893617021277,3.0,11.228720000000001,4.621107692307692,60.72560975609756,28.3415243902439
23.561850400000008,120.4774028,-2.9968501529051985,3.0,11.20952,5.614430769230768,58.48780487804878,28.41615853658537
23.561841400000006,120.4774148,-1.4317791411042946,3.0,11.19032,4.5068807339449535,52.41717791411043,28.33384146341463
23.561832400000007,120.4774268,0.2465030674846627,3.0,11.17112,6.842331288343557,56.12307692307693,28.408957055214728
23.5617878,120.4774833,-0.59920245398773,3.0,10.9846,8.730615384615382,60.73846153846154,28.42
23.5617848,120.4774878,-0.2062162162162162,3.0,10.9936,8.1502752293578,78.2560975609756,28.42
23.5617818,120.4774923,0.646565349544073,3.0,11.0026,9.752553191489362,64.82175226586102,28.364388059701493
23.5617788,120.4774968,1.342710843373494,3.0,11.0116,7.218888888888889,60.0,28.33
23.5617758,120.47750129999997,2.736932515337424,3.0,11.020600000000002,1.7233933933933925,55.88855421686746,28.33
23.5617728,120.4775058,2.9363302752293574,3.0,11.0296,10.147538461538462,53.4969512195122,28.36137614678899
23.5618094,120.477441,3.134587155963303,3.0,10.6525,4.454509202453988,56.07692307692307,28.42
23.5618004,120.477456,2.201779141104294,3.0,10.72,8.286330275229357,59.0,28.42
23.5617914,120.477471,1.355153374233129,3.0,10.7875,7.100183486238532,52.96363636363636,28.42
23.5617824,120.47748600000003,-0.20063829787234044,3.0,10.855,6.364481707317073,38.587692307692315,28.42
23.561737800000007,120.4775544,0.4333944954128441,3.0,11.31677,8.128220858895705,57.685015290519885,28.42
23.561734800000007,120.4775604,-1.5017846153846155,3.0,11.31782,5.687852760736195,64.98776758409784,28.505538461538464
23.561731800000008,120.4775664,-3.8950764525993886,3.0,11.31887,6.782944785276073,61.31804281345564,28.442629969418963
23.5617288,120.4775724,-6.066257309941519,3.0,11.31992,7.536666666666669,50.88307692307693,28.360526315789475
23.5617258,120.4775784,-6.37256880733945,3.0,11.32097,5.49525993883792,49.0,28.33
23.5617228,120.4775844,-4.671753846153846,3.0,11.32202,5.154907975460122,39.5045871559633,28.33
23.5617198,120.47753100000003,-4.221162079510704,3.0,11.48444,7.105828220858895,41.1559633027523,28.293669724770645
23.5617168,120.477546,-5.829266055045872,3.0,11.461039999999999,5.27165137614679,64.88923076923078,28.268987730061347
23.5617138,120.477561,-8.688461538461537,3.0,11.43764,10.12339449541284,85.0,28.30819018404908
23.5617108,120.47757600000003,-14.4348623853211,3.0,11.41424,8.131533742331289,67.08562691131499,28.24
23.5616989,120.4776444,-17.921100917431193,3.0,11.469160000000002,6.201533742331288,39.295384615384606,28.24
23.5616974,120.4776504,-15.866545454545452,3.0,11.432560000000002,13.00957575757576,77.88181818181818,28.24
23.5616959,120.4776564,-17.36441717791411,3.0,11.395960000000002,6.370030581039755,60.0,28.32181818181818
23.5616944,120.4776624,-15.376146788990823,3.0,11.35936,7.808435582822085,60.0,28.25568807339449
23.5616929,120.4776684,-13.84421686746988,3.0,11.32276,8.890451807228915,33.13846153846154,28.24
23.5616914,120.4776744,-12.80067484662577,3.0,11.28616,6.088674698795181,48.42771084337348,28.24
23.56168,120.47762100000003,-8.007837837837837,3.0,11.017899999999997,7.144924924924926,64.41463414634146,28.29
23.56168,120.477636,-2.52112462006079,3.0,11.016399999999997,10.74917933130699,62.850746268656714,28.28841945288753
23.56168,120.477651,-2.521896024464832,3.0,11.014899999999997,12.126079027355622,56.36923076923077,28.27395705521472
23.56168,120.47766600000003,-0.5290461538461537,3.0,11.013399999999997,2.0736697247706424,60.69724770642202,28.35677914110429
23.5616533,120.4777166,-0.2348159509202454,3.0,10.918450000000002,12.434049079754601,69.0,28.42
23.5616578,120.4777256,-0.4464723926380368,3.0,10.9327,9.393711656441715,57.84,28.4338036809816
23.5616623,120.47773460000002,-0.3504601226993865,3.0,10.94695,3.855871559633028,36.84146341463415,28.525229357798164
23.5616668,120.4777436,-0.8453939393939393,3.0,10.9612,8.166513761467892,63.0,28.607798165137606
23.5616713,120.4777526,-4.339723926380368,3.0,10.97545,6.486554878048779,61.785276073619634,28.529878048780485
23.5616758,120.4777616,-6.107415384615384,3.0,10.9897,4.215828220858896,31.417177914110425,28.439018404907973
23.561670400000008,120.477731,-6.492349570200574,3.0,11.28214,4.291146131805157,57.113149847094796,28.42
23.561676400000007,120.477746,-5.399569230769232,3.0,11.25424,6.154,61.0,28.367546012269937
23.5616824,120.477761,-3.256951219512195,3.0,11.22634,5.340674846625768,40.317073170731696,28.33
23.5616884,120.477776,-2.5769135802469134,3.0,11.19844,7.972576687116563,40.88923076923077,28.25490797546012
23.56173,120.4778444,-3.357256097560976,3.0,11.083320000000002,5.471728395061728,55.348623853211016,28.119631901840485
23.56173,120.4778504,-2.51680981595092,3.0,11.07012,4.019329268292684,69.09815950920245,28.06
23.56173,120.4778564,-4.910275229357799,3.0,11.05692,6.104969325153374,74.47692307692307,28.06
23.56173,120.4778624,-2.2955963302752287,3.0,11.04372,5.5124,60.753048780487795,28.05119266055046
23.56173,120.4778684,-1.94898773006135,3.0,11.030520000000001,5.051039755351681,59.51226993865032,27.96861963190184
23.56173,120.4778744,-0.4650920245398772,3.0,11.01732,5.312484662576687,57.57446808510638,27.88579754601227
23.561690400000007,120.477821,-0.06693939393939394,3.0,10.98234,4.606363636363636,63.957446808510646,27.88
23.5616964,120.477836,-1.5777607361963193,3.0,10.97244,4.175504587155964,61.26605504587157,27.88
23.5617024,120.477851,-3.458067484662577,3.0,10.96254,4.121196319018405,51.02453987730061,27.88
23.5617084,120.477866,-5.638468468468468,3.0,10.95264,4.145843373493976,73.12307692307692,27.88
23.56175,120.4779255,-7.38403076923077,3.0,10.893790000000001,4.075692307692307,81.0,27.83431192660551
23.56175,120.477933,-7.129663608562691,3.0,10.89214,4.389538461538462,81.0,27.79
23.56175,120.4779405,-6.7345565749235465,3.0,10.89049,4.364634146341464,50.96923076923076,27.79
23.56175,120.477948,-8.129384615384616,3.0,10.88884,4.376073619631902,36.92660550458716,27.813742331288346
23.56175,120.4779555,-7.065889570552147,3.0,10.88719,4.401717791411043,57.355828220858896,27.896564417177917
23.56175,120.477963,-5.142576687116565,3.0,10.88554,4.358466257668711,52.27076923076923,27.97
23.5617302,120.4779408,-3.5677300613496934,3.0,11.13436,4.499846153846153,62.823170731707314,27.967798165137605
23.5617332,120.4779528,-1.5511009174311925,3.0,11.09476,4.562340425531915,78.14461538461538,27.885229357798163
23.5617362,120.47796480000002,-0.685,3.0,11.05516,4.446534954407295,49.0,27.957339449541283
23.5617392,120.4779768,-1.5431626506024094,3.0,11.01556,4.496234939759037,49.0,27.97
23.5617511,120.4780244,-2.064846625766871,3.0,10.82288,4.581846153846153,49.0,28.091100917431195
23.5617526,120.4780304,-1.1996941896024464,3.0,10.80908,4.730853658536586,49.0,28.15
23.5617541,120.4780364,-0.57217125382263,3.0,10.795280000000002,4.9349079754601215,27.270769230769236,28.15
23.5617556,120.4780424,-1.649353846153846,3.0,10.78148,5.026932515337424,42.0091743119266,28.111349693251533
23.5617571,120.4780484,-3.2385454545454544,3.0,10.76768,4.762668711656442,61.0,28.09109090909091
23.5617586,120.4780544,-4.676033898305085,3.0,10.75388,5.58,61.0,28.15
23.5617502,120.4780208,-8.61162711864407,4.0,10.676719999999996,6.047370689655172,52.96311475409836,28.12860655737705
23.5617532,120.4780328,-12.199821428571427,4.0,10.672519999999999,5.513141683778233,30.2172131147541,28.017950819672127
23.5617562,120.4780448,-14.87211009174312,4.0,10.668319999999996,4.952477064220182,48.81846153846153,27.97
23.5617592,120.4780568,-16.775950920245403,4.0,10.664119999999999,4.567155963302752,53.91743119266055,28.04895705521472
23.5617711,120.4781044,-13.617321428571428,4.0,10.6617,7.795229357798164,56.08536585365854,28.15
23.5617726,120.4781104,-11.595613496932515,4.0,10.6572,10.587299703264096,68.37125748502994,28.174179104477602
23.5617741,120.4781164,-9.195075075075074,4.0,10.6527,3.2313432835820906,71.21472392638036,28.24
23.5617756,120.4781224,-4.699579579579581,4.0,10.6482,7.196415662650603,60.76576576576576,28.23339449541284
23.5617771,120.4781284,-2.614523076923077,4.0,10.6437,13.725429447852758,58.761467889908246,28.150825688073397
23.5617786,120.4781344,-3.4985626911314984,4.0,10.6392,14.756513761467888,52.32923076923076,28.15
23.56179,120.478081,-0.6404587155963304,4.0,10.64856,5.52788990825688,74.48307692307692,28.075460122699386
23.56179,120.478096,0.6693292682926829,4.0,10.641960000000001,7.270272727272727,62.45565749235474,28.12674772036474
23.56179,120.478111,0.8623170731707316,4.0,10.63536,10.233445121951217,61.0,28.15
23.56179,120.478126,1.0719018404907974,4.0,10.62876,14.309539877300612,61.0,28.15
23.5617989,120.4782033,0.4280061349693252,4.0,10.71561,7.8907361963190175,61.0,28.194587155963298
23.5617974,120.4782078,-0.5181651376146789,4.0,10.69326,3.215889570552146,35.25688073394495,28.24
23.5617959,120.4782123,-0.9160471976401182,4.0,10.67091,3.483680981595092,37.08,28.21132743362832
23.5617944,120.4782168,-0.8622208281053952,3.0,10.64856,6.750352941176471,55.589970501474916,28.15
23.5617929,120.47822129999997,-1.84465495608532,2.0,10.62621,6.372729748127979,47.0,28.152592096450093
23.5617914,120.4782258,-2.827089084065245,2.0,10.603860000000001,6.321674608577265,47.0,28.170676490288006
23.56178,120.4781808,-3.8095232120451694,2.0,10.507259999999999,6.270619469026549,47.0,28.18876088412592
23.56178,120.4781928,-4.7919573400250925,2.0,10.496159999999998,6.219564329475833,47.0,28.206845277963826
23.56178,120.4782048,-5.7743914680050175,2.0,10.485059999999997,6.16850918992512,47.0,28.224929671801736
23.56178,120.4782168,-4.658938848920864,2.0,10.473959999999998,4.71622237106497,44.589682063587276,28.24
23.56178,120.4782644,-2.8441906474820144,2.0,10.43349,4.430890823844608,37.21115776844631,28.24
23.56178,120.47827040000003,-1.0294424460431655,2.0,10.427340000000001,4.145559276624247,29.83263347330534,28.24
23.56178,120.4782764,0.7853057553956838,2.0,10.42119,3.860227729403885,22.45410917816437,28.24
23.56178,120.4782824,2.6000539568345324,2.0,10.41504,3.5748961821835232,15.075584883023396,28.24
23.56178,120.4782884,3.964070796460176,2.0,10.40889,4.447434052757794,7.697060587882426,28.24
23.56178,120.4782944,2.78343669250646,2.0,10.40274,4.389880095923261,36.44186046511628,28.24
23.56178,120.4782806,1.1672484599589323,2.0,10.42728,6.20312661498708,58.761467889908246,28.265950920245402
23.56178,120.4782896,1.6939425051334702,1.0,10.416480000000002,5.970283018867925,55.63302752293578,28.33
23.56178,120.4782986,2.220636550308008,1.0,10.405679999999998,6.019811320754717,41.87155963302752,28.33
23.56178,120.4783076,2.7473305954825467,1.0,10.394879999999999,6.069339622641509,28.110091743119263,28.33
23.5617444,120.4783611,3.0510216718266254,1.0,10.50245,3.7070804597701152,42.929012345679006,28.33
23.5617504,120.4783626,-1.2817125382262995,1.0,10.4717,5.715766871165645,70.0,28.310183486238525
23.5617564,120.4783641,-4.850519877675842,1.0,10.44095,6.418990825688074,70.0,28.24
23.5617624,120.4783656,1.4062576687116568,1.0,10.4102,4.300733944954128,59.60244648318043,28.24
23.5617684,120.47836710000003,1.591957831325301,1.0,10.37945,3.9677710843373486,24.954682779456196,28.24
23.5617744,120.4783686,1.2255521472392639,1.0,10.348700000000001,8.350245398773007,60.0,28.160766871165638
23.5618002,120.4783206,-0.20568807339449544,1.0,10.28726,9.694770642201835,60.0,28.221834862385315
23.5618032,120.47832960000002,-1.9277300613496928,1.0,10.26116,6.928348623853211,60.0,28.1752
23.561806200000007,120.4783386,-4.086391437308869,1.0,10.23506,4.645306748466258,60.0,28.09265243902439
23.5618092,120.4783476,-6.188929663608562,1.0,10.20896,5.79298780487805,28.38957055214724,28.109816513761466
23.5618122,120.47839219999997,-7.342453987730061,1.0,10.13213,7.434553846153847,15.0,28.10735384615384
23.5618152,120.4783952,-8.606909090909092,1.0,10.114580000000002,7.776092307692307,22.015243902439025,28.02460365853658
23.5618182,120.47839819999997,-11.13743119266055,1.0,10.09703,5.465166163141993,47.53353658536585,27.97
23.5618212,120.4784012,-11.926615384615385,1.0,10.07948,4.972769230769232,67.29969418960245,27.97
23.5618242,120.47840420000003,-13.44969230769231,1.0,10.06193,6.768220858895706,61.0,27.97
23.5618272,120.4784072,-14.42951070336391,1.0,10.04438,7.16348623853211,61.0,27.97
23.56185,120.4783706,-16.907400611620798,1.0,10.025839999999999,5.118348623853212,57.01834862385322,27.97
23.56185,120.4783796,-16.544049079754597,1.0,10.008439999999998,4.523975535168195,31.189024390243897,27.97
23.56185,120.4783886,-14.380181268882176,1.0,9.991040000000002,6.418484848484849,54.96951219512195,27.97
23.56185,120.4783976,-11.551349693251536,1.0,9.97364,8.538,56.0,27.905045871559636
23.5618411,120.47846,-8.218588957055212,1.0,10.16984,5.345168195718655,36.214723926380366,27.937699386503066
23.5618426,120.47846,-5.067431192660551,1.0,10.11644,4.509018404907975,31.0,27.919633027522927
23.5618441,120.47846,-3.2744036697247703,1.0,10.06304,5.544478527607362,31.0,27.92293577981651
23.5618456,120.47846,-2.9305538461538463,1.0,10.00964,5.2684049079754605,24.431192660550458,27.97
23.5618471,120.47846,-2.7956880733944955,1.0,9.95624,3.746779141104295,41.31192660550458,27.97
23.5618486,120.47846,-2.4216513761467886,1.0,9.90284,4.008929663608562,64.6923076923077,27.97
23.56186,120.4784204,-2.44,1.0,9.68906,3.972147239263805,61.0,27.983595166163138
23.56186,120.4784264,-2.430936555891239,1.0,9.65996,3.96,54.163141993957694,28.06
23.56186,120.4784324,-2.502921686746988,1.0,9.630859999999998,3.8936253776435046,33.80664652567976,28.06
23.56186,120.47843839999997,-2.359569230769231,1.0,9.601759999999999,3.8765644171779137,60.03374233128833,28.06
23.56186,120.47846220000002,-2.6983030303030304,1.0,9.51837,3.909454545454545,60.95398773006135,28.06
23.56186,120.4784652,-2.8250920245398774,1.0,9.49842,3.860092307692308,50.63636363636364,27.995636363636358
23.56186,120.4784682,-2.3001840490797547,1.0,9.47847,3.8847706422018344,71.61467889908258,27.97
23.56186,120.4784712,-1.4283486238532113,1.0,9.45852,3.8784615384615377,66.07384615384616,28.01969325153374
23.56186,120.4784742,-1.2607361963190185,1.0,9.43857,4.016605504587155,61.0,28.06
23.56186,120.4784772,-2.4019571865443425,1.0,9.41862,3.915688073394496,61.0,28.06
23.5618204,120.4784802,-3.4586018237082063,1.0,9.692699999999999,3.8266871165644174,45.40366972477064,28.06
23.5618264,120.47848319999997,-4.781625766871165,1.0,9.6282,3.998121212121212,27.0,28.079816513761468
23.5618324,120.4784862,-4.661993865030675,1.0,9.5637,4.108803680981595,28.99693251533742,28.137576687116564
23.5618384,120.4784892,-4.460920245398773,1.0,9.4992,4.160153846153846,39.56615384615385,28.054754601226993
23.5618889,120.4785011,-3.705613496932515,1.0,9.15346,4.169021406727829,61.0,27.97193251533742
23.5618874,120.4785026,-3.6317431192660554,1.0,9.136359999999998,4.222682926829268,61.0,28.131284403669724
23.5618859,120.4785041,-4.333761467889908,1.0,9.11926,4.36116564417178,61.0,28.076788990825687
23.5618844,120.4785056,-5.7267692307692295,1.0,9.10216,4.572822085889571,33.60244648318043,28.12618461538461
23.5618829,120.4785071,-6.971498470948013,1.0,9.085059999999999,4.809571865443425,46.02446483180428,28.091100917431195
23.5618814,120.4785086,-7.627584097859327,1.0,9.06796,4.8423312883435585,72.4153846153846,28.111467889908255
23.5618502,120.47850020000003,-7.220307692307693,1.0,9.3538,4.4804601226993865,68.1559633027523,28.15
23.5618532,120.4785032,-6.640642201834862,1.0,9.2908,4.7657361963190175,55.40366972477063,28.15
23.5618562,120.4785062,-8.407636363636364,1.0,9.227800000000002,4.675412844036697,51.0,28.15
23.5618592,120.4785092,-7.873253012048192,1.0,9.1648,4.404000000000001,51.0,28.15
23.56188,120.4785033,-9.300963855421687,1.0,8.752919999999998,4.269397590361446,41.845921450151046,28.162975460122695
23.56188,120.4785078,-11.930181818181817,1.0,8.74872,4.072576687116564,29.247734138972806,28.24
23.56188,120.4785123,-13.551840490797545,1.0,8.744519999999998,3.9982424242424246,60.0,28.24
23.56188,120.4785168,-12.719724770642202,1.0,8.74032,4.0286503067484665,58.68807339449541,28.24
23.56188,120.4785213,-11.32036923076923,1.0,8.736119999999998,4.027546012269938,28.412844036697248,28.24
23.56188,120.47852580000003,-10.697142857142856,1.0,8.73192,1.5142682926829265,27.0,28.24
0.0,0.0,0.0,0.0,0.0,0.0,0.0,0.0
0.0,0.0,0.0,0.0,0.0,0.0,0.0,0.0
0.0,0.0,0.0,0.0,0.0,0.0,0.0,0.0
0.0,0.0,0.0,0.0,0.0,0.0,0.0,0.0
0.0,0.0,0.0,0.0,0.0,0.0,0.0,0.0
0.0,0.0,0.0,0.0,0.0,0.0,0.0,0.0
0.0,0.0,0.0,0.0,0.0,0.0,0.0,0.0
0.0,0.0,0.0,0.0,0.0,0.0,0.0,0.0
0.0,0.0,0.0,0.0,0.0,0.0,0.0,0.0
0.0,0.0,0.0,0.0,0.0,0.0,0.0,0.0
0.0,0.0,0.0,0.0,0.0,0.0,0.0,0.0
0.0,0.0,0.0,0.0,0.0,0.0,0.0,0.0
0.0,0.0,0.0,0.0,0.0,0.0,0.0,0.0
0.0,0.0,0.0,0.0,0.0,0.0,0.0,0.0
0.0,0.0,0.0,0.0,0.0,0.0,0.0,0.0
0.0,0.0,0.0,0.0,0.0,0.0,0.0,0.0
0.0,0.0,0.0,0.0,0.0,0.0,0.0,0.0
0.0,0.0,0.0,0.0,0.0,0.0,0.0,0.0
0.0,0.0,0.0,0.0,0.0,0.0,0.0,0.0
0.0,0.0,0.0,0.0,0.0,0.0,0.0,0.0
0.0,0.0,0.0,0.0,0.0,0.0,0.0,0.0
0.0,0.0,0.0,0.0,0.0,0.0,0.0,0.0
0.0,0.0,0.0,0.0,0.0,0.0,0.0,0.0
0.0,0.0,0.0,0.0,0.0,0.0,0.0,0.0
0.0,0.0,0.0,0.0,0.0,0.0,0.0,0.0
0.0,0.0,0.0,0.0,0.0,0.0,0.0,0.0
0.0,0.0,0.0,0.0,0.0,0.0,0.0,0.0
0.0,0.0,0.0,0.0,0.0,0.0,0.0,0.0
0.0,0.0,0.0,0.0,0.0,0.0,0.0,0.0
0.0,0.0,0.0,0.0,0.0,0.0,0.0,0.0
0.0,0.0,0.0,0.0,0.0,0.0,0.0,0.0
0.0,0.0,0.0,0.0,0.0,0.0,0.0,0.0
0.0,0.0,0.0,0.0,0.0,0.0,0.0,0.0
0.0,0.0,0.0,0.0,0.0,0.0,0.0,0.0
0.0,0.0,0.0,0.0,0.0,0.0,0.0,0.0
0.0,0.0,0.0,0.0,0.0,0.0,0.0,0.0
0.0,0.0,0.0,0.0,0.0,0.0,0.0,0.0
0.0,0.0,0.0,0.0,0.0,0.0,0.0,0.0
0.0,0.0,0.0,0.0,0.0,0.0,0.0,0.0
0.0,0.0,0.0,0.0,0.0,0.0,0.0,0.0
0.0,0.0,0.0,0.0,0.0,0.0,0.0,0.0
0.0,0.0,0.0,0.0,0.0,0.0,0.0,0.0
0.0,0.0,0.0,0.0,0.0,0.0,0.0,0.0
0.0,0.0,0.0,0.0,0.0,0.0,0.0,0.0
0.0,0.0,0.0,0.0,0.0,0.0,0.0,0.0
0.0,0.0,0.0,0.0,0.0,0.0,0.0,0.0
0.0,0.0,0.0,0.0,0.0,0.0,0.0,0.0
0.0,0.0,0.0,0.0,0.0,0.0,0.0,0.0
0.0,0.0,0.0,0.0,0.0,0.0,0.0,0.0
0.0,0.0,0.0,0.0,0.0,0.0,0.0,0.0
0.0,0.0,0.0,0.0,0.0,0.0,0.0,0.0
0.0,0.0,0.0,0.0,0.0,0.0,0.0,0.0
0.0,0.0,0.0,0.0,0.0,0.0,0.0,0.0
0.0,0.0,0.0,0.0,0.0,0.0,0.0,0.0
0.0,0.0,0.0,0.0,0.0,0.0,0.0,0.0
0.0,0.0,0.0,0.0,0.0,0.0,0.0,0.0
0.0,0.0,0.0,0.0,0.0,0.0,0.0,0.0
0.0,0.0,0.0,0.0,0.0,0.0,0.0,0.0
0.0,0.0,0.0,0.0,0.0,0.0,0.0,0.0
0.0,0.0,0.0,0.0,0.0,0.0,0.0,0.0
0.0,0.0,0.0,0.0,0.0,0.0,0.0,0.0
0.0,0.0,0.0,0.0,0.0,0.0,0.0,0.0
0.0,0.0,0.0,0.0,0.0,0.0,0.0,0.0
0.0,0.0,0.0,0.0,0.0,0.0,0.0,0.0
0.0,0.0,0.0,0.0,0.0,0.0,0.0,0.0
0.0,0.0,0.0,0.0,0.0,0.0,0.0,0.0
0.0,0.0,0.0,0.0,0.0,0.0,0.0,0.0
0.0,0.0,0.0,0.0,0.0,0.0,0.0,0.0
0.0,0.0,0.0,0.0,0.0,0.0,0.0,0.0
0.0,0.0,0.0,0.0,0.0,0.0,0.0,0.0
0.0,0.0,0.0,0.0,0.0,0.0,0.0,0.0
0.0,0.0,0.0,0.0,0.0,0.0,0.0,0.0
0.0,0.0,0.0,0.0,0.0,0.0,0.0,0.0
0.0,0.0,0.0,0.0,0.0,0.0,0.0,0.0
0.0,0.0,0.0,0.0,0.0,0.0,0.0,0.0
0.0,0.0,0.0,0.0,0.0,0.0,0.0,0.0
0.0,0.0,0.0,0.0,0.0,0.0,0.0,0.0
0.0,0.0,0.0,0.0,0.0,0.0,0.0,0.0
0.0,0.0,0.0,0.0,0.0,0.0,0.0,0.0
0.0,0.0,0.0,0.0,0.0,0.0,0.0,0.0
0.0,0.0,0.0,0.0,0.0,0.0,0.0,0.0
0.0,0.0,0.0,0.0,0.0,0.0,0.0,0.0
0.0,0.0,0.0,0.0,0.0,0.0,0.0,0.0
0.0,0.0,0.0,0.0,0.0,0.0,0.0,0.0
0.0,0.0,0.0,0.0,0.0,0.0,0.0,0.0
0.0,0.0,0.0,0.0,0.0,0.0,0.0,0.0
0.0,0.0,0.0,0.0,0.0,0.0,0.0,0.0
0.0,0.0,0.0,0.0,0.0,0.0,0.0,0.0
0.0,0.0,0.0,0.0,0.0,0.0,0.0,0.0
0.0,0.0,0.0,0.0,0.0,0.0,0.0,0.0
0.0,0.0,0.0,0.0,0.0,0.0,0.0,0.0
0.0,0.0,0.0,0.0,0.0,0.0,0.0,0.0
0.0,0.0,0.0,0.0,0.0,0.0,0.0,0.0
0.0,0.0,0.0,0.0,0.0,0.0,0.0,0.0
0.0,0.0,0.0,0.0,0.0,0.0,0.0,0.0
0.0,0.0,0.0,0.0,0.0,0.0,0.0,0.0
0.0,0.0,0.0,0.0,0.0,0.0,0.0,0.0
0.0,0.0,0.0,0.0,0.0,0.0,0.0,0.0
0.0,0.0,0.0,0.0,0.0,0.0,0.0,0.0
0.0,0.0,0.0,0.0,0.0,0.0,0.0,0.0
0.0,0.0,0.0,0.0,0.0,0.0,0.0,0.0
0.0,0.0,0.0,0.0,0.0,0.0,0.0,0.0
0.0,0.0,0.0,0.0,0.0,0.0,0.0,0.0
0.0,0.0,0.0,0.0,0.0,0.0,0.0,0.0
0.0,0.0,0.0,0.0,0.0,0.0,0.0,0.0
0.0,0.0,0.0,0.0,0.0,0.0,0.0,0.0
0.0,0.0,0.0,0.0,0.0,0.0,0.0,0.0
0.0,0.0,0.0,0.0,0.0,0.0,0.0,0.0
0.0,0.0,0.0,0.0,0.0,0.0,0.0,0.0
0.0,0.0,0.0,0.0,0.0,0.0,0.0,0.0
0.0,0.0,0.0,0.0,0.0,0.0,0.0,0.0
0.0,0.0,0.0,0.0,0.0,0.0,0.0,0.0
0.0,0.0,0.0,0.0,0.0,0.0,0.0,0.0
0.0,0.0,0.0,0.0,0.0,0.0,0.0,0.0
0.0,0.0,0.0,0.0,0.0,0.0,0.0,0.0
0.0,0.0,0.0,0.0,0.0,0.0,0.0,0.0
0.0,0.0,0.0,0.0,0.0,0.0,0.0,0.0
0.0,0.0,0.0,0.0,0.0,0.0,0.0,0.0
0.0,0.0,0.0,0.0,0.0,0.0,0.0,0.0
0.0,0.0,0.0,0.0,0.0,0.0,0.0,0.0
0.0,0.0,0.0,0.0,0.0,0.0,0.0,0.0
0.0,0.0,0.0,0.0,0.0,0.0,0.0,0.0
0.0,0.0,0.0,0.0,0.0,0.0,0.0,0.0
0.0,0.0,0.0,0.0,0.0,0.0,0.0,0.0
0.0,0.0,0.0,0.0,0.0,0.0,0.0,0.0
0.0,0.0,0.0,0.0,0.0,0.0,0.0,0.0
0.0,0.0,0.0,0.0,0.0,0.0,0.0,0.0
0.0,0.0,0.0,0.0,0.0,0.0,0.0,0.0
0.0,0.0,0.0,0.0,0.0,0.0,0.0,0.0
0.0,0.0,0.0,0.0,0.0,0.0,0.0,0.0
0.0,0.0,0.0,0.0,0.0,0.0,0.0,0.0
0.0,0.0,0.0,0.0,0.0,0.0,0.0,0.0
0.0,0.0,0.0,0.0,0.0,0.0,0.0,0.0
0.0,0.0,0.0,0.0,0.0,0.0,0.0,0.0
0.0,0.0,0.0,0.0,0.0,0.0,0.0,0.0
0.0,0.0,0.0,0.0,0.0,0.0,0.0,0.0
0.0,0.0,0.0,0.0,0.0,0.0,0.0,0.0
0.0,0.0,0.0,0.0,0.0,0.0,0.0,0.0
0.0,0.0,0.0,0.0,0.0,0.0,0.0,0.0
0.0,0.0,0.0,0.0,0.0,0.0,0.0,0.0
0.0,0.0,0.0,0.0,0.0,0.0,0.0,0.0
0.0,0.0,0.0,0.0,0.0,0.0,0.0,0.0
0.0,0.0,0.0,0.0,0.0,0.0,0.0,0.0
0.0,0.0,0.0,0.0,0.0,0.0,0.0,0.0
0.0,0.0,0.0,0.0,0.0,0.0,0.0,0.0
0.0,0.0,0.0,0.0,0.0,0.0,0.0,0.0
0.0,0.0,0.0,0.0,0.0,0.0,0.0,0.0
0.0,0.0,0.0,0.0,0.0,0.0,0.0,0.0
0.0,0.0,0.0,0.0,0.0,0.0,0.0,0.0
0.0,0.0,0.0,0.0,0.0,0.0,0.0,0.0
0.0,0.0,0.0,0.0,0.0,0.0,0.0,0.0
0.0,0.0,0.0,0.0,0.0,0.0,0.0,0.0
0.0,0.0,0.0,0.0,0.0,0.0,0.0,0.0
0.0,0.0,0.0,0.0,0.0,0.0,0.0,0.0
0.0,0.0,0.0,0.0,0.0,0.0,0.0,0.0
0.0,0.0,0.0,0.0,0.0,0.0,0.0,0.0
0.0,0.0,0.0,0.0,0.0,0.0,0.0,0.0
0.0,0.0,0.0,0.0,0.0,0.0,0.0,0.0
0.0,0.0,0.0,0.0,0.0,0.0,0.0,0.0
0.0,0.0,0.0,0.0,0.0,0.0,0.0,0.0
0.0,0.0,0.0,0.0,0.0,0.0,0.0,0.0
0.0,0.0,0.0,0.0,0.0,0.0,0.0,0.0
0.0,0.0,0.0,0.0,0.0,0.0,0.0,0.0
0.0,0.0,0.0,0.0,0.0,0.0,0.0,0.0
0.0,0.0,0.0,0.0,0.0,0.0,0.0,0.0
0.0,0.0,0.0,0.0,0.0,0.0,0.0,0.0
0.0,0.0,0.0,0.0,0.0,0.0,0.0,0.0
0.0,0.0,0.0,0.0,0.0,0.0,0.0,0.0
0.0,0.0,0.0,0.0,0.0,0.0,0.0,0.0
0.0,0.0,0.0,0.0,0.0,0.0,0.0,0.0
0.0,0.0,0.0,0.0,0.0,0.0,0.0,0.0
0.0,0.0,0.0,0.0,0.0,0.0,0.0,0.0
0.0,0.0,0.0,0.0,0.0,0.0,0.0,0.0
0.0,0.0,0.0,0.0,0.0,0.0,0.0,0.0
0.0,0.0,0.0,0.0,0.0,0.0,0.0,0.0
0.0,0.0,0.0,0.0,0.0,0.0,0.0,0.0
0.0,0.0,0.0,0.0,0.0,0.0,0.0,0.0
0.0,0.0,0.0,0.0,0.0,0.0,0.0,0.0
0.0,0.0,0.0,0.0,0.0,0.0,0.0,0.0
0.0,0.0,0.0,0.0,0.0,0.0,0.0,0.0
0.0,0.0,0.0,0.0,0.0,0.0,0.0,0.0
0.0,0.0,0.0,0.0,0.0,0.0,0.0,0.0
0.0,0.0,0.0,0.0,0.0,0.0,0.0,0.0
0.0,0.0,0.0,0.0,0.0,0.0,0.0,0.0
0.0,0.0,0.0,0.0,0.0,0.0,0.0,0.0
0.0,0.0,0.0,0.0,0.0,0.0,0.0,0.0
0.0,0.0,0.0,0.0,0.0,0.0,0.0,0.0
0.0,0.0,0.0,0.0,0.0,0.0,0.0,0.0
0.0,0.0,0.0,0.0,0.0,0.0,0.0,0.0
0.0,0.0,0.0,0.0,0.0,0.0,0.0,0.0
