2021-5-21 11:30:13,3.449
2021-5-21 11:30:13,23.56270,120.47866
2021-5-21 11:30:15,3.365
2021-5-21 11:30:15,23.56270,120.47867
2021-5-21 11:30:16,3.306
2021-5-21 11:30:16,23.56270,120.47867
2021-5-21 11:30:18,3.254
2021-5-21 11:30:18,23.56270,120.47868
2021-5-21 11:30:19,3.206
2021-5-21 11:30:19,23.56271,120.47869
2021-5-21 11:30:21,3.160
2021-5-21 11:30:21,23.56271,120.47870
2021-5-21 11:30:22,3.127
2021-5-21 11:30:22,23.56272,120.47871
2021-5-21 11:30:24,3.074
2021-5-21 11:30:24,23.56272,120.47871
2021-5-21 11:30:25,3.015
2021-5-21 11:30:25,23.56272,120.47872
2021-5-21 11:30:27,2.964
2021-5-21 11:30:27,23.56273,120.47872
2021-5-21 11:30:28,2.916
2021-5-21 11:30:28,23.56273,120.47873
2021-5-21 11:30:30,2.872
2021-5-21 11:30:30,23.56273,120.47873
2021-5-21 11:30:31,2.819
2021-5-21 11:30:31,23.56273,120.47874
2021-5-21 11:30:33,2.765
2021-5-21 11:30:33,23.56273,120.47874
2021-5-21 11:30:34,2.725
2021-5-21 11:30:34,23.56274,120.47874
2021-5-21 11:30:36,2.678
2021-5-21 11:30:36,23.56274,120.47875
2021-5-21 11:30:37,2.638
2021-5-21 11:30:37,23.56274,120.47875
2021-5-21 11:30:39,2.589
2021-5-21 11:30:39,23.56274,120.47875
2021-5-21 11:30:40,2.538
2021-5-21 11:30:40,23.56274,120.47875
2021-5-21 11:30:42,2.495
2021-5-21 11:30:42,23.56275,120.47876
2021-5-21 11:30:43,2.440
2021-5-21 11:30:43,23.56275,120.47876
2021-5-21 11:30:45,2.395
2021-5-21 11:30:45,23.56275,120.47876
2021-5-21 11:30:46,2.357
2021-5-21 11:30:46,23.56275,120.47876
2021-5-21 11:30:48,2.310
2021-5-21 11:30:48,23.56275,120.47876
2021-5-21 11:30:49,2.259
2021-5-21 11:30:49,23.56275,120.47876
2021-5-21 11:30:51,2.217
2021-5-21 11:30:51,23.56275,120.47876
2021-5-21 11:30:52,2.183
2021-5-21 11:30:52,23.56276,120.47876
2021-5-21 11:30:54,2.155
2021-5-21 11:30:54,23.56276,120.47877
2021-5-21 11:30:55,2.125
2021-5-21 11:30:55,23.56276,120.47877
2021-5-21 11:30:57,2.100
2021-5-21 11:30:57,23.56276,120.47878
2021-5-21 11:30:58,2.077
2021-5-21 11:30:58,23.56276,120.47878
2021-5-21 11:31:0,2.054
2021-5-21 11:31:0,23.56277,120.47878
2021-5-21 11:31:1,2.036
2021-5-21 11:31:1,23.56277,120.47879
2021-5-21 11:31:3,2.019
2021-5-21 11:31:3,23.56277,120.47879
2021-5-21 11:31:4,2.001
2021-5-21 11:31:4,23.56278,120.47879
2021-5-21 11:31:6,1.976
2021-5-21 11:31:6,23.56278,120.47880
2021-5-21 11:31:7,1.956
2021-5-21 11:31:7,23.56278,120.47880
2021-5-21 11:31:9,1.934
2021-5-21 11:31:9,23.56279,120.47880
2021-5-21 11:31:10,1.912
2021-5-21 11:31:10,23.56279,120.47880
2021-5-21 11:31:12,1.896
2021-5-21 11:31:12,23.56279,120.47881
2021-5-21 11:31:13,1.877
2021-5-21 11:31:13,23.56279,120.47881
2021-5-21 11:31:15,1.853
2021-5-21 11:31:15,23.56280,120.47881
2021-5-21 11:31:16,1.832
2021-5-21 11:31:16,23.56280,120.47881
2021-5-21 11:31:18,1.813
2021-5-21 11:31:18,23.56280,120.47881
2021-5-21 11:31:19,1.792
2021-5-21 11:31:19,23.56280,120.47881
2021-5-21 11:31:21,1.772
2021-5-21 11:31:21,23.56280,120.47882
2021-5-21 11:31:22,1.752
2021-5-21 11:31:22,23.56280,120.47882
2021-5-21 11:31:24,1.735
2021-5-21 11:31:24,23.56281,120.47882
2021-5-21 11:31:25,1.722
2021-5-21 11:31:25,23.56281,120.47882
2021-5-21 11:31:27,1.707
2021-5-21 11:31:27,23.56281,120.47883
2021-5-21 11:31:28,1.690
2021-5-21 11:31:28,23.56281,120.47883
2021-5-21 11:31:30,1.675
2021-5-21 11:31:30,23.56281,120.47883
2021-5-21 11:31:31,1.662
2021-5-21 11:31:31,23.56281,120.47884
2021-5-21 11:31:33,1.643
2021-5-21 11:31:33,23.56282,120.47884
2021-5-21 11:31:34,1.624
2021-5-21 11:31:34,23.56282,120.47884
2021-5-21 11:31:36,1.611
2021-5-21 11:31:36,23.56282,120.47884
2021-5-21 11:31:37,1.596
2021-5-21 11:31:37,23.56282,120.47884
2021-5-21 11:31:39,1.580
2021-5-21 11:31:39,23.56282,120.47884
2021-5-21 11:31:40,1.563
2021-5-21 11:31:40,23.56282,120.47885
2021-5-21 11:31:42,1.547
2021-5-21 11:31:42,23.56283,120.47885
2021-5-21 11:31:43,1.532
2021-5-21 11:31:43,23.56283,120.47885
2021-5-21 11:31:45,1.522
2021-5-21 11:31:45,23.56283,120.47885
2021-5-21 11:31:46,1.513
2021-5-21 11:31:46,23.56283,120.47885
2021-5-21 11:31:48,1.498
2021-5-21 11:31:48,23.56283,120.47885
2021-5-21 11:31:49,1.483
2021-5-21 11:31:49,23.56283,120.47886
2021-5-21 11:31:51,1.466
2021-5-21 11:31:51,23.56284,120.47886
2021-5-21 11:31:52,1.454
2021-5-21 11:31:52,23.56284,120.47886
2021-5-21 11:31:54,1.431
2021-5-21 11:31:54,23.56284,120.47886
2021-5-21 11:31:55,1.408
2021-5-21 11:31:55,23.56284,120.47885
2021-5-21 11:31:57,1.396
2021-5-21 11:31:57,23.56284,120.47886
2021-5-21 11:31:58,1.384
2021-5-21 11:31:58,23.56284,120.47886
2021-5-21 11:32:0,1.369
2021-5-21 11:32:0,23.56284,120.47886
2021-5-21 11:32:1,1.352
2021-5-21 11:32:1,23.56284,120.47886
2021-5-21 11:32:3,1.337
2021-5-21 11:32:3,23.56284,120.47886
2021-5-21 11:32:4,1.325
2021-5-21 11:32:4,23.56284,120.47885
2021-5-21 11:32:6,1.316
2021-5-21 11:32:6,23.56285,120.47886
2021-5-21 11:32:7,1.298
2021-5-21 11:32:7,23.56285,120.47885
2021-5-21 11:32:9,1.287
2021-5-21 11:32:9,23.56285,120.47886
2021-5-21 11:32:10,1.282
2021-5-21 11:32:10,23.56285,120.47886
2021-5-21 11:32:12,1.258
2021-5-21 11:32:12,23.56285,120.47885
2021-5-21 11:32:13,1.248
2021-5-21 11:32:13,23.56285,120.47886
2021-5-21 11:32:15,1.241
2021-5-21 11:32:15,23.56285,120.47886
2021-5-21 11:32:16,1.236
2021-5-21 11:32:16,23.56285,120.47886
2021-5-21 11:32:18,1.225
2021-5-21 11:32:18,23.56285,120.47886
2021-5-21 11:32:19,1.211
2021-5-21 11:32:19,23.56285,120.47886
2021-5-21 11:32:21,1.197
2021-5-21 11:32:21,23.56285,120.47886
2021-5-21 11:32:22,1.187
2021-5-21 11:32:22,23.56286,120.47886
2021-5-21 11:32:24,1.165
2021-5-21 11:32:24,23.56285,120.47886
2021-5-21 11:32:25,1.151
2021-5-21 11:32:25,23.56285,120.47885
2021-5-21 11:32:27,1.138
2021-5-21 11:32:27,23.56285,120.47886
2021-5-21 11:32:28,1.132
2021-5-21 11:32:28,23.56285,120.47886
2021-5-21 11:32:30,1.128
2021-5-21 11:32:30,23.56285,120.47886
2021-5-21 11:32:31,1.121
2021-5-21 11:32:31,23.56285,120.47886
2021-5-21 11:32:33,1.115
2021-5-21 11:32:33,23.56285,120.47886
2021-5-21 11:32:34,1.121
2021-5-21 11:32:34,23.56285,120.47886
2021-5-21 11:32:36,1.127
2021-5-21 11:32:36,23.56285,120.47887
2021-5-21 11:32:37,1.136
2021-5-21 11:32:37,23.56286,120.47888
2021-5-21 11:32:39,1.137
2021-5-21 11:32:39,23.56286,120.47888
2021-5-21 11:32:40,1.135
2021-5-21 11:32:40,23.56286,120.47888
2021-5-21 11:32:42,1.136
2021-5-21 11:32:42,23.56286,120.47889
2021-5-21 11:32:43,1.146
2021-5-21 11:32:43,23.56286,120.47890
2021-5-21 11:32:45,1.148
2021-5-21 11:32:45,23.56287,120.47890
2021-5-21 11:32:46,1.144
2021-5-21 11:32:46,23.56286,120.47891
2021-5-21 11:32:48,1.141
2021-5-21 11:32:48,23.56286,120.47891
2021-5-21 11:32:49,1.134
2021-5-21 11:32:49,23.56286,120.47891
2021-5-21 11:32:51,1.137
2021-5-21 11:32:51,23.56286,120.47892
2021-5-21 11:32:52,1.134
2021-5-21 11:32:52,23.56286,120.47893
2021-5-21 11:32:54,4.475
2021-5-21 11:32:54,23.56246,120.47922
2021-5-21 11:32:55,3.908
2021-5-21 11:32:55,23.56244,120.47923
2021-5-21 11:32:57,3.405
2021-5-21 11:32:57,23.56250,120.47927
2021-5-21 11:32:58,2.433
2021-5-21 11:32:58,23.56252,120.47927
2021-5-21 11:33:0,1.871
2021-5-21 11:33:0,23.56255,120.47930
2021-5-21 11:33:1,1.511
2021-5-21 11:33:1,23.56256,120.47931
2021-5-21 11:33:3,1.288
2021-5-21 11:33:3,23.56256,120.47931
2021-5-21 11:33:4,1.087
2021-5-21 11:33:4,23.56256,120.47932
2021-5-21 11:33:6,0.946
2021-5-21 11:33:6,23.56256,120.47932
2021-5-21 11:33:7,0.826
2021-5-21 11:33:7,23.56256,120.47932
2021-5-21 11:33:9,0.744
2021-5-21 11:33:9,23.56256,120.47932
2021-5-21 11:33:10,0.694
2021-5-21 11:33:10,23.56255,120.47932
2021-5-21 11:33:12,0.638
2021-5-21 11:33:12,23.56255,120.47932
2021-5-21 11:33:13,0.574
2021-5-21 11:33:13,23.56255,120.47932
2021-5-21 11:33:15,0.515
2021-5-21 11:33:15,23.56254,120.47932
2021-5-21 11:33:16,0.448
2021-5-21 11:33:16,23.56254,120.47931
2021-5-21 11:33:18,0.408
2021-5-21 11:33:18,23.56254,120.47931
2021-5-21 11:33:19,0.370
2021-5-21 11:33:19,23.56253,120.47931
2021-5-21 11:33:21,0.340
2021-5-21 11:33:21,23.56253,120.47931
2021-5-21 11:33:22,0.323
2021-5-21 11:33:22,23.56253,120.47930
2021-5-21 11:33:24,0.300
2021-5-21 11:33:24,23.56252,120.47930
2021-5-21 11:33:25,0.291
2021-5-21 11:33:25,23.56252,120.47930
2021-5-21 11:33:27,0.279
2021-5-21 11:33:27,23.56252,120.47930
2021-5-21 11:33:28,0.249
2021-5-21 11:33:28,23.56252,120.47929
2021-5-21 11:33:30,0.234
2021-5-21 11:33:30,23.56251,120.47929
2021-5-21 11:33:31,0.214
2021-5-21 11:33:31,23.56251,120.47929
2021-5-21 11:33:33,0.207
2021-5-21 11:33:33,23.56251,120.47928
2021-5-21 11:33:34,0.208
2021-5-21 11:33:34,23.56251,120.47928
2021-5-21 11:33:36,0.212
2021-5-21 11:33:36,23.56250,120.47927
2021-5-21 11:33:37,0.216
2021-5-21 11:33:37,23.56250,120.47927
2021-5-21 11:33:39,0.222
2021-5-21 11:33:39,23.56250,120.47927
2021-5-21 11:33:40,0.213
2021-5-21 11:33:40,23.56250,120.47927
2021-5-21 11:33:42,0.207
2021-5-21 11:33:42,23.56250,120.47927
2021-5-21 11:33:43,0.199
2021-5-21 11:33:43,23.56250,120.47927
2021-5-21 11:33:45,0.202
2021-5-21 11:33:45,23.56250,120.47927
2021-5-21 11:33:46,0.190
2021-5-21 11:33:46,23.56250,120.47927
2021-5-21 11:33:48,0.179
2021-5-21 11:33:48,23.56250,120.47927
2021-5-21 11:33:49,0.162
2021-5-21 11:33:49,23.56250,120.47927
2021-5-21 11:33:51,0.170
2021-5-21 11:33:51,23.56250,120.47927
2021-5-21 11:33:52,0.180
2021-5-21 11:33:52,23.56250,120.47927
2021-5-21 11:33:54,0.238
2021-5-21 11:33:54,23.56249,120.47927
2021-5-21 11:33:55,0.265
2021-5-21 11:33:55,23.56249,120.47927
2021-5-21 11:33:57,0.269
2021-5-21 11:33:57,23.56248,120.47928
2021-5-21 11:33:58,0.270
2021-5-21 11:33:58,23.56248,120.47928
2021-5-21 11:34:0,0.278
2021-5-21 11:34:0,23.56248,120.47928
2021-5-21 11:34:1,0.306
2021-5-21 11:34:1,23.56248,120.47929
2021-5-21 11:34:3,0.309
2021-5-21 11:34:3,23.56248,120.47929
2021-5-21 11:34:4,0.320
2021-5-21 11:34:4,23.56248,120.47929
2021-5-21 11:34:6,0.344
2021-5-21 11:34:6,23.56248,120.47930
2021-5-21 11:34:7,0.361
2021-5-21 11:34:7,23.56248,120.47930
2021-5-21 11:34:9,0.377
2021-5-21 11:34:9,23.56248,120.47931
2021-5-21 11:34:10,0.410
2021-5-21 11:34:10,23.56247,120.47932
2021-5-21 11:34:12,0.427
2021-5-21 11:34:12,23.56247,120.47932
2021-5-21 11:34:13,0.442
2021-5-21 11:34:13,23.56247,120.47932
2021-5-21 11:34:15,0.501
2021-5-21 11:34:15,23.56247,120.47934
2021-5-21 11:34:16,0.545
2021-5-21 11:34:16,23.56246,120.47935
2021-5-21 11:34:18,0.576
2021-5-21 11:34:18,23.56246,120.47935
2021-5-21 11:34:19,0.615
2021-5-21 11:34:19,23.56245,120.47936
2021-5-21 11:34:21,0.660
2021-5-21 11:34:21,23.56243,120.47936
2021-5-21 11:34:22,9.655
2021-5-21 11:34:22,23.56201,120.47996
2021-5-21 11:34:24,9.689
2021-5-21 11:34:24,23.56196,120.48001
2021-5-21 11:34:25,10.182
2021-5-21 11:34:25,23.56194,120.48004
2021-5-21 11:34:27,9.822
2021-5-21 11:34:27,23.56192,120.48007
2021-5-21 11:34:28,9.654
2021-5-21 11:34:28,23.56190,120.48011
2021-5-21 11:34:30,9.601
2021-5-21 11:34:30,23.56188,120.48014
2021-5-21 11:34:31,9.704
2021-5-21 11:34:31,23.56185,120.48017
2021-5-21 11:34:33,9.577
2021-5-21 11:34:33,23.56183,120.48020
2021-5-21 11:34:34,9.317
2021-5-21 11:34:34,23.56181,120.48023
2021-5-21 11:34:36,9.242
2021-5-21 11:34:36,23.56179,120.48026
2021-5-21 11:34:37,9.265
2021-5-21 11:34:37,23.56178,120.48030
2021-5-21 11:34:39,9.213
2021-5-21 11:34:39,23.56176,120.48033
2021-5-21 11:34:40,9.180
2021-5-21 11:34:40,23.56174,120.48036
2021-5-21 11:34:42,9.076
2021-5-21 11:34:42,23.56173,120.48039
2021-5-21 11:34:43,9.121
2021-5-21 11:34:43,23.56171,120.48042
2021-5-21 11:34:45,9.119
2021-5-21 11:34:45,23.56169,120.48045
2021-5-21 11:34:46,9.087
2021-5-21 11:34:46,23.56168,120.48048
2021-5-21 11:34:48,9.147
2021-5-21 11:34:48,23.56166,120.48052
2021-5-21 11:34:49,9.156
2021-5-21 11:34:49,23.56164,120.48055
2021-5-21 11:34:51,9.130
2021-5-21 11:34:51,23.56162,120.48058
2021-5-21 11:34:52,9.215
2021-5-21 11:34:52,23.56160,120.48062
2021-5-21 11:34:54,9.193
2021-5-21 11:34:54,23.56158,120.48065
2021-5-21 11:34:55,9.264
2021-5-21 11:34:55,23.56156,120.48069
2021-5-21 11:34:57,9.244
2021-5-21 11:34:57,23.56154,120.48072
2021-5-21 11:34:58,9.280
2021-5-21 11:34:58,23.56151,120.48076
2021-5-21 11:35:0,9.295
2021-5-21 11:35:0,23.56149,120.48079
2021-5-21 11:35:1,9.295
2021-5-21 11:35:1,23.56147,120.48082
2021-5-21 11:35:3,9.488
2021-5-21 11:35:3,23.56144,120.48087
2021-5-21 11:35:4,9.520
2021-5-21 11:35:4,23.56142,120.48090
2021-5-21 11:35:6,9.579
2021-5-21 11:35:6,23.56139,120.48094
2021-5-21 11:35:7,9.554
2021-5-21 11:35:7,23.56137,120.48097
2021-5-21 11:35:9,9.551
2021-5-21 11:35:9,23.56135,120.48100
2021-5-21 11:35:10,9.559
2021-5-21 11:35:10,23.56133,120.48104
2021-5-21 11:35:12,9.740
2021-5-21 11:35:12,23.56130,120.48109
2021-5-21 11:35:13,9.842
2021-5-21 11:35:13,23.56127,120.48113
2021-5-21 11:35:15,9.848
2021-5-21 11:35:15,23.56125,120.48116
2021-5-21 11:35:16,9.865
2021-5-21 11:35:16,23.56123,120.48120
2021-5-21 11:35:18,9.913
2021-5-21 11:35:18,23.56120,120.48124
2021-5-21 11:35:19,9.936
2021-5-21 11:35:19,23.56118,120.48128
2021-5-21 11:35:21,9.959
2021-5-21 11:35:21,23.56115,120.48131
2021-5-21 11:35:22,9.980
2021-5-21 11:35:22,23.56113,120.48135
2021-5-21 11:35:24,10.074
2021-5-21 11:35:24,23.56110,120.48140
2021-5-21 11:35:25,10.106
2021-5-21 11:35:25,23.56108,120.48143
2021-5-21 11:35:27,10.141
2021-5-21 11:35:27,23.56105,120.48147
2021-5-21 11:35:28,10.183
2021-5-21 11:35:28,23.56102,120.48151
2021-5-21 11:35:30,10.226
2021-5-21 11:35:30,23.56100,120.48155
2021-5-21 11:35:31,10.242
2021-5-21 11:35:31,23.56097,120.48159
2021-5-21 11:35:33,10.253
2021-5-21 11:35:33,23.56095,120.48163
2021-5-21 11:35:34,10.279
2021-5-21 11:35:34,23.56093,120.48167
2021-5-21 11:35:36,10.283
2021-5-21 11:35:36,23.56090,120.48170
2021-5-21 11:35:37,10.306
2021-5-21 11:35:37,23.56087,120.48174
2021-5-21 11:35:39,10.304
2021-5-21 11:35:39,23.56085,120.48177
2021-5-21 11:35:40,10.305
2021-5-21 11:35:40,23.56083,120.48181
2021-5-21 11:35:42,10.308
2021-5-21 11:35:42,23.56080,120.48184
2021-5-21 11:35:43,10.325
2021-5-21 11:35:43,23.56078,120.48188
2021-5-21 11:35:45,10.319
2021-5-21 11:35:45,23.56076,120.48192
2021-5-21 11:35:46,10.305
2021-5-21 11:35:46,23.56074,120.48195
2021-5-21 11:35:48,10.322
2021-5-21 11:35:48,23.56071,120.48199
2021-5-21 11:35:49,10.328
2021-5-21 11:35:49,23.56069,120.48203
2021-5-21 11:35:51,10.384
2021-5-21 11:35:51,23.56066,120.48208
2021-5-21 11:35:52,10.393
2021-5-21 11:35:52,23.56063,120.48211
2021-5-21 11:35:54,10.407
2021-5-21 11:35:54,23.56060,120.48215
2021-5-21 11:35:55,10.365
2021-5-21 11:35:55,23.56058,120.48218
2021-5-21 11:35:57,10.299
2021-5-21 11:35:57,23.56057,120.48221
2021-5-21 11:35:58,10.205
2021-5-21 11:35:58,23.56055,120.48224
2021-5-21 11:36:0,10.170
2021-5-21 11:36:0,23.56053,120.48227
2021-5-21 11:36:1,10.134
2021-5-21 11:36:1,23.56050,120.48230
2021-5-21 11:36:3,10.057
2021-5-21 11:36:3,23.56049,120.48233
2021-5-21 11:36:4,9.980
2021-5-21 11:36:4,23.56048,120.48236
2021-5-21 11:36:6,11.259
2021-5-21 11:36:6,23.56029,120.48205
2021-5-21 11:36:7,12.049
2021-5-21 11:36:7,23.56026,120.48202
2021-5-21 11:36:9,13.079
2021-5-21 11:36:9,23.56022,120.48199
2021-5-21 11:36:10,12.909
2021-5-21 11:36:10,23.56018,120.48195
2021-5-21 11:36:12,12.767
2021-5-21 11:36:12,23.56014,120.48192
2021-5-21 11:36:13,12.712
2021-5-21 11:36:13,23.56010,120.48190
2021-5-21 11:36:15,12.681
2021-5-21 11:36:15,23.56007,120.48187
2021-5-21 11:36:16,12.645
2021-5-21 11:36:16,23.56003,120.48184
2021-5-21 11:36:18,12.627
2021-5-21 11:36:18,23.55999,120.48181
2021-5-21 11:36:19,12.690
2021-5-21 11:36:19,23.55995,120.48178
2021-5-21 11:36:21,12.677
2021-5-21 11:36:21,23.55991,120.48175
2021-5-21 11:36:22,12.664
2021-5-21 11:36:22,23.55988,120.48173
2021-5-21 11:36:24,12.686
2021-5-21 11:36:24,23.55984,120.48170
2021-5-21 11:36:25,12.636
2021-5-21 11:36:25,23.55980,120.48167
2021-5-21 11:36:27,12.642
2021-5-21 11:36:27,23.55976,120.48163
2021-5-21 11:36:28,12.612
2021-5-21 11:36:28,23.55973,120.48160
2021-5-21 11:36:30,12.613
2021-5-21 11:36:30,23.55969,120.48157
2021-5-21 11:36:31,12.608
2021-5-21 11:36:31,23.55965,120.48154
2021-5-21 11:36:33,12.635
2021-5-21 11:36:33,23.55960,120.48151
2021-5-21 11:36:34,12.726
2021-5-21 11:36:34,23.55956,120.48148
2021-5-21 11:36:36,12.761
2021-5-21 11:36:36,23.55952,120.48145
2021-5-21 11:36:37,12.811
2021-5-21 11:36:37,23.55948,120.48142
2021-5-21 11:36:39,12.822
2021-5-21 11:36:39,23.55944,120.48139
2021-5-21 11:36:40,12.863
2021-5-21 11:36:40,23.55940,120.48136
2021-5-21 11:36:42,12.892
2021-5-21 11:36:42,23.55936,120.48133
2021-5-21 11:36:43,12.923
2021-5-21 11:36:43,23.55932,120.48129
2021-5-21 11:36:45,12.959
2021-5-21 11:36:45,23.55928,120.48126
2021-5-21 11:36:46,12.982
2021-5-21 11:36:46,23.55924,120.48123
2021-5-21 11:36:48,13.003
2021-5-21 11:36:48,23.55919,120.48120
2021-5-21 11:36:49,13.000
2021-5-21 11:36:49,23.55916,120.48116
2021-5-21 11:36:51,13.055
2021-5-21 11:36:51,23.55911,120.48113
2021-5-21 11:36:52,13.089
2021-5-21 11:36:52,23.55907,120.48110
2021-5-21 11:36:54,13.128
2021-5-21 11:36:54,23.55903,120.48106
2021-5-21 11:36:55,13.164
2021-5-21 11:36:55,23.55899,120.48103
2021-5-21 11:36:57,13.217
2021-5-21 11:36:57,23.55894,120.48100
2021-5-21 11:36:58,13.240
2021-5-21 11:36:58,23.55890,120.48097
2021-5-21 11:37:0,13.276
2021-5-21 11:37:0,23.55886,120.48094
2021-5-21 11:37:1,13.278
2021-5-21 11:37:1,23.55881,120.48090
2021-5-21 11:37:3,13.293
2021-5-21 11:37:3,23.55877,120.48087
2021-5-21 11:37:4,13.330
2021-5-21 11:37:4,23.55872,120.48084
2021-5-21 11:37:6,13.350
2021-5-21 11:37:6,23.55868,120.48081
2021-5-21 11:37:7,13.391
2021-5-21 11:37:7,23.55863,120.48078
2021-5-21 11:37:9,13.433
2021-5-21 11:37:9,23.55858,120.48075
2021-5-21 11:37:10,13.631
2021-5-21 11:37:10,23.55852,120.48073
2021-5-21 11:37:12,13.705
2021-5-21 11:37:12,23.55846,120.48070
2021-5-21 11:37:13,13.924
2021-5-21 11:37:13,23.55840,120.48066
2021-5-21 11:37:15,14.081
2021-5-21 11:37:15,23.55834,120.48062
2021-5-21 11:37:16,14.266
2021-5-21 11:37:16,23.55828,120.48058
2021-5-21 11:37:18,14.421
2021-5-21 11:37:18,23.55822,120.48054
2021-5-21 11:37:19,14.518
2021-5-21 11:37:19,23.55816,120.48051
2021-5-21 11:37:21,14.580
2021-5-21 11:37:21,23.55811,120.48048
2021-5-21 11:37:22,14.621
2021-5-21 11:37:22,23.55806,120.48045
2021-5-21 11:37:24,14.729
2021-5-21 11:37:24,23.55800,120.48041
2021-5-21 11:37:25,14.772
2021-5-21 11:37:25,23.55795,120.48037
2021-5-21 11:37:27,14.814
2021-5-21 11:37:27,23.55790,120.48034
2021-5-21 11:37:28,14.823
2021-5-21 11:37:28,23.55785,120.48031
2021-5-21 11:37:30,14.893
2021-5-21 11:37:30,23.55779,120.48027
2021-5-21 11:37:31,14.893
2021-5-21 11:37:31,23.55774,120.48024
2021-5-21 11:37:33,18.068
2021-5-21 11:37:33,23.55739,120.48036
2021-5-21 11:37:34,19.286
2021-5-21 11:37:34,23.55733,120.48035
2021-5-21 11:37:36,19.682
2021-5-21 11:37:36,23.55726,120.48032
2021-5-21 11:37:37,19.884
2021-5-21 11:37:37,23.55719,120.48029
2021-5-21 11:37:39,20.180
2021-5-21 11:37:39,23.55711,120.48024
2021-5-21 11:37:40,20.369
2021-5-21 11:37:40,23.55704,120.48020
2021-5-21 11:37:42,20.075
2021-5-21 11:37:42,23.55697,120.48014
2021-5-21 11:37:43,19.645
2021-5-21 11:37:43,23.55691,120.4801
2021-5-21 11:37:45,19.230
2021-5-21 11:37:45,23.55685,120.48005
2021-5-21 11:37:46,19.146
2021-5-21 11:37:46,23.55679,120.48000
2021-5-21 11:37:48,18.971
2021-5-21 11:37:48,23.55673,120.47996
2021-5-21 11:37:49,18.800
2021-5-21 11:37:49,23.55668,120.47992
2021-5-21 11:37:51,18.706
2021-5-21 11:37:51,23.55662,120.47988
2021-5-21 11:37:52,18.688
2021-5-21 11:37:52,23.55656,120.47983
2021-5-21 11:37:54,18.664
2021-5-21 11:37:54,23.55650,120.47979
2021-5-21 11:37:55,18.595
2021-5-21 11:37:55,23.55644,120.47975
2021-5-21 11:37:57,18.430
2021-5-21 11:37:57,23.55639,120.47971
2021-5-21 11:37:58,18.343
2021-5-21 11:37:58,23.55633,120.47968
2021-5-21 11:38:0,18.240
2021-5-21 11:38:0,23.55627,120.47964
2021-5-21 11:38:1,18.055
2021-5-21 11:38:1,23.55622,120.47960
2021-5-21 11:38:3,17.964
2021-5-21 11:38:3,23.55616,120.47957
2021-5-21 11:38:4,17.667
2021-5-21 11:38:4,23.55611,120.47954
2021-5-21 11:38:6,17.450
2021-5-21 11:38:6,23.55606,120.47952
2021-5-21 11:38:7,17.149
2021-5-21 11:38:7,23.55601,120.47951
2021-5-21 11:38:9,16.784
2021-5-21 11:38:9,23.55596,120.47949
2021-5-21 11:38:10,16.759
2021-5-21 11:38:10,23.55590,120.47948
2021-5-21 11:38:12,13.101
2021-5-21 11:38:12,23.55613,120.47955
2021-5-21 11:38:13,13.611
2021-5-21 11:38:13,23.55611,120.47959
2021-5-21 11:38:15,13.453
2021-5-21 11:38:15,23.55610,120.47965
2021-5-21 11:38:16,12.962
2021-5-21 11:38:16,23.55608,120.47971
2021-5-21 11:38:18,13.209
2021-5-21 11:38:18,23.55606,120.47976
2021-5-21 11:38:19,13.247
2021-5-21 11:38:19,23.55605,120.47981
2021-5-21 11:38:21,13.124
2021-5-21 11:38:21,23.55603,120.47986
2021-5-21 11:38:22,12.757
2021-5-21 11:38:22,23.55602,120.47991
2021-5-21 11:38:24,12.636
2021-5-21 11:38:24,23.55600,120.47995
2021-5-21 11:38:25,12.603
2021-5-21 11:38:25,23.55599,120.48000
2021-5-21 11:38:27,12.526
2021-5-21 11:38:27,23.55598,120.48005
2021-5-21 11:38:28,12.381
2021-5-21 11:38:28,23.55597,120.48010
2021-5-21 11:38:30,12.352
2021-5-21 11:38:30,23.55595,120.48015
2021-5-21 11:38:31,12.246
2021-5-21 11:38:31,23.55594,120.48019
2021-5-21 11:38:33,12.333
2021-5-21 11:38:33,23.55593,120.48025
2021-5-21 11:38:34,12.257
2021-5-21 11:38:34,23.55592,120.48029
2021-5-21 11:38:36,12.204
2021-5-21 11:38:36,23.55591,120.48034
2021-5-21 11:38:37,12.078
2021-5-21 11:38:37,23.55590,120.48039
2021-5-21 11:38:39,12.076
2021-5-21 11:38:39,23.55589,120.48044
2021-5-21 11:38:40,12.051
2021-5-21 11:38:40,23.55588,120.48049
2021-5-21 11:38:42,12.035
2021-5-21 11:38:42,23.55587,120.48053
2021-5-21 11:38:43,12.011
2021-5-21 11:38:43,23.55586,120.48058
2021-5-21 11:38:45,11.969
2021-5-21 11:38:45,23.55585,120.48063
2021-5-21 11:38:46,11.890
2021-5-21 11:38:46,23.55583,120.48067
2021-5-21 11:38:48,11.846
2021-5-21 11:38:48,23.55582,120.48072
2021-5-21 11:38:49,11.804
2021-5-21 11:38:49,23.55581,120.48076
2021-5-21 11:38:51,11.766
2021-5-21 11:38:51,23.55580,120.48081
2021-5-21 11:38:52,11.713
2021-5-21 11:38:52,23.55578,120.48085
2021-5-21 11:38:54,11.648
2021-5-21 11:38:54,23.55577,120.48089
2021-5-21 11:38:55,11.576
2021-5-21 11:38:55,23.55576,120.48093
2021-5-21 11:38:57,11.534
2021-5-21 11:38:57,23.55575,120.48097
2021-5-21 11:38:58,11.491
2021-5-21 11:38:58,23.55574,120.48102
2021-5-21 11:39:0,11.496
2021-5-21 11:39:0,23.55573,120.48106
2021-5-21 11:39:1,11.498
2021-5-21 11:39:1,23.55572,120.48111
2021-5-21 11:39:3,11.485
2021-5-21 11:39:3,23.55571,120.48115
2021-5-21 11:39:4,11.470
2021-5-21 11:39:4,23.55570,120.48120
2021-5-21 11:39:6,11.411
2021-5-21 11:39:6,23.55570,120.48124
2021-5-21 11:39:7,11.381
2021-5-21 11:39:7,23.55569,120.48128
2021-5-21 11:39:9,11.373
2021-5-21 11:39:9,23.55568,120.48133
2021-5-21 11:39:10,11.369
2021-5-21 11:39:10,23.55568,120.48137
2021-5-21 11:39:12,11.365
2021-5-21 11:39:12,23.55567,120.48142
2021-5-21 11:39:13,11.366
2021-5-21 11:39:13,23.55566,120.48146
2021-5-21 11:39:15,11.365
2021-5-21 11:39:15,23.55565,120.48151
2021-5-21 11:39:16,11.362
2021-5-21 11:39:16,23.55565,120.48156
2021-5-21 11:39:18,11.369
2021-5-21 11:39:18,23.55564,120.48160
2021-5-21 11:39:19,11.358
2021-5-21 11:39:19,23.55563,120.48165
2021-5-21 11:39:21,11.349
2021-5-21 11:39:21,23.55562,120.48169
2021-5-21 11:39:22,11.337
2021-5-21 11:39:22,23.55562,120.48174
2021-5-21 11:39:24,11.316
2021-5-21 11:39:24,23.55561,120.48178
2021-5-21 11:39:25,11.308
2021-5-21 11:39:25,23.55560,120.48182
2021-5-21 11:39:27,11.284
2021-5-21 11:39:27,23.55560,120.48187
2021-5-21 11:39:28,11.267
2021-5-21 11:39:28,23.55559,120.48191
2021-5-21 11:39:30,11.270
2021-5-21 11:39:30,23.55559,120.48196
2021-5-21 11:39:31,11.285
2021-5-21 11:39:31,23.55558,120.48201
2021-5-21 11:39:33,11.302
2021-5-21 11:39:33,23.55557,120.48205
2021-5-21 11:39:34,11.301
2021-5-21 11:39:34,23.55557,120.48210
2021-5-21 11:39:36,11.323
2021-5-21 11:39:36,23.55556,120.48215
2021-5-21 11:39:37,11.339
2021-5-21 11:39:37,23.55555,120.48220
2021-5-21 11:39:39,11.364
2021-5-21 11:39:39,23.55555,120.48225
2021-5-21 11:39:40,11.377
2021-5-21 11:39:40,23.55554,120.48229
2021-5-21 11:39:42,11.394
2021-5-21 11:39:42,23.55553,120.48234
2021-5-21 11:39:43,11.405
2021-5-21 11:39:43,23.55553,120.48239
2021-5-21 11:39:45,11.419
2021-5-21 11:39:45,23.55552,120.48244
2021-5-21 11:39:46,11.428
2021-5-21 11:39:46,23.55551,120.48249
2021-5-21 11:40:24,10.351
2021-5-21 11:40:24,23.55544,120.48343
2021-5-21 11:40:25,10.284
2021-5-21 11:40:25,23.55544,120.48346
2021-5-21 11:40:27,10.215
2021-5-21 11:40:27,23.55543,120.48348
2021-5-21 11:40:28,0.212
2021-5-21 11:40:28,23.55555,120.48311
2021-5-21 11:40:30,0.085
2021-5-21 11:40:30,23.55555,120.48311
2021-5-21 11:40:31,1.100
2021-5-21 11:40:31,23.55555,120.48312
2021-5-21 11:40:33,2.507
2021-5-21 11:40:33,23.55557,120.48314
2021-5-21 11:40:34,3.393
2021-5-21 11:40:34,23.55558,120.48317
2021-5-21 11:40:36,4.118
2021-5-21 11:40:36,23.55559,120.48319
2021-5-21 11:40:37,4.726
2021-5-21 11:40:37,23.55559,120.48323
2021-5-21 11:40:39,5.070
2021-5-21 11:40:39,23.55560,120.48325
2021-5-21 11:40:40,5.320
2021-5-21 11:40:40,23.55561,120.48328
2021-5-21 11:40:42,5.538
2021-5-21 11:40:42,23.55561,120.48331
2021-5-21 11:40:43,5.943
2021-5-21 11:40:43,23.55562,120.48335
2021-5-21 11:40:45,6.145
2021-5-21 11:40:45,23.55561,120.48339
2021-5-21 11:40:46,6.622
2021-5-21 11:40:46,23.55560,120.48344
2021-5-21 11:40:48,7.112
2021-5-21 11:40:48,23.55560,120.48349
2021-5-21 11:40:49,7.487
2021-5-21 11:40:49,23.55560,120.48354
2021-5-21 11:40:51,7.678
2021-5-21 11:40:51,23.55560,120.48358
2021-5-21 11:40:52,7.774
2021-5-21 11:40:52,23.55560,120.48362
2021-5-21 11:40:54,7.907
2021-5-21 11:40:54,23.55560,120.48366
2021-5-21 11:40:55,8.256
2021-5-21 11:40:55,23.55559,120.48372
2021-5-21 11:40:57,8.413
2021-5-21 11:40:57,23.55559,120.48376
2021-5-21 11:40:58,8.522
2021-5-21 11:40:58,23.55558,120.48381
2021-5-21 11:41:0,8.644
2021-5-21 11:41:0,23.55558,120.48385
2021-5-21 11:41:1,8.767
2021-5-21 11:41:1,23.55557,120.48390
2021-5-21 11:41:3,8.918
2021-5-21 11:41:3,23.55556,120.48395
2021-5-21 11:41:4,9.005
2021-5-21 11:41:4,23.55556,120.48399
2021-5-21 11:41:6,9.122
2021-5-21 11:41:6,23.55555,120.48404
2021-5-21 11:41:7,9.213
2021-5-21 11:41:7,23.55555,120.48408
2021-5-21 11:41:9,9.309
2021-5-21 11:41:9,23.55554,120.48413
2021-5-21 11:41:10,9.347
2021-5-21 11:41:10,23.55553,120.48417
2021-5-21 11:41:12,9.380
2021-5-21 11:41:12,23.55553,120.48421
2021-5-21 11:41:13,9.429
2021-5-21 11:41:13,23.55553,120.48426
2021-5-21 11:41:15,9.487
2021-5-21 11:41:15,23.55552,120.48430
2021-5-21 11:41:16,9.541
2021-5-21 11:41:16,23.55551,120.48435
2021-5-21 11:41:18,9.575
2021-5-21 11:41:18,23.55551,120.48439
2021-5-21 11:41:19,9.613
2021-5-21 11:41:19,23.55550,120.48444
2021-5-21 11:41:21,9.659
2021-5-21 11:41:21,23.55549,120.48448
2021-5-21 11:41:22,9.698
2021-5-21 11:41:22,23.55549,120.48453
2021-5-21 11:41:24,9.739
2021-5-21 11:41:24,23.55548,120.48457
2021-5-21 11:41:25,9.769
2021-5-21 11:41:25,23.55548,120.48462
2021-5-21 11:41:27,9.828
2021-5-21 11:41:27,23.55547,120.48467
2021-5-21 11:41:28,9.881
2021-5-21 11:41:28,23.55547,120.48471
2021-5-21 11:41:30,9.920
2021-5-21 11:41:30,23.55547,120.48476
2021-5-21 11:41:31,9.967
2021-5-21 11:41:31,23.55546,120.48480
2021-5-21 11:41:33,10.013
2021-5-21 11:41:33,23.55546,120.48485
2021-5-21 11:41:34,10.070
2021-5-21 11:41:34,23.55545,120.48490
2021-5-21 11:41:36,10.109
2021-5-21 11:41:36,23.55545,120.48495
2021-5-21 11:41:37,10.166
2021-5-21 11:41:37,23.55544,120.48500
2021-5-21 11:41:39,10.192
2021-5-21 11:41:39,23.55544,120.48504
2021-5-21 11:41:40,10.227
2021-5-21 11:41:40,23.55543,120.48509
2021-5-21 11:41:42,10.261
2021-5-21 11:41:42,23.55543,120.48513
2021-5-21 11:41:43,10.303
2021-5-21 11:41:43,23.55543,120.48518
2021-5-21 11:41:45,10.337
2021-5-21 11:41:45,23.55543,120.48523
2021-5-21 11:41:46,10.369
2021-5-21 11:41:46,23.55543,120.48528
2021-5-21 11:41:48,10.396
2021-5-21 11:41:48,23.55542,120.48533
2021-5-21 11:41:49,10.424
2021-5-21 11:41:49,23.55542,120.48537
2021-5-21 11:41:51,10.469
2021-5-21 11:41:51,23.55542,120.48542
2021-5-21 11:41:52,10.500
2021-5-21 11:41:52,23.55542,120.48547
2021-5-21 11:41:54,10.522
2021-5-21 11:41:54,23.55541,120.48552
2021-5-21 11:41:55,10.550
2021-5-21 11:41:55,23.55540,120.48557
2021-5-21 11:41:57,10.560
2021-5-21 11:41:57,23.55539,120.48561
2021-5-21 11:41:58,10.576
2021-5-21 11:41:58,23.55539,120.48566
2021-5-21 11:42:0,10.594
2021-5-21 11:42:0,23.55538,120.48570
2021-5-21 11:42:1,10.600
2021-5-21 11:42:1,23.55538,120.48575
2021-5-21 11:42:3,10.618
2021-5-21 11:42:3,23.55537,120.48579
2021-5-21 11:42:4,10.628
2021-5-21 11:42:4,23.55536,120.48584
2021-5-21 11:42:6,10.648
2021-5-21 11:42:6,23.55536,120.48589
2021-5-21 11:42:7,10.669
2021-5-21 11:42:7,23.55535,120.48593
2021-5-21 11:42:9,10.694
2021-5-21 11:42:9,23.55534,120.48598
2021-5-21 11:42:10,10.713
2021-5-21 11:42:10,23.55533,120.48603
2021-5-21 11:42:12,10.725
2021-5-21 11:42:12,23.55533,120.48607
2021-5-21 11:42:13,10.735
2021-5-21 11:42:13,23.55532,120.48612
2021-5-21 11:42:15,10.739
2021-5-21 11:42:15,23.55531,120.48616
2021-5-21 11:42:16,10.747
2021-5-21 11:42:16,23.55530,120.48621
2021-5-21 11:42:18,10.762
2021-5-21 11:42:18,23.55529,120.48625
2021-5-21 11:42:19,10.771
2021-5-21 11:42:19,23.55529,120.48630
2021-5-21 11:42:21,10.783
2021-5-21 11:42:21,23.55528,120.48634
2021-5-21 11:42:22,10.793
2021-5-21 11:42:22,23.55527,120.48639
2021-5-21 11:42:24,10.801
2021-5-21 11:42:24,23.55526,120.48643
2021-5-21 11:42:25,10.809
2021-5-21 11:42:25,23.55526,120.48648
2021-5-21 11:42:27,10.819
2021-5-21 11:42:27,23.55525,120.48653
2021-5-21 11:42:28,10.829
2021-5-21 11:42:28,23.55524,120.48657
2021-5-21 11:42:30,10.837
2021-5-21 11:42:30,23.55523,120.48662
2021-5-21 11:42:31,10.835
2021-5-21 11:42:31,23.55523,120.48666
2021-5-21 11:42:33,10.839
2021-5-21 11:42:33,23.55522,120.48671
2021-5-21 11:42:34,10.853
2021-5-21 11:42:34,23.55521,120.48675
2021-5-21 11:42:36,10.863
2021-5-21 11:42:36,23.55521,120.48680
2021-5-21 11:42:37,10.867
2021-5-21 11:42:37,23.55520,120.48685
2021-5-21 11:42:39,10.872
2021-5-21 11:42:39,23.55519,120.48689
2021-5-21 11:42:40,10.870
2021-5-21 11:42:40,23.55518,120.48693
2021-5-21 11:42:42,10.873
2021-5-21 11:42:42,23.55518,120.48698
2021-5-21 11:42:43,10.877
2021-5-21 11:42:43,23.55517,120.48702
2021-5-21 11:42:45,10.883
2021-5-21 11:42:45,23.55516,120.48707
2021-5-21 11:42:46,10.890
2021-5-21 11:42:46,23.55516,120.48712
2021-5-21 11:42:48,10.905
2021-5-21 11:42:48,23.55515,120.48716
2021-5-21 11:42:49,10.922
2021-5-21 11:42:49,23.55514,120.48721
2021-5-21 11:42:51,10.937
2021-5-21 11:42:51,23.55514,120.48726
2021-5-21 11:42:52,10.951
2021-5-21 11:42:52,23.55513,120.48731
2021-5-21 11:42:54,10.963
2021-5-21 11:42:54,23.55512,120.48736
2021-5-21 11:42:55,10.979
2021-5-21 11:42:55,23.55511,120.48741
2021-5-21 11:42:57,10.987
2021-5-21 11:42:57,23.55511,120.48745
2021-5-21 11:42:58,10.994
2021-5-21 11:42:58,23.55510,120.48750
2021-5-21 11:43:0,10.999
2021-5-21 11:43:0,23.55509,120.48755
2021-5-21 11:43:1,11.007
2021-5-21 11:43:1,23.55508,120.48759
2021-5-21 11:43:3,11.014
2021-5-21 11:43:3,23.55508,120.48764
2021-5-21 11:43:4,11.017
2021-5-21 11:43:4,23.55507,120.48769
2021-5-21 11:43:6,11.020
2021-5-21 11:43:6,23.55506,120.48773
2021-5-21 11:43:7,11.020
2021-5-21 11:43:7,23.55505,120.48778
2021-5-21 11:43:9,11.029
2021-5-21 11:43:9,23.55505,120.48782
2021-5-21 11:43:10,11.034
2021-5-21 11:43:10,23.55504,120.48787
2021-5-21 11:43:12,11.042
2021-5-21 11:43:12,23.55503,120.48792
2021-5-21 11:43:13,11.059
2021-5-21 11:43:13,23.55502,120.48797
2021-5-21 11:43:15,11.066
2021-5-21 11:43:15,23.55501,120.48802
2021-5-21 11:43:16,11.081
2021-5-21 11:43:16,23.55500,120.48807
2021-5-21 11:43:18,11.086
2021-5-21 11:43:18,23.55499,120.48811
2021-5-21 11:43:19,11.097
2021-5-21 11:43:19,23.55498,120.48816
2021-5-21 11:43:21,11.110
2021-5-21 11:43:21,23.55497,120.48821
2021-5-21 11:43:22,11.113
2021-5-21 11:43:22,23.55496,120.48826
2021-5-21 11:43:24,11.129
2021-5-21 11:43:24,23.55495,120.48831
2021-5-21 11:43:25,11.140
2021-5-21 11:43:25,23.55495,120.48836
2021-5-21 11:43:27,11.134
2021-5-21 11:43:27,23.55494,120.48840
2021-5-21 11:43:28,11.119
2021-5-21 11:43:28,23.55494,120.48844
2021-5-21 11:43:30,11.094
2021-5-21 11:43:30,23.55493,120.48848
2021-5-21 11:43:31,11.074
2021-5-21 11:43:31,23.55492,120.48852
2021-5-21 11:43:33,11.054
2021-5-21 11:43:33,23.55492,120.48855
2021-5-21 11:43:34,11.026
2021-5-21 11:43:34,23.55491,120.48859
2021-5-21 11:43:36,12.520
2021-5-21 11:43:36,23.55493,120.48817
2021-5-21 11:43:37,12.894
2021-5-21 11:43:37,23.55494,120.48812
2021-5-21 11:43:39,11.905
2021-5-21 11:43:39,23.55495,120.48806
2021-5-21 11:43:40,10.940
2021-5-21 11:43:40,23.55495,120.48802
2021-5-21 11:43:42,10.628
2021-5-21 11:43:42,23.55496,120.48798
2021-5-21 11:43:43,10.048
2021-5-21 11:43:43,23.55495,120.48794
2021-5-21 11:43:45,9.271
2021-5-21 11:43:45,23.55496,120.48791
2021-5-21 11:43:46,9.017
2021-5-21 11:43:46,23.55496,120.48788
2021-5-21 11:43:48,8.697
2021-5-21 11:43:48,23.55495,120.48785
2021-5-21 11:43:49,7.628
2021-5-21 11:43:49,23.55495,120.48784
2021-5-21 11:43:51,6.756
2021-5-21 11:43:51,23.55495,120.48784
2021-5-21 11:43:52,6.069
2021-5-21 11:43:52,23.55495,120.48784
2021-5-21 11:43:54,5.407
2021-5-21 11:43:54,23.55495,120.48783
2021-5-21 11:43:55,4.859
2021-5-21 11:43:55,23.55495,120.48783
2021-5-21 11:43:57,4.470
2021-5-21 11:43:57,23.55495,120.48783
2021-5-21 11:43:58,4.168
2021-5-21 11:43:58,23.55495,120.48782
2021-5-21 11:44:0,3.914
2021-5-21 11:44:0,23.55495,120.48782
2021-5-21 11:44:1,3.715
2021-5-21 11:44:1,23.55495,120.48781
2021-5-21 11:44:3,3.510
2021-5-21 11:44:3,23.55495,120.48781
2021-5-21 11:44:4,3.312
2021-5-21 11:44:4,23.55495,120.48781
2021-5-21 11:44:6,3.183
2021-5-21 11:44:6,23.55495,120.48781
2021-5-21 11:44:7,3.051
2021-5-21 11:44:7,23.55494,120.48780
2021-5-21 11:44:9,2.891
2021-5-21 11:44:9,23.55494,120.48781
2021-5-21 11:44:10,2.749
2021-5-21 11:44:10,23.55494,120.48781
2021-5-21 11:44:12,2.614
2021-5-21 11:44:12,23.55494,120.48781
2021-5-21 11:44:13,2.492
2021-5-21 11:44:13,23.55494,120.48781
2021-5-21 11:44:15,2.393
2021-5-21 11:44:15,23.55494,120.48780
2021-5-21 11:44:16,2.305
2021-5-21 11:44:16,23.55494,120.48780
2021-5-21 11:44:18,2.223
2021-5-21 11:44:18,23.55494,120.48780
2021-5-21 11:44:19,2.127
2021-5-21 11:44:19,23.55494,120.48780
2021-5-21 11:44:21,2.044
2021-5-21 11:44:21,23.55493,120.48780
2021-5-21 11:44:22,1.961
2021-5-21 11:44:22,23.55493,120.48780
2021-5-21 11:44:24,1.896
2021-5-21 11:44:24,23.55494,120.48780
2021-5-21 11:44:25,1.834
2021-5-21 11:44:25,23.55494,120.48779
2021-5-21 11:44:27,1.745
2021-5-21 11:44:27,23.55494,120.48780
2021-5-21 11:44:28,1.698
2021-5-21 11:44:28,23.55494,120.48779
2021-5-21 11:44:30,1.654
2021-5-21 11:44:30,23.55494,120.48779
2021-5-21 11:44:31,1.623
2021-5-21 11:44:31,23.55494,120.48779
2021-5-21 11:44:33,1.583
2021-5-21 11:44:33,23.55494,120.48779
2021-5-21 11:44:34,1.542
2021-5-21 11:44:34,23.55494,120.48779
2021-5-21 11:44:36,1.514
2021-5-21 11:44:36,23.55494,120.48778
2021-5-21 11:44:37,1.516
2021-5-21 11:44:37,23.55494,120.48778
2021-5-21 11:44:39,1.531
2021-5-21 11:44:39,23.55494,120.48777
2021-5-21 11:44:40,1.622
2021-5-21 11:44:40,23.55494,120.48776
2021-5-21 11:44:42,1.827
2021-5-21 11:44:42,23.55493,120.48774
2021-5-21 11:44:43,1.940
2021-5-21 11:44:43,23.55493,120.48772
2021-5-21 11:44:45,2.059
2021-5-21 11:44:45,23.55493,120.48770
2021-5-21 11:44:46,2.155
2021-5-21 11:44:46,23.55493,120.48768
2021-5-21 11:44:48,2.232
2021-5-21 11:44:48,23.55492,120.48766
2021-5-21 11:44:49,2.318
2021-5-21 11:44:49,23.55492,120.48764
2021-5-21 11:44:51,2.441
2021-5-21 11:44:51,23.55492,120.48761
2021-5-21 11:44:52,2.588
2021-5-21 11:44:52,23.55491,120.48758
2021-5-21 11:44:54,2.656
2021-5-21 11:44:54,23.55491,120.48756
2021-5-21 11:44:55,2.672
2021-5-21 11:44:55,23.55491,120.48755
2021-5-21 11:44:57,2.695
2021-5-21 11:44:57,23.55491,120.48753
2021-5-21 11:44:58,2.721
2021-5-21 11:44:58,23.55491,120.48752
2021-5-21 11:45:0,2.737
2021-5-21 11:45:0,23.55491,120.48750
2021-5-21 11:45:1,2.755
2021-5-21 11:45:1,23.55491,120.48748
2021-5-21 11:45:3,2.773
2021-5-21 11:45:3,23.55491,120.48747
2021-5-21 11:45:4,2.772
2021-5-21 11:45:4,23.55491,120.48745
2021-5-21 11:45:6,2.799
2021-5-21 11:45:6,23.55491,120.48743
2021-5-21 11:45:7,2.809
2021-5-21 11:45:7,23.55491,120.48742
2021-5-21 11:45:9,2.809
2021-5-21 11:45:9,23.55491,120.48740
2021-5-21 11:45:10,2.803
2021-5-21 11:45:10,23.55492,120.48739
2021-5-21 11:45:12,2.795
2021-5-21 11:45:12,23.55492,120.48738
2021-5-21 11:45:13,2.790
2021-5-21 11:45:13,23.55492,120.48737
2021-5-21 11:45:15,2.786
2021-5-21 11:45:15,23.55493,120.48736
2021-5-21 11:45:16,2.777
2021-5-21 11:45:16,23.55493,120.48734
2021-5-21 11:45:18,2.751
2021-5-21 11:45:18,23.55493,120.48734
2021-5-21 11:45:19,2.730
2021-5-21 11:45:19,23.55493,120.48733
2021-5-21 11:45:21,2.714
2021-5-21 11:45:21,23.55493,120.48732
2021-5-21 11:45:22,2.700
2021-5-21 11:45:22,23.55494,120.48731
2021-5-21 11:45:24,2.685
2021-5-21 11:45:24,23.55494,120.48730
2021-5-21 11:45:25,2.674
2021-5-21 11:45:25,23.55494,120.48729
2021-5-21 11:45:27,2.656
2021-5-21 11:45:27,23.55494,120.48728
2021-5-21 11:45:28,2.634
2021-5-21 11:45:28,23.55495,120.48727
2021-5-21 11:45:30,2.610
2021-5-21 11:45:30,23.55495,120.48726
2021-5-21 11:45:31,2.583
2021-5-21 11:45:31,23.55495,120.48726
2021-5-21 11:45:33,2.563
2021-5-21 11:45:33,23.55495,120.48725
2021-5-21 11:45:34,2.536
2021-5-21 11:45:34,23.55495,120.48724
2021-5-21 11:45:36,2.509
2021-5-21 11:45:36,23.55495,120.48724
2021-5-21 11:45:37,2.495
2021-5-21 11:45:37,23.55496,120.48723
2021-5-21 11:45:39,2.477
2021-5-21 11:45:39,23.55496,120.48722
2021-5-21 11:45:40,2.464
2021-5-21 11:45:40,23.55496,120.48722
2021-5-21 11:45:42,2.442
2021-5-21 11:45:42,23.55496,120.48721
2021-5-21 11:45:43,2.423
2021-5-21 11:45:43,23.55496,120.48720
2021-5-21 11:45:45,2.407
2021-5-21 11:45:45,23.55496,120.48720
2021-5-21 11:45:46,2.412
2021-5-21 11:45:46,23.55496,120.48719
2021-5-21 11:45:48,2.419
2021-5-21 11:45:48,23.55496,120.48718
2021-5-21 11:45:49,2.428
2021-5-21 11:45:49,23.55496,120.48717
2021-5-21 11:45:51,2.441
2021-5-21 11:45:51,23.55496,120.48715
2021-5-21 11:45:52,2.461
2021-5-21 11:45:52,23.55496,120.48714
2021-5-21 11:45:54,2.471
2021-5-21 11:45:54,23.55496,120.48713
2021-5-21 11:45:55,2.476
2021-5-21 11:45:55,23.55497,120.48712
2021-5-21 11:45:57,2.484
2021-5-21 11:45:57,23.55496,120.48710
2021-5-21 11:45:58,2.483
2021-5-21 11:45:58,23.55497,120.48709
2021-5-21 11:46:0,2.485
2021-5-21 11:46:0,23.55497,120.48708
2021-5-21 11:46:1,2.482
2021-5-21 11:46:1,23.55497,120.48707
2021-5-21 11:46:3,2.475
2021-5-21 11:46:3,23.55497,120.48706
2021-5-21 11:46:4,2.465
2021-5-21 11:46:4,23.55498,120.48705
2021-5-21 11:46:6,2.455
2021-5-21 11:46:6,23.55498,120.48705
2021-5-21 11:46:7,2.445
2021-5-21 11:46:7,23.55498,120.48704
2021-5-21 11:46:9,2.437
2021-5-21 11:46:9,23.55499,120.48703
2021-5-21 11:46:10,2.431
2021-5-21 11:46:10,23.55499,120.48702
2021-5-21 11:46:12,2.425
2021-5-21 11:46:12,23.55499,120.48701
2021-5-21 11:46:13,2.418
2021-5-21 11:46:13,23.55499,120.48700
2021-5-21 11:46:15,2.409
2021-5-21 11:46:15,23.55499,120.48700
2021-5-21 11:46:16,2.224
2021-5-21 11:46:16,23.55499,120.48699
2021-5-21 11:46:18,2.070
2021-5-21 11:46:18,23.55499,120.48698
2021-5-21 11:46:19,1.935
2021-5-21 11:46:19,23.55499,120.48698
2021-5-21 11:46:21,1.831
2021-5-21 11:46:21,23.55499,120.48697
2021-5-21 11:46:22,1.742
2021-5-21 11:46:22,23.55499,120.48697
2021-5-21 11:46:24,1.654
2021-5-21 11:46:24,23.55500,120.48696
2021-5-21 11:46:25,1.585
2021-5-21 11:46:25,23.55500,120.48696
2021-5-21 11:46:27,1.513
2021-5-21 11:46:27,23.55500,120.48695
2021-5-21 11:46:28,1.432
2021-5-21 11:46:28,23.55500,120.48695
2021-5-21 11:46:30,1.360
2021-5-21 11:46:30,23.55500,120.48695
2021-5-21 11:46:31,1.290
2021-5-21 11:46:31,23.55500,120.48695
2021-5-21 11:46:33,1.220
2021-5-21 11:46:33,23.55500,120.48695
2021-5-21 11:46:34,1.168
2021-5-21 11:46:34,23.55500,120.48695
2021-5-21 11:46:36,1.105
2021-5-21 11:46:36,23.55500,120.48695
2021-5-21 11:46:37,1.055
2021-5-21 11:46:37,23.55500,120.48695
2021-5-21 11:46:39,1.007
2021-5-21 11:46:39,23.55500,120.48695
2021-5-21 11:46:40,0.974
2021-5-21 11:46:40,23.55500,120.48694
2021-5-21 11:46:42,0.941
2021-5-21 11:46:42,23.55500,120.48694
2021-5-21 11:46:43,0.905
2021-5-21 11:46:43,23.55501,120.48694
2021-5-21 11:46:45,0.872
2021-5-21 11:46:45,23.55501,120.48694
2021-5-21 11:46:46,0.826
2021-5-21 11:46:46,23.55501,120.48694
2021-5-21 11:46:48,0.785
2021-5-21 11:46:48,23.55501,120.48695
2021-5-21 11:46:49,0.741
2021-5-21 11:46:49,23.55502,120.48695
2021-5-21 11:46:51,0.696
2021-5-21 11:46:51,23.55502,120.48695
2021-5-21 11:46:52,0.662
2021-5-21 11:46:52,23.55502,120.48695
2021-5-21 11:46:54,0.628
2021-5-21 11:46:54,23.55502,120.48695
2021-5-21 11:46:55,0.598
2021-5-21 11:46:55,23.55502,120.48696
2021-5-21 11:46:57,0.564
2021-5-21 11:46:57,23.55502,120.48696
2021-5-21 11:46:58,0.532
2021-5-21 11:46:58,23.55503,120.48696
2021-5-21 11:47:0,0.509
2021-5-21 11:47:0,23.55503,120.48696
2021-5-21 11:47:1,0.493
2021-5-21 11:47:1,23.55503,120.48696
2021-5-21 11:47:3,0.476
2021-5-21 11:47:3,23.55503,120.48696
2021-5-21 11:47:4,0.460
2021-5-21 11:47:4,23.55503,120.48696
2021-5-21 11:47:6,0.447
2021-5-21 11:47:6,23.55504,120.48696
2021-5-21 11:47:7,0.428
2021-5-21 11:47:7,23.55504,120.48696
2021-5-21 11:47:9,0.412
2021-5-21 11:47:9,23.55504,120.48697
2021-5-21 11:47:10,0.399
2021-5-21 11:47:10,23.55504,120.48697
2021-5-21 11:47:12,0.386
2021-5-21 11:47:12,23.55504,120.48697
2021-5-21 11:47:13,0.374
2021-5-21 11:47:13,23.55504,120.48697
2021-5-21 11:47:15,0.361
2021-5-21 11:47:15,23.55504,120.48697
2021-5-21 11:47:16,0.349
2021-5-21 11:47:16,23.55504,120.48697
2021-5-21 11:47:18,0.336
2021-5-21 11:47:18,23.55504,120.48697
2021-5-21 11:47:19,0.321
2021-5-21 11:47:19,23.55505,120.48697
2021-5-21 11:47:21,0.308
2021-5-21 11:47:21,23.55505,120.48698
2021-5-21 11:47:22,0.301
2021-5-21 11:47:22,23.55505,120.48698
2021-5-21 11:47:24,0.292
2021-5-21 11:47:24,23.55505,120.48698
2021-5-21 11:47:25,0.284
2021-5-21 11:47:25,23.55505,120.48698
2021-5-21 11:47:27,0.273
2021-5-21 11:47:27,23.55505,120.48698
2021-5-21 11:47:28,0.268
2021-5-21 11:47:28,23.55505,120.48698
2021-5-21 11:47:30,0.264
2021-5-21 11:47:30,23.55505,120.48698
2021-5-21 11:47:31,0.265
2021-5-21 11:47:31,23.55506,120.48698
2021-5-21 11:47:33,0.255
2021-5-21 11:47:33,23.55506,120.48698
2021-5-21 11:47:34,0.244
2021-5-21 11:47:34,23.55506,120.48699
2021-5-21 11:47:36,0.234
2021-5-21 11:47:36,23.55506,120.48699
2021-5-21 11:47:37,0.229
2021-5-21 11:47:37,23.55506,120.48699
2021-5-21 11:47:39,0.227
2021-5-21 11:47:39,23.55506,120.48699
2021-5-21 11:47:40,0.223
2021-5-21 11:47:40,23.55506,120.48699
2021-5-21 11:47:42,0.219
2021-5-21 11:47:42,23.55506,120.48699
2021-5-21 11:47:43,0.215
2021-5-21 11:47:43,23.55506,120.48699
2021-5-21 11:47:45,0.212
2021-5-21 11:47:45,23.55506,120.48699
2021-5-21 11:47:46,0.209
2021-5-21 11:47:46,23.55507,120.48699
2021-5-21 11:47:48,0.207
2021-5-21 11:47:48,23.55507,120.487
2021-5-21 11:47:49,0.202
2021-5-21 11:47:49,23.55507,120.48700
2021-5-21 11:47:51,0.199
2021-5-21 11:47:51,23.55507,120.48700
2021-5-21 11:47:52,0.194
2021-5-21 11:47:52,23.55507,120.48700
2021-5-21 11:47:54,0.189
2021-5-21 11:47:54,23.55507,120.48700
2021-5-21 11:47:55,0.183
2021-5-21 11:47:55,23.55507,120.48700
2021-5-21 11:47:57,0.179
2021-5-21 11:47:57,23.55507,120.48700
2021-5-21 11:47:58,0.175
2021-5-21 11:47:58,23.55507,120.48700
2021-5-21 11:48:0,0.172
2021-5-21 11:48:0,23.55507,120.48701
2021-5-21 11:48:1,0.170
2021-5-21 11:48:1,23.55507,120.48701
2021-5-21 11:48:3,0.168
2021-5-21 11:48:3,23.55507,120.48701
2021-5-21 11:48:4,0.167
2021-5-21 11:48:4,23.55507,120.48701
2021-5-21 11:48:6,0.166
2021-5-21 11:48:6,23.55507,120.48701
2021-5-21 11:48:7,0.164
2021-5-21 11:48:7,23.55507,120.48701
2021-5-21 11:48:9,0.162
2021-5-21 11:48:9,23.55507,120.48701
2021-5-21 11:48:10,0.160
2021-5-21 11:48:10,23.55507,120.48701
2021-5-21 11:48:12,0.158
2021-5-21 11:48:12,23.55507,120.48701
2021-5-21 11:48:13,0.156
2021-5-21 11:48:13,23.55507,120.48701
2021-5-21 11:48:15,0.154
2021-5-21 11:48:15,23.55507,120.48701
2021-5-21 11:48:16,0.152
2021-5-21 11:48:16,23.55507,120.48701
2021-5-21 11:48:18,0.149
2021-5-21 11:48:18,23.55507,120.48701
2021-5-21 11:48:19,0.146
2021-5-21 11:48:19,23.55507,120.48701
2021-5-21 11:48:21,0.144
2021-5-21 11:48:21,23.55507,120.48701
2021-5-21 11:48:22,0.139
2021-5-21 11:48:22,23.55507,120.48701
2021-5-21 11:48:24,0.137
2021-5-21 11:48:24,23.55507,120.48701
2021-5-21 11:48:25,0.134
2021-5-21 11:48:25,23.55507,120.48701
2021-5-21 11:48:27,0.130
2021-5-21 11:48:27,23.55507,120.48701
2021-5-21 11:48:28,0.128
2021-5-21 11:48:28,23.55507,120.48701
2021-5-21 11:48:30,0.124
2021-5-21 11:48:30,23.55507,120.48701
2021-5-21 11:48:31,0.128
2021-5-21 11:48:31,23.55507,120.48701
2021-5-21 11:48:33,0.134
2021-5-21 11:48:33,23.55507,120.48700
2021-5-21 11:48:34,0.147
2021-5-21 11:48:34,23.55507,120.48699
2021-5-21 11:48:36,0.163
2021-5-21 11:48:36,23.55507,120.48699
2021-5-21 11:48:37,0.176
2021-5-21 11:48:37,23.55507,120.48698
2021-5-21 11:48:39,0.199
2021-5-21 11:48:39,23.55507,120.48697
2021-5-21 11:48:40,0.226
2021-5-21 11:48:40,23.55507,120.48696
2021-5-21 11:48:42,0.240
2021-5-21 11:48:42,23.55507,120.48696
2021-5-21 11:48:43,0.264
2021-5-21 11:48:43,23.55507,120.48695
2021-5-21 11:48:45,0.291
2021-5-21 11:48:45,23.55507,120.48694
2021-5-21 11:48:46,15.784
2021-5-21 11:48:46,23.55519,120.48657
2021-5-21 11:48:48,15.756
2021-5-21 11:48:48,23.55523,120.48649
2021-5-21 11:48:49,16.019
2021-5-21 11:48:49,23.55525,120.48642
2021-5-21 11:48:51,16.327
2021-5-21 11:48:51,23.55527,120.48634
2021-5-21 11:48:52,16.252
2021-5-21 11:48:52,23.55529,120.48628
2021-5-21 11:48:54,15.783
2021-5-21 11:48:54,23.55531,120.48623
2021-5-21 11:48:55,15.423
2021-5-21 11:48:55,23.55533,120.48617
2021-5-21 11:48:57,15.234
2021-5-21 11:48:57,23.55535,120.48611
2021-5-21 11:48:58,15.057
2021-5-21 11:48:58,23.55537,120.48606
2021-5-21 11:49:0,14.857
2021-5-21 11:49:0,23.55538,120.48601
2021-5-21 11:49:1,14.763
2021-5-21 11:49:1,23.55540,120.48595
2021-5-21 11:49:3,14.777
2021-5-21 11:49:3,23.55543,120.48590
2021-5-21 11:49:4,14.837
2021-5-21 11:49:4,23.55544,120.48584
2021-5-21 11:49:6,14.910
2021-5-21 11:49:6,23.55546,120.48578
2021-5-21 11:49:7,14.911
2021-5-21 11:49:7,23.55548,120.48572
2021-5-21 11:49:9,14.811
2021-5-21 11:49:9,23.55550,120.48567
2021-5-21 11:49:10,14.629
2021-5-21 11:49:10,23.55551,120.48562
2021-5-21 11:49:12,14.371
2021-5-21 11:49:12,23.55552,120.48557
2021-5-21 11:49:13,14.030
2021-5-21 11:49:13,23.55554,120.48553
2021-5-21 11:49:15,13.694
2021-5-21 11:49:15,23.55555,120.48549
