lati,long,Gyro,Gear,Rate,Pressure,Heartbeat,Temp,map_inf
23.56121,120.47666493,-5.044054054054054,1.0,0.239916,0.3393004769475357,32.824088748019015,33.2,0
23.56121,120.47666643,-4.996359300476947,1.0,0.241716,0.4585373608903021,51.84152139461173,33.2,0
23.56121,120.47666793,-5.666825396825397,1.0,0.24351599999999998,0.9050949367088608,70.85895404120443,33.2,0
23.56121,120.47666943,-6.683343848580443,1.0,0.24531599999999998,3.632397476340695,62.214511041009466,33.2,0
23.56121,120.47668,-6.520190476190477,1.0,0.274326,4.497120253164557,52.587301587301596,33.2,0
23.56121,120.47668,-6.3125159235668775,1.0,0.27162600000000003,4.489811320754717,51.0,33.2,0
23.56121,120.47668,-5.8302848101265825,1.0,0.268926,4.955769230769231,39.797468354430364,33.13301587301587,0
23.56121,120.47668,-5.69942857142857,1.0,0.249,6.957088607594937,36.0,33.16202531645569,0
23.56121,120.47668,-5.810700636942675,1.0,0.249,6.515777777777778,30.142857142857146,33.14267515923567,0
23.56121,120.47668,-5.878666666666667,1.0,0.249,5.7499681528662405,64.51592356687898,33.1,0
23.56121,120.47668,-5.917936507936507,1.0,0.249,5.283417721518988,74.47301587301584,33.1,0
23.56121,120.47668,-5.897848101265823,1.0,0.249,5.091509433962265,63.0,33.1,0
23.56121,120.47668,-5.930636942675159,1.0,0.249,4.940739549839228,63.0,33.06542857142857,0
23.56121,120.47668,-5.946050955414012,1.0,0.249,4.862420382165607,63.0,33.040382165605095,0
23.56121,120.47668,-5.897594936708861,1.0,0.234488,4.967428571428573,63.0,33.1,0
23.56121,120.47668,-5.84279365079365,1.0,0.23688800000000002,4.6722784810126585,63.0,33.1,0
23.56121,120.47668,-5.176750788643533,1.0,0.239288,4.7525,63.0,33.1,0
23.56121,120.47668,-3.0187898089171967,1.0,0.30293600000000004,6.571761006289308,63.0,33.1,0
23.56121,120.47668,-1.3833121019108277,1.0,0.295736,8.495369774919617,60.722929936305725,33.1,0
23.56121,120.47668,0.6967088607594936,1.0,0.288536,8.215627009646305,51.42721518987342,33.1,0
23.56121,120.47668,0.4498734177215191,1.0,0.28133600000000003,11.133904761904759,63.229299363057315,33.1,0
23.56121,120.47668,-1.0275159235668787,1.0,0.274136,12.323777777777774,87.84761904761903,33.1,0
23.56121,120.47668,-1.9191719745222928,1.0,0.266936,6.514761904761905,56.41904761904761,33.1,0
23.56121,120.47668,-1.3944444444444444,1.0,0.259736,4.102133757961783,56.0,33.1,0
23.56121,120.47668,-1.9444444444444449,1.0,0.261606,5.907333333333335,33.61904761904762,33.1,0
23.56121,120.47668,-4.054240506329114,1.0,0.252906,8.49983922829582,31.0,33.1,0
23.56121,120.47668,-5.055333333333332,1.0,0.244206,12.326677215189875,29.4063492063492,33.1,0
23.56121,120.47668,-4.3978025477707,1.0,0.22593600000000003,9.851904761904759,71.0891719745223,33.039522292993624,0
23.56121,120.47668,-3.822911392405064,1.0,0.218736,5.96873015873016,59.708860759493675,33.06628571428571,0
23.56121,120.47668,-4.657428571428572,1.0,0.211536,4.989682539682541,59.46349206349207,33.04816455696202,0
23.56121,120.47668,-5.371777777777778,1.0,0.204336,6.282,77.0886075949367,33.01,0
23.56121,120.47668,-5.378253968253968,1.0,0.19713599999999998,9.689516616314199,72.7388535031847,33.01,0
23.56121,120.47668,-5.57687898089172,1.0,0.189936,6.470317460317461,63.0,33.01,0
23.56121,120.47668,-5.316645569620253,1.0,0.18273599999999998,4.196349206349208,48.1139240506329,33.01,0
23.56121,120.47668,-4.753630573248409,1.0,0.219072,4.764857142857143,44.350318471337594,32.976031746031744,0
23.56121,120.47668,-5.305222929936306,1.0,0.204672,8.829809523809523,59.64649681528664,32.93929936305732,0
23.56121,120.47668,-5.748797468354431,1.0,0.190272,5.247142857142856,60.84493670886077,33.01,0
23.56120043,120.47668957,-5.722866242038218,1.0,0.10314,3.53764331210191,68.07324840764332,33.01,0
23.56120193,120.47668807,-5.112334384858045,1.0,0.10013999999999999,6.56719242902208,58.05993690851735,33.01,0
23.56120343,120.47668657,-4.3663375796178325,1.0,0.09714,7.725063694267518,85.0,33.01,0
23.56120493,120.47668507,-4.599936305732483,1.0,0.09414,4.428885350318472,77.77707006369425,33.004585987261144,0
23.56120643,120.47668357,-3.3961146496815284,1.0,0.09114,4.468571428571429,33.835443037974684,32.91095238095238,0
23.56120793,120.47668207,-2.752215189873417,1.0,0.08814000000000001,5.457999999999999,63.0,33.00619047619048,0
23.56120943,120.47668057000004,-4.153821656050956,1.0,0.08514,5.6302229299363065,63.0,33.01,0
23.561220000000002,120.47667,-3.210943396226416,1.0,0.015022000000000006,3.613949843260188,59.215873015873015,33.0872641509434,0
23.561220000000002,120.47667,-3.2076433121019106,1.0,0.02312200000000001,4.9129392971246,59.0,33.1,0
23.561220000000002,120.47667,-4.236582278481013,1.0,0.031222000000000003,5.519303797468353,36.2,33.031142857142854,0
23.561220000000002,120.47667957,-5.452000000000001,1.0,0.065161,3.8022222222222224,32.0,33.07457142857143,0
23.561220000000002,120.47667807,-4.951974522292993,1.0,0.069211,4.359108280254777,30.5031847133758,33.1,0
23.561220000000002,120.47667657,-5.34,1.0,0.07326099999999999,5.356114649681528,44.78025477707008,33.04382165605095,0
23.561220000000002,120.47667507,-6.2503125000000015,1.0,0.077311,4.563479623824451,75.89240506329114,33.01,0
23.561220000000002,120.47667357,-5.986389776357827,1.0,0.081361,5.267324840764331,72.73186119873817,33.056581469648556,0
23.561220000000002,120.47667207,-6.386455696202532,1.0,0.085411,7.0291428571428565,62.0,33.1,0
23.561220000000002,120.47667057,-7.292183544303797,1.0,0.089461,5.133873015873017,46.450793650793656,33.1,0
23.561220000000002,120.47669627999996,-6.203003194888179,1.0,-0.08879600000000001,4.544285714285714,41.019108280254784,33.1,0
23.561220000000002,120.47669027999996,-5.121139240506329,1.0,-0.05459600000000003,5.468,53.0,33.1,0
23.561220000000002,120.47668427999996,-4.862601880877743,1.0,-0.020396000000000025,5.5223125,46.184126984126976,33.074968750000004,0
23.56121043,120.47664957,-3.7664423076923077,1.0,0.15065499999999998,4.3959807073954975,42.99367088607593,33.01,0
23.56121193,120.47664807,-4.808949044585988,1.0,0.16340500000000002,4.192165605095541,63.52229299363057,33.02657142857143,0
23.56121343,120.47664657000004,-5.540666666666667,1.0,0.176155,5.660126582278481,62.40952380952381,33.1,0
23.56121493,120.47664507,-5.782151898734178,1.0,0.188905,4.929555555555555,57.19303797468354,33.092,0
23.56121643,120.47664357,-6.76,1.0,0.201655,4.796222222222221,76.23248407643312,33.01,0
23.56121793,120.47664207,-5.508407643312101,1.0,0.214405,4.487936507936508,62.853968253968254,33.01,0
23.56121943,120.47664057,-6.196477987421384,1.0,0.22715500000000002,5.31435736677116,60.7452229299363,33.01,0
23.56123,120.47666628,-7.1072668810289406,1.0,0.10113400000000004,5.942580645161289,51.191082802547776,33.01,0
23.56123,120.47666028,-6.556835443037975,1.0,0.13683399999999998,4.663249211356466,82.7333333333333,33.01,0
23.56123,120.47665428,-6.086317460317462,1.0,0.17253400000000002,6.758662420382168,85.0,32.92942675159235,0
23.561220429999995,120.47661956999997,-6.965746031746032,1.0,0.346042,7.219810126582278,85.0,32.985632911392386,0
23.561221929999995,120.47661806999996,-6.28828025477707,1.0,0.360142,3.987492063492063,32.872611464968145,33.01,0
23.561223429999995,120.47661657,-6.09628125,1.0,0.374242,4.76880503144654,67.87341772151899,33.01,0
23.56122493,120.47661507,-6.237193548387097,1.0,0.388342,6.162829581993568,85.0,33.12701587301587,0
23.56122643,120.47661356999996,-6.4559235668789805,1.0,0.402442,4.953714285714286,49.38095238095239,33.2,0
23.56122793,120.47661206999996,-6.027586206896553,2.0,0.416542,4.403529411764706,45.649681528662406,33.184195402298855,0
23.56122943,120.47661057,-4.728735632183908,2.0,0.430642,5.063375959079282,51.637583892617435,33.155459770114945,0
23.561239999999998,120.47661814,-3.4298850574712647,2.0,0.48465,5.723222506393862,44.15915627996165,33.126724137931035,0
23.561239999999998,120.47661514,-2.1920700636942674,2.0,0.49215,6.3830690537084385,36.68072866730585,33.10668789808916,0
23.561239999999998,120.47661214,-2.9277388535031847,2.0,0.49965,6.785201342281879,29.898734177215186,33.2,0
23.56123043,120.47658999999999,-4.1683911671924285,2.0,0.5138490000000001,5.225555555555554,31.19108280254777,33.2,0
23.56123193,120.47658999999999,-5.077124600638976,2.0,0.5202990000000001,8.37047770700637,71.91111111111111,33.292698412698414,0
23.56123343,120.47658999999999,-9.467261146496817,2.0,0.5267490000000001,8.343291925465836,58.577777777777776,33.37939490445861,0
23.56123493,120.47658999999999,-11.821777777777779,2.0,0.5331990000000001,4.437450980392158,70.79617834394905,33.473757961783434,0
23.56123643,120.47658999999999,-11.002420382165603,2.0,0.5396489999999999,5.966433121019107,59.828025477707,33.41095238095238,0
23.56123793,120.47658999999999,-10.494620253164557,2.0,0.5460990000000001,6.121645569620253,67.83544303797468,33.39,0
23.56123943,120.47658999999999,-8.980445859872614,2.0,0.5525490000000001,6.97687898089172,64.5828025477707,33.39,0
23.56085092000001,120.47749700000004,-7.372292993630572,2.0,-22.055232,7.790967741935486,63.0,33.454968152866236,0
23.56091692000001,120.477347,-6.344303797468354,2.0,-18.308832000000002,6.045174603174603,39.86708860759494,33.42968253968253,0
23.560982920000008,120.477197,-5.263503184713376,2.0,-14.562431999999998,5.510382165605095,49.28025477707008,33.39,0
23.56146043,120.47612828,-6.302101910828023,2.0,14.028645000000001,6.547579617834394,61.0,33.39,0
23.56146193,120.47612228,-9.408126984126984,2.0,13.880895,4.659808917197452,44.75796178343949,33.39,0
23.56146343,120.47611628000004,-10.41468152866242,2.0,13.733145,2.213949044585987,55.8407643312102,33.35228571428571,0
23.56146493,120.47611028,-9.403291139240503,2.0,13.585395000000002,6.3022012578616335,72.01265822784809,33.3,0
23.56146643,120.47610428,-8.738407643312101,2.0,13.437645000000002,5.541575562700966,61.0,33.26761904761905,0
23.56146793,120.47609828,-6.383312101910827,2.0,13.289895000000001,6.382428115015973,50.65605095541403,33.2,0
23.56146943,120.47609228,-4.2762658227848105,2.0,13.142145000000001,6.283238095238096,41.6139240506329,33.1768253968254,0
23.56153442,120.47617698,-3.527070063694268,2.0,11.703734000000004,2.5434285714285707,63.0,33.1184126984127,0
23.56152542,120.47615597999996,-3.5064968152866243,2.0,11.769434000000004,6.738152866242037,62.56825396825396,33.18630573248409,0
23.56151642,120.47613498,-4.6949526813880125,2.0,11.835134,6.072229299363058,61.33544303797469,33.1,0
23.56145957,120.47602785,-6.9,2.0,12.589874,6.8425949367088625,61.5859872611465,33.09628571428571,0
23.56145807,120.47602035,-6.938216560509554,2.0,12.547574000000001,6.9613968253968235,51.87341772151899,33.010571428571424,0
23.56145657,120.47601285,-5.926329113924051,2.0,12.505274,4.213924050632912,63.490445859872615,33.09514285714286,0
23.56145507,120.47600535,-7.66012738853503,2.0,12.462974,5.757452229299363,84.50955414012739,33.1,0
23.56145357,120.47599785,-10.006369426751592,2.0,12.420674000000005,5.830891719745224,59.80573248407644,33.1,0
23.56145207,120.47599035,-10.82993670886076,2.0,12.378374,3.9035873015873017,54.46835443037974,33.1,0
23.56145057,120.47598285,-10.205859872611462,2.0,12.336074000000005,4.328571428571428,79.96496815286623,33.1,0
23.56151256000001,120.47602069999999,-9.811974522292994,2.0,12.986722,5.4079999999999995,67.60952380952381,33.1,0
23.56150056,120.4760057,-8.798285714285715,2.0,12.829822,5.637579617834394,63.0,33.1,0
23.561488560000008,120.47599070000001,-8.340732484076433,2.0,12.672922,6.182,40.579617834394895,33.1,0
23.56141914,120.47592785,-7.986803797468354,2.0,11.525527000000002,5.454778481012658,53.164556962025316,32.99082539682539,0
23.56141614,120.47592035000002,-7.2153184713375795,2.0,11.523877,5.095079365079366,63.789808917197455,32.91,0
23.56141314,120.47591285,-5.901104100946371,2.0,11.522227,5.7271698113207545,63.0,32.957634069400626,0
23.56141014,120.47590535,-4.058924050632911,2.0,11.520577000000001,2.8403773584905667,63.0,32.967460317460315,0
23.56140714,120.47589785000002,-3.510254777070064,2.0,11.518927,7.3068888888888885,63.0,32.947777777777766,0
23.56140414,120.47589035,-4.625047619047618,2.0,11.517277000000002,5.989714285714284,45.03797468354431,33.01,0
23.56140114,120.47588285,-4.834666666666665,2.0,11.515627,4.329050632911392,41.31210191082802,32.98174603174603,0
23.56141628,120.47590256,-4.963312101910828,2.0,11.843217999999995,6.493184713375796,75.95541401273884,32.91,0
23.56141028,120.47589056,-3.9365517241379315,2.0,11.787118,4.2170476190476185,65.0,32.91,0
23.56140428,120.47587856,-4.0958282208588965,2.0,11.731017999999999,8.731509433962263,57.308917197452224,32.91,0
23.56137914,120.47581871,-4.774515050167222,2.0,11.720854000000005,7.557297297297298,35.079617834394895,32.90530201342282,0
23.56137614,120.47581421,-5.2170886075949365,2.0,11.657554,4.444548494983278,60.686708860759495,32.81507936507936,0
23.56137314,120.47580971,-4.998734177215191,2.0,11.594254,7.49688888888889,72.0,32.91,0
23.56137014,120.47580521,-7.145414012738852,2.0,11.530954,6.517555555555554,70.57278481012658,32.91,0
23.56136714,120.47580071,-7.079873417721518,2.0,11.467654,3.6891139240506323,31.648734177215186,33.000793650793646,0
23.56136414,120.47579621,-5.892429022082019,2.0,11.404354,5.8415772870662455,51.66878980891721,32.924779874213826,0
23.56136114,120.47579171,-6.249935691318327,2.0,11.341054,7.002660256410255,61.94904458598725,32.91,0
23.561376280000008,120.47583255999996,-6.408164556962026,2.0,11.159843999999996,7.57793650793651,63.0,32.91,0
23.56137028000001,120.47582056,-5.711656050955414,2.0,11.116044,8.339047619047621,40.61783439490445,32.83793650793651,0
23.56136428,120.47580856,-5.097006369426751,2.0,11.072243999999996,5.851047619047619,56.06666666666666,32.877515923566875,0
23.56136785,120.47577741999996,-5.76847619047619,2.0,10.253274000000001,5.759012738853503,63.0,32.91,0
23.56136035,120.47576842,-6.981135646687696,2.0,10.330974000000001,7.113773584905663,41.140127388535035,32.91,0
23.56135285,120.47575942,-6.668817891373801,2.0,10.408674000000001,5.17375,52.71518987341773,32.96365079365079,0
23.56134535,120.47575042,-5.929203821656048,2.0,10.486374,3.7887539936102237,64.73248407643311,33.01,0
23.56133785,120.47574142,-6.108089171974522,2.0,10.564074,6.76,59.343949044586,32.965732484076426,0
23.56133035,120.47573242000004,-6.831613924050632,2.0,10.641774,4.283809523809524,63.59493670886077,32.949682539682534,0
23.56132285,120.47572342,-8.307707006369425,2.0,10.719474000000002,4.76647619047619,68.15923566878979,32.97507936507936,0
23.56130628,120.47575069999999,-8.413301886792452,2.0,10.699217999999998,4.974285714285712,63.0,32.94025477707005,0
23.56130028,120.4757357,-7.972939297124599,2.0,10.793117999999998,4.65867924528302,63.0,33.01,0
23.56129428,120.4757207,-9.626942675159237,2.0,10.887018,3.9810862619808303,53.92993630573249,33.028571428571425,0
23.56125957,120.47565785,-7.8498734177215175,2.0,11.227824,4.727388535031848,35.509493670886066,33.06984126984127,0
23.56125807,120.47565035000002,-5.308152866242038,2.0,11.283024000000001,5.04,56.57643312101911,32.92111111111111,0
23.56125657,120.47564285000004,4.072229299363056,2.0,11.338224,4.953809523809523,81.8471337579618,33.01573248407643,0
23.56125507,120.47563535,1.5308280254777071,2.0,11.393424000000001,4.801464968152866,62.41139240506329,33.1,0
23.56125357,120.47562785000002,-0.4737974683544303,1.0,11.448624,4.79433962264151,57.0,33.1,0
23.56125207,120.47562035000004,-0.2672409778812573,1.0,11.503824,5.150497981157469,57.0,33.13383720930233,0
23.56125057,120.47561285,0.1134342258440045,1.0,11.559024,5.901507402422611,57.0,33.16872093023256,0
23.561239999999998,120.4756507,0.5315238095238095,1.0,12.182006,7.668734177215189,49.88888888888889,33.2,0
23.561239999999998,120.47563570000001,1.4926582278481009,1.0,12.143305999999999,4.8111392405063285,23.87658227848101,33.2,0
23.561239999999998,120.4756207,1.6920253164556964,1.0,12.104606,7.584253968253968,70.0,33.2003164556962,0
23.561239999999998,120.47554828,-1.1342857142857141,1.0,11.871635000000005,6.941392405063293,68.75796178343947,33.29525316455696,0
23.561239999999998,120.47554228000004,-1.2956687898089172,1.0,11.863385000000005,5.494888888888889,31.4968152866242,33.20923566878981,0
23.561239999999998,120.47553628,-2.260441640378549,1.0,11.855135000000002,5.90332288401254,51.542586750788644,33.2,0
23.561239999999998,120.47553028,-2.672675159235669,1.0,11.846885000000004,5.395627009646304,75.21337579617833,33.2,0
23.561239999999998,120.47552428,-3.465949367088609,1.0,11.838635,6.186392405063291,65.42088607594937,33.2,0
23.561239999999998,120.47551828,-6.004603174603172,1.0,11.830385,6.558670886075951,52.72380952380952,33.2,0
23.561239999999998,120.47551228,-7.520350318471338,1.0,11.822135000000001,5.151523809523808,76.0828025477707,33.2,0
23.56120372,120.4755607,-7.544145569620253,1.0,12.037914,4.996825396825397,85.0,33.2,0
23.561209720000008,120.4755457,-6.780920634920634,1.0,11.992614,5.462169811320754,48.08571428571428,33.2,0
23.56121572000001,120.47553070000001,-5.673949044585988,1.0,11.947313999999995,5.339519230769231,62.2,33.2,0
23.56125043,120.47545828,-5.809142857142858,1.0,11.901057000000002,6.4017197452229295,72.80891719745222,33.2,0
23.56125193,120.47545228000004,-6.762190476190474,1.0,11.855907,4.641234177215191,57.920634920634924,33.2,0
23.56125343,120.47544628000004,-6.780759493670887,1.0,11.810757,4.136095238095238,53.0,33.23809523809524,0
23.56125493,120.47544028,-7.021656050955415,1.0,11.765607000000001,5.045819397993311,45.60509554140128,33.3,0
23.56125643,120.47543428,-7.283630573248407,1.0,11.720457000000001,4.765460317460317,45.2547770700637,33.3,0
23.56125793,120.47542828,-6.594050632911393,1.0,11.675307,4.538222222222221,58.84493670886077,33.3,0
23.56125943,120.47542228,-6.155796178343947,1.0,11.630156999999995,4.1471974522293,59.47452229299362,33.31742857142857,0
23.56123372,120.47545256,-7.308044164037856,1.0,11.277534,4.935110410094636,76.93690851735016,33.37689873417722,0
23.56123972000001,120.47544056,-8.79108280254777,1.0,11.283233999999998,5.3432165605095525,51.7515923566879,33.308571428571426,0
23.56124572,120.47542856,-8.796624203821656,1.0,11.288934,4.6648726114649675,65.0,33.385700636942666,0
23.56128043,120.47537828,-7.459044585987263,1.0,11.456367,4.0895238095238104,62.6139240506329,33.3,0
23.56128193,120.47537228,-7.4813580246913585,1.0,11.436717,4.5659442724458215,36.44585987261146,33.3,0
23.56128343,120.47536628,-7.888366013071897,1.0,11.417067,4.651155115511552,49.82165605095541,33.3,0
23.56128493,120.47536028,-8.568630573248406,1.0,11.397416999999999,4.2044444444444435,68.7936507936508,33.3,0
23.56128643,120.47535428,-8.37539432176656,1.0,11.377767,4.213291139240505,58.43987341772152,33.21867088607595,0
23.56128793,120.47534828,-7.310095238095237,1.0,11.358117,4.366487341772151,80.55555555555556,33.2,0
23.56128943,120.47534228,-6.859113924050633,1.0,11.338467,4.147142857142858,67.59493670886076,33.27142857142857,0
23.56128186,120.4753907,-7.207746031746028,1.0,11.165534,4.359809523809524,63.0,33.233544303797466,0
23.56128486,120.4753757,-8.10076433121019,1.0,11.171233999999998,4.51420382165605,63.0,33.2,0
23.56128786,120.47536070000001,-7.032911392405063,1.0,11.176934,4.385142857142856,34.45569620253164,33.25714285714285,0
23.56129086,120.47529785,-5.018571428571429,1.0,11.085976999999998,4.3705063291139234,58.6,33.3,0
23.561293859999992,120.47529035,-4.93801261829653,1.0,11.106827000000001,4.166876971608833,85.0,33.252848101265826,0
23.56129686,120.47528285000004,-5.742380952380952,1.0,11.127676999999998,4.025316455696202,58.085714285714296,33.242088607594944,0
23.56129986,120.47527535,-5.46248407643312,1.0,11.148527,3.5851592356687894,31.0,33.3,0
23.56130286,120.47526785,-5.5062382445141065,1.0,11.169377,6.44116352201258,31.0,33.32915094339621,0
23.56130586,120.47526035000004,-7.100857142857144,1.0,11.190226999999998,6.2072063492063485,27.47798742138365,33.365791139240514,0
23.56130886,120.47525285,-7.5830283911671925,1.0,11.211077000000001,5.171167192429022,21.0,33.278164556962025,0
23.56131186000001,120.47529070000002,-7.366031746031745,1.0,11.220136000000005,4.855873015873017,23.444444444444446,33.18322784810127,0
23.56131486000001,120.4752757,-6.789267515923567,1.0,11.242936000000002,4.87232484076433,34.94904458598726,33.0893949044586,0
23.56131786,120.4752607,-7.6857278481012665,1.0,11.265736000000002,4.690796178343948,55.55696202531646,33.01,0
23.56132086,120.47519785,-10.296487341772153,1.0,11.362225,3.9810158730158727,77.85079365079363,33.0075,0
23.56132386,120.47519035,-9.285768025078367,1.0,11.373475,4.6975548589341685,50.0,32.91374999999999,0
23.56132686,120.47518285,-7.000761904761906,1.0,11.384724999999996,4.525650793650794,50.0,32.81828025477707,0
23.56132986,120.47517535,-6.540857142857143,1.0,11.395974999999998,4.023968253968255,36.75555555555556,32.89670886075949,0
23.56133286,120.47516785,-5.992929936305732,1.0,11.407225,3.9850318471337594,55.828025477707,32.827834394904464,0
23.56133586,120.47516035,-4.565189873417721,1.0,11.418475,3.9617777777777774,68.21518987341773,32.887460317460324,0
23.56133886,120.47515285,-3.901142857142857,1.0,11.429725,3.9464126984126975,70.0,32.91,0
23.56132372,120.47519070000001,-4.48,1.0,11.407416,3.936269592476489,70.0,32.84322884012539,0
23.56132972000001,120.4751757,-4.0612903225806445,1.0,11.424216,3.8848076923076933,34.80891719745223,32.81,0
23.56133572,120.4751607,-4.5690445859872595,1.0,11.441016000000001,3.879809523809524,51.64331210191082,32.757834394904464,0
23.56136086,120.47509785,-5.263037974683544,1.0,11.482698,3.9515555555555566,64.94620253164557,32.72,0
23.56136386,120.47509035,-5.381146496815287,1.0,11.495598,4.4709206349206365,63.0,32.763714285714286,0
23.56136686,120.47508285,-5.693566878980893,1.0,11.508498,4.220888888888889,57.82539682539682,32.77044585987261,0
23.56136986,120.47507535,-5.500734824281151,1.0,11.521398,4.202852564102565,53.0,32.75554140127389,0
23.56137286,120.47506785,-5.811351351351352,1.0,11.534298,4.2856287425149695,53.0,32.81,0
23.56137586,120.47506035,-6.628026755852843,1.0,11.547198,4.664633333333335,41.22784810126583,32.81,0
23.56137886,120.47505285,-7.30831210191083,1.0,11.560098000000005,4.300923566878982,35.579617834394895,32.83539682539683,0
23.561309299999994,120.47510883999998,-8.634426751592358,1.0,11.101357999999998,4.014952380952382,63.0,32.91,0
23.561324299999992,120.47509083999998,-11.380379746835446,1.0,11.192258,4.0583809523809515,55.30379746835443,32.91,0
23.5613393,120.47507283999997,-14.00509433962264,1.0,11.283157999999998,4.1548895899053635,37.114649681528654,32.91,0
23.56141172,120.47499742,-14.82548387096774,1.0,11.788439,3.9845425867507887,61.101587301587294,32.90331210191083,0
23.56141772,120.47498842,-13.954516129032257,1.0,11.814389,3.8864102564102567,50.0,32.81,0
23.56142372,120.47497942,-15.101269841269838,1.0,11.840339,3.9513375796178334,49.244444444444454,32.81,0
23.56142972000001,120.47497042,-13.957215189873418,1.0,11.866289,3.943111111111111,36.08860759493671,32.90272151898734,0
23.56143572,120.47496142000004,-12.794285714285712,1.0,11.892239,3.9824148606811134,49.379746835443036,32.99793650793651,0
23.56144172,120.47495242,-10.768184713375797,1.0,11.918189000000005,4.166254071661238,81.87898089171976,33.084857142857146,0
23.56144772,120.47494342,-8.885911949685534,1.0,11.944139,4.151194968553459,65.94267515923569,33.03009433962264,0
23.561399299999994,120.47495256,-8.842083333333333,1.0,12.255794000000005,3.829903536977492,63.0,33.07627009646301,0
23.561414299999992,120.47494056,-8.387133757961779,1.0,12.234494000000005,4.1798089171974535,61.458598726114644,33.1,0
23.5614293,120.47492856,-6.750445859872611,1.0,12.213194000000005,4.309840764331209,53.038095238095245,33.0418152866242,0
23.56150172,120.47487828,-5.92,1.0,11.978482999999995,4.171910828025478,76.45541401273884,33.01,0
23.56150772,120.47487228000004,-5.366329113924051,1.0,11.990633,5.112397476340695,72.57460317460318,33.01,0
23.56151372,120.47486628,-5.280317460317461,1.0,12.002783,6.237515923566878,63.0,33.01,0
23.56151972000001,120.47486028,-5.656920634920636,1.0,12.014933000000001,7.048285714285713,63.0,33.01,0
23.56152572,120.47485428,-6.3085987261146474,1.0,12.027083,5.940095238095237,42.53503184713376,33.04668789808917,0
23.56153172,120.47484828,-7.627025316455697,1.0,12.039233,7.617238095238094,21.0,33.1,0
23.56153772,120.47484228,-7.672277511961721,2.0,12.051383,7.186265060240962,24.904761904761894,33.1,0
23.56147116,120.47489070000002,-8.656966507177032,2.0,11.863086000000004,6.879036144578314,34.30717703349282,33.1,0
23.56148916,120.4748757,-9.641655502392343,2.0,11.908386,6.571807228915661,43.49377990430623,33.1,0
23.56150716,120.47486070000001,-10.626344497607658,2.0,11.953686,6.264578313253013,52.68038277511962,33.1,0
23.56161129,120.47479785,-7.667873015873018,2.0,12.261204,3.889171974522292,61.866985645933006,33.18057324840765,0
23.56161579,120.47479035,-4.814267515923569,2.0,12.265404,4.554857142857143,63.0,33.2,0
23.56162029,120.47478285,-5.099490445859873,2.0,12.269604,7.196560509554139,63.0,33.2,0
23.56162479,120.47477535,-5.983501577287066,2.0,12.273804,7.244857142857143,38.45886075949368,33.2,0
23.56162929,120.47476785,-4.276996805111821,2.0,12.278004,8.58140127388535,30.0,33.2,0
23.56163379,120.47476035,-2.6546081504702195,2.0,12.282204,6.599310344827585,29.34920634920635,33.25714285714285,0
23.56163829,120.47475285,-3.7389032258064514,2.0,12.286404000000005,5.343064516129032,60.46496815286624,33.24745222929936,0
23.56161558,120.47480884,-5.450859872611464,2.0,12.014876000000005,6.414190476190474,63.06369426751593,33.291369426751594,0
23.56162458,120.47479084,-5.686782334384858,2.0,12.064676000000004,6.5189523809523795,57.20253164556962,33.35098101265823,0
23.56163358,120.47477284,-4.834472843450481,2.0,12.114476,1.8231645569620247,74.29936305732485,33.33468152866242,0
23.56167129,120.47470698999996,-4.7360509554140116,2.0,12.343234999999995,7.343514376996803,70.70700636942675,33.35933121019108,0
23.561675789999995,120.47469648999996,-6.6008125,2.0,12.364985,5.6477070063694255,62.20253164556962,33.32615625,0
23.56168029,120.47468598999995,-5.6409265175718835,2.0,12.386734999999994,5.819780564263322,81.0,33.41332268370607,0
23.56168479,120.47467549,-6.36746835443038,2.0,12.408485,6.137707006369427,67.5506329113924,33.50904761904762,0
23.56168929,120.47466499,-9.250700636942671,2.0,12.430235,3.9241139240506326,38.031847133757964,33.60285714285715,0
23.56169379,120.47465449,-7.312857142857142,2.0,12.451984999999995,4.434840764331209,63.0,33.67142857142857,0
23.56169829,120.47464399,-8.671766561514195,2.0,12.473735000000001,4.610952380952381,63.0,33.585253164556974,0
23.56169372,120.47467884000002,-7.848422712933754,2.0,12.331318000000005,4.201392405063292,62.31210191082803,33.490316455696195,0
23.56169972000001,120.47466084,-7.783920972644376,2.0,12.380218000000005,4.281878787878788,54.03030303030304,33.580606060606065,0
23.56170572,120.47464284,-7.247993630573246,2.0,12.429118000000004,4.403376205787781,54.93939393939393,33.59,0
23.56174043,120.47457699,-6.410286624203823,2.0,12.675159999999995,5.921082802547772,81.75159235668788,33.59,0
23.56174193,120.47456648999996,-8.258101265822784,2.0,12.69316,6.662484076433121,64.79746835443038,33.59,0
23.56174343,120.47455598999996,-13.768057324840765,2.0,12.711159999999996,6.0319108280254765,61.0,33.59,0
23.56174493,120.47454549,-17.987324840764327,2.0,12.729159999999995,5.652570532915361,66.26114649681529,33.650477707006374,0
23.56174643,120.47453499,-21.58886075949367,2.0,12.747160000000001,5.863589743589745,55.354430379746844,33.74253968253969,0
23.56174793,120.47452449,-19.110382165605085,2.0,12.765159999999995,6.023789808917197,70.3375796178344,33.78,0
23.56174943,120.47451399,-13.095891719745223,2.0,12.783159999999995,5.721619047619049,68.80952380952381,33.726815286624195,0
23.56172372,120.4745307,-11.365142857142857,1.0,12.988001999999994,5.0414012738853495,64.94585987261145,33.68,0
23.56172972,120.47451570000001,-11.731612903225805,1.0,12.975102,4.592356687898088,59.09068322981365,33.76450372208436,0
23.56173572,120.4745007,-10.473548387096775,1.0,12.962202,4.143312101910826,42.69316770186335,33.946885856079405,0