2021-6-4 14:4:0,0.192
2021-6-4 14:4:0,23.56264,120.47866
2021-6-4 14:4:1,0.186
2021-6-4 14:4:1,23.56264,120.47866
2021-6-4 14:4:3,0.195
2021-6-4 14:4:3,23.56265,120.47865
2021-6-4 14:4:4,0.187
2021-6-4 14:4:4,23.56265,120.47864
2021-6-4 14:4:6,0.191
2021-6-4 14:4:6,23.56265,120.47864
2021-6-4 14:4:7,0.189
2021-6-4 14:4:7,23.56265,120.47864
2021-6-4 14:4:9,0.178
2021-6-4 14:4:9,23.56265,120.47864
2021-6-4 14:4:10,0.167
2021-6-4 14:4:10,23.56265,120.47864
2021-6-4 14:4:12,0.160
2021-6-4 14:4:12,23.56265,120.47864
2021-6-4 14:4:13,0.157
2021-6-4 14:4:13,23.56265,120.47864
2021-6-4 14:4:15,0.147
2021-6-4 14:4:15,23.56265,120.47864
2021-6-4 14:4:16,0.149
2021-6-4 14:4:16,23.56265,120.47864
2021-6-4 14:4:18,0.145
2021-6-4 14:4:18,23.56265,120.47864
2021-6-4 14:4:19,0.142
2021-6-4 14:4:19,23.56265,120.47864
2021-6-4 14:4:21,0.139
2021-6-4 14:4:21,23.56266,120.47864
2021-6-4 14:4:22,0.126
2021-6-4 14:4:22,23.56266,120.47864
2021-6-4 14:4:24,0.113
2021-6-4 14:4:24,23.56266,120.47864
2021-6-4 14:4:25,0.106
2021-6-4 14:4:25,23.56266,120.47864
2021-6-4 14:4:27,0.098
2021-6-4 14:4:27,23.56266,120.47864
2021-6-4 14:4:28,0.085
2021-6-4 14:4:28,23.56266,120.47864
2021-6-4 14:4:30,0.056
2021-6-4 14:4:30,23.56266,120.47865
2021-6-4 14:4:31,0.069
2021-6-4 14:4:31,23.56266,120.47865
2021-6-4 14:4:33,0.183
2021-6-4 14:4:33,23.56266,120.47866
2021-6-4 14:4:34,0.327
2021-6-4 14:4:34,23.56267,120.47868
2021-6-4 14:4:36,0.418
2021-6-4 14:4:36,23.56267,120.47869
2021-6-4 14:4:37,0.469
2021-6-4 14:4:37,23.56267,120.47870
2021-6-4 14:4:39,0.516
2021-6-4 14:4:39,23.56267,120.47870
2021-6-4 14:4:40,0.634
2021-6-4 14:4:40,23.56267,120.47872
2021-6-4 14:4:42,0.644
2021-6-4 14:4:42,23.56267,120.47873
2021-6-4 14:4:43,0.674
2021-6-4 14:4:43,23.56268,120.47873
2021-6-4 14:4:45,0.981
2021-6-4 14:4:45,23.56266,120.47878
2021-6-4 14:4:46,1.147
2021-6-4 14:4:46,23.56265,120.47880
2021-6-4 14:4:48,1.273
2021-6-4 14:4:48,23.56264,120.47882
2021-6-4 14:4:49,1.336
2021-6-4 14:4:49,23.56263,120.47884
2021-6-4 14:4:51,1.549
2021-6-4 14:4:51,23.56262,120.47887
2021-6-4 14:4:52,1.639
2021-6-4 14:4:52,23.56261,120.47889
2021-6-4 14:4:54,1.699
2021-6-4 14:4:54,23.56260,120.47890
2021-6-4 14:4:55,1.735
2021-6-4 14:4:55,23.56260,120.47892
2021-6-4 14:4:57,1.785
2021-6-4 14:4:57,23.56259,120.47893
2021-6-4 14:4:58,1.852
2021-6-4 14:4:58,23.56258,120.47895
2021-6-4 14:5:0,1.912
2021-6-4 14:5:0,23.56258,120.47897
2021-6-4 14:5:1,1.932
2021-6-4 14:5:1,23.56257,120.47898
2021-6-4 14:5:3,1.951
2021-6-4 14:5:3,23.56257,120.47899
2021-6-4 14:5:4,1.961
2021-6-4 14:5:4,23.56257,120.47900
2021-6-4 14:5:6,1.973
2021-6-4 14:5:6,23.56256,120.47901
2021-6-4 14:5:7,1.987
2021-6-4 14:5:7,23.56256,120.47902
2021-6-4 14:5:9,2.007
2021-6-4 14:5:9,23.56255,120.47903
2021-6-4 14:5:10,2.041
2021-6-4 14:5:10,23.56255,120.47904
2021-6-4 14:5:12,2.050
2021-6-4 14:5:12,23.56254,120.47905
2021-6-4 14:5:13,2.092
2021-6-4 14:5:13,23.56253,120.47907
2021-6-4 14:5:15,2.121
2021-6-4 14:5:15,23.56253,120.47908
2021-6-4 14:5:16,2.155
2021-6-4 14:5:16,23.56252,120.47909
2021-6-4 14:5:18,2.182
2021-6-4 14:5:18,23.56251,120.47911
2021-6-4 14:5:19,2.227
2021-6-4 14:5:19,23.56249,120.47912
2021-6-4 14:5:21,2.275
2021-6-4 14:5:21,23.56248,120.47913
2021-6-4 14:5:22,2.315
2021-6-4 14:5:22,23.56246,120.47914
2021-6-4 14:5:24,8.966
2021-6-4 14:5:24,23.56206,120.47983
2021-6-4 14:5:25,8.048
2021-6-4 14:5:25,23.56201,120.47991
2021-6-4 14:5:27,8.766
2021-6-4 14:5:27,23.56197,120.47995
2021-6-4 14:5:28,8.252
2021-6-4 14:5:28,23.56195,120.47999
2021-6-4 14:5:30,8.278
2021-6-4 14:5:30,23.56193,120.48003
2021-6-4 14:5:31,8.621
2021-6-4 14:5:31,23.56188,120.48006
2021-6-4 14:5:33,8.909
2021-6-4 14:5:33,23.56185,120.48009
2021-6-4 14:5:34,8.947
2021-6-4 14:5:34,23.56183,120.48012
2021-6-4 14:5:36,8.899
2021-6-4 14:5:36,23.56181,120.48015
2021-6-4 14:5:37,8.892
2021-6-4 14:5:37,23.56179,120.48018
2021-6-4 14:5:39,9.173
2021-6-4 14:5:39,23.56176,120.48022
2021-6-4 14:5:40,9.177
2021-6-4 14:5:40,23.56174,120.48025
2021-6-4 14:5:42,9.277
2021-6-4 14:5:42,23.56172,120.48028
2021-6-4 14:5:43,9.076
2021-6-4 14:5:43,23.56169,120.48031
2021-6-4 14:5:45,8.894
2021-6-4 14:5:45,23.56167,120.48034
2021-6-4 14:5:46,8.926
2021-6-4 14:5:46,23.56165,120.48037
2021-6-4 14:5:48,8.830
2021-6-4 14:5:48,23.56163,120.48039
2021-6-4 14:5:49,8.874
2021-6-4 14:5:49,23.56161,120.48043
2021-6-4 14:5:51,8.728
2021-6-4 14:5:51,23.56159,120.48046
2021-6-4 14:5:52,8.909
2021-6-4 14:5:52,23.56157,120.48050
2021-6-4 14:5:54,8.840
2021-6-4 14:5:54,23.56155,120.48053
2021-6-4 14:5:55,8.827
2021-6-4 14:5:55,23.56153,120.48056
2021-6-4 14:5:57,8.803
2021-6-4 14:5:57,23.56151,120.4806
2021-6-4 14:5:58,8.816
2021-6-4 14:5:58,23.56149,120.48063
2021-6-4 14:6:0,8.853
2021-6-4 14:6:0,23.56146,120.48066
2021-6-4 14:6:1,8.878
2021-6-4 14:6:1,23.56144,120.48069
2021-6-4 14:6:3,8.898
2021-6-4 14:6:3,23.56142,120.48073
2021-6-4 14:6:4,8.918
2021-6-4 14:6:4,23.56139,120.48076
2021-6-4 14:6:6,8.958
2021-6-4 14:6:6,23.56137,120.48080
2021-6-4 14:6:7,8.960
2021-6-4 14:6:7,23.56134,120.48083
2021-6-4 14:6:9,8.972
2021-6-4 14:6:9,23.56132,120.48086
2021-6-4 14:6:10,8.992
2021-6-4 14:6:10,23.56129,120.48089
2021-6-4 14:6:12,9.031
2021-6-4 14:6:12,23.56127,120.48092
2021-6-4 14:6:13,9.045
2021-6-4 14:6:13,23.56125,120.48096
2021-6-4 14:6:15,9.071
2021-6-4 14:6:15,23.56123,120.48099
2021-6-4 14:6:16,9.063
2021-6-4 14:6:16,23.56121,120.48102
2021-6-4 14:6:18,9.129
2021-6-4 14:6:18,23.56118,120.48106
2021-6-4 14:6:19,9.175
2021-6-4 14:6:19,23.56116,120.48110
2021-6-4 14:6:21,9.149
2021-6-4 14:6:21,23.56114,120.48113
2021-6-4 14:6:22,9.190
2021-6-4 14:6:22,23.56111,120.48116
2021-6-4 14:6:24,9.172
2021-6-4 14:6:24,23.56109,120.48119
2021-6-4 14:6:25,9.147
2021-6-4 14:6:25,23.56107,120.48122
2021-6-4 14:6:27,9.171
2021-6-4 14:6:27,23.56104,120.48126
2021-6-4 14:6:28,9.185
2021-6-4 14:6:28,23.56102,120.48129
2021-6-4 14:6:30,9.207
2021-6-4 14:6:30,23.56100,120.48133
2021-6-4 14:6:31,9.222
2021-6-4 14:6:31,23.56098,120.48136
2021-6-4 14:6:33,9.247
2021-6-4 14:6:33,23.56095,120.48139
2021-6-4 14:6:34,9.296
2021-6-4 14:6:34,23.56093,120.48143
2021-6-4 14:6:36,9.446
2021-6-4 14:6:36,23.56089,120.48148
2021-6-4 14:6:37,9.496
2021-6-4 14:6:37,23.56087,120.48152
2021-6-4 14:6:39,9.552
2021-6-4 14:6:39,23.56084,120.48156
2021-6-4 14:6:40,9.554
2021-6-4 14:6:40,23.56082,120.48160
2021-6-4 14:6:42,9.555
2021-6-4 14:6:42,23.56080,120.48163
2021-6-4 14:6:43,9.525
2021-6-4 14:6:43,23.56078,120.48166
2021-6-4 14:6:45,9.532
2021-6-4 14:6:45,23.56075,120.48170
2021-6-4 14:6:46,9.534
2021-6-4 14:6:46,23.56073,120.48173
2021-6-4 14:6:48,9.539
2021-6-4 14:6:48,23.56070,120.48176
2021-6-4 14:6:49,9.581
2021-6-4 14:6:49,23.56067,120.48180
2021-6-4 14:6:51,9.602
2021-6-4 14:6:51,23.56065,120.48183
2021-6-4 14:6:52,9.615
2021-6-4 14:6:52,23.56063,120.48187
2021-6-4 14:6:54,9.658
2021-6-4 14:6:54,23.56061,120.48191
2021-6-4 14:6:55,9.758
2021-6-4 14:6:55,23.56058,120.48196
2021-6-4 14:6:57,9.802
2021-6-4 14:6:57,23.56055,120.48201
2021-6-4 14:6:58,9.815
2021-6-4 14:6:58,23.56053,120.48204
2021-6-4 14:7:0,9.718
2021-6-4 14:7:0,23.56050,120.48206
2021-6-4 14:7:1,9.670
2021-6-4 14:7:1,23.56048,120.48209
2021-6-4 14:7:3,9.557
2021-6-4 14:7:3,23.56047,120.48211
2021-6-4 14:7:4,9.478
2021-6-4 14:7:4,23.56044,120.48213
2021-6-4 14:7:6,9.408
2021-6-4 14:7:6,23.56041,120.48214
2021-6-4 14:7:7,9.278
2021-6-4 14:7:7,23.56039,120.48215
2021-6-4 14:7:9,9.084
2021-6-4 14:7:9,23.56038,120.48216
2021-6-4 14:7:10,8.977
2021-6-4 14:7:10,23.56036,120.48217
2021-6-4 14:7:12,8.964
2021-6-4 14:7:12,23.56033,120.48219
2021-6-4 14:7:13,8.907
2021-6-4 14:7:13,23.56030,120.48219
2021-6-4 14:7:15,8.854
2021-6-4 14:7:15,23.56027,120.48220
2021-6-4 14:7:16,8.769
2021-6-4 14:7:16,23.56025,120.48221
2021-6-4 14:7:18,8.660
2021-6-4 14:7:18,23.56023,120.48221
2021-6-4 14:7:19,8.557
2021-6-4 14:7:19,23.56021,120.48221
2021-6-4 14:7:21,8.371
2021-6-4 14:7:21,23.56020,120.48220
2021-6-4 14:7:22,8.268
2021-6-4 14:7:22,23.56019,120.48220
2021-6-4 14:7:24,8.193
2021-6-4 14:7:24,23.56017,120.48221
2021-6-4 14:7:25,8.079
2021-6-4 14:7:25,23.56016,120.48221
2021-6-4 14:7:27,11.169
2021-6-4 14:7:27,23.55994,120.48176
2021-6-4 14:7:28,11.578
2021-6-4 14:7:28,23.55989,120.48172
2021-6-4 14:7:30,12.700
2021-6-4 14:7:30,23.55983,120.48167
2021-6-4 14:7:31,12.810
2021-6-4 14:7:31,23.55979,120.48163
2021-6-4 14:7:33,12.566
2021-6-4 14:7:33,23.55974,120.48160
2021-6-4 14:7:34,12.616
2021-6-4 14:7:34,23.55969,120.48157
2021-6-4 14:7:36,12.755
2021-6-4 14:7:36,23.55965,120.48154
2021-6-4 14:7:37,12.671
2021-6-4 14:7:37,23.55961,120.48151
2021-6-4 14:7:39,12.469
2021-6-4 14:7:39,23.55959,120.48149
2021-6-4 14:7:40,12.427
2021-6-4 14:7:40,23.55955,120.48146
2021-6-4 14:7:42,12.374
2021-6-4 14:7:42,23.55951,120.48143
2021-6-4 14:7:43,12.453
2021-6-4 14:7:43,23.55946,120.48139
2021-6-4 14:7:45,12.372
2021-6-4 14:7:45,23.55943,120.48136
2021-6-4 14:7:46,12.244
2021-6-4 14:7:46,23.55939,120.48133
2021-6-4 14:7:48,12.335
2021-6-4 14:7:48,23.55935,120.48130
2021-6-4 14:7:49,12.414
2021-6-4 14:7:49,23.55932,120.48127
2021-6-4 14:7:51,12.588
2021-6-4 14:7:51,23.55927,120.48123
2021-6-4 14:7:52,12.745
2021-6-4 14:7:52,23.55923,120.48119
2021-6-4 14:7:54,13.059
2021-6-4 14:7:54,23.55919,120.48116
2021-6-4 14:7:55,13.089
2021-6-4 14:7:55,23.55914,120.48113
2021-6-4 14:7:57,13.127
2021-6-4 14:7:57,23.55911,120.48110
2021-6-4 14:7:58,13.182
2021-6-4 14:7:58,23.55906,120.48106
2021-6-4 14:8:0,13.220
2021-6-4 14:8:0,23.55902,120.48103
2021-6-4 14:8:1,13.245
2021-6-4 14:8:1,23.55898,120.48100
2021-6-4 14:8:3,13.313
2021-6-4 14:8:3,23.55894,120.48097
2021-6-4 14:8:4,13.375
2021-6-4 14:8:4,23.55890,120.48093
2021-6-4 14:8:6,13.437
2021-6-4 14:8:6,23.55885,120.48090
2021-6-4 14:8:7,13.432
2021-6-4 14:8:7,23.55881,120.48087
2021-6-4 14:8:9,13.409
2021-6-4 14:8:9,23.55877,120.48084
2021-6-4 14:8:10,13.540
2021-6-4 14:8:10,23.55871,120.48081
2021-6-4 14:8:12,13.564
2021-6-4 14:8:12,23.55867,120.48077
2021-6-4 14:8:13,13.589
2021-6-4 14:8:13,23.55862,120.48075
2021-6-4 14:8:15,13.636
2021-6-4 14:8:15,23.55857,120.48072
2021-6-4 14:8:16,13.733
2021-6-4 14:8:16,23.55852,120.48069
2021-6-4 14:8:18,13.792
2021-6-4 14:8:18,23.55847,120.48066
2021-6-4 14:8:19,14.102
2021-6-4 14:8:19,23.55840,120.48063
2021-6-4 14:8:21,14.151
2021-6-4 14:8:21,23.55835,120.48060
2021-6-4 14:8:22,14.181
2021-6-4 14:8:22,23.55830,120.48057
2021-6-4 14:8:24,14.516
2021-6-4 14:8:24,23.55823,120.48054
2021-6-4 14:8:25,14.675
2021-6-4 14:8:25,23.55817,120.48051
2021-6-4 14:8:27,14.707
2021-6-4 14:8:27,23.55812,120.48048
2021-6-4 14:8:28,14.726
2021-6-4 14:8:28,23.55807,120.48045
2021-6-4 14:8:30,14.766
2021-6-4 14:8:30,23.55802,120.48042
2021-6-4 14:8:31,14.782
2021-6-4 14:8:31,23.55797,120.48039
2021-6-4 14:8:33,14.779
2021-6-4 14:8:33,23.55792,120.48037
2021-6-4 14:8:34,14.794
2021-6-4 14:8:34,23.55786,120.48034
2021-6-4 14:8:36,14.810
2021-6-4 14:8:36,23.55781,120.48031
2021-6-4 14:8:37,14.875
2021-6-4 14:8:37,23.55775,120.48029
2021-6-4 14:8:39,14.927
2021-6-4 14:8:39,23.55768,120.48027
2021-6-4 14:8:40,14.939
2021-6-4 14:8:40,23.55763,120.48025
2021-6-4 14:8:42,14.936
2021-6-4 14:8:42,23.55758,120.48022
2021-6-4 14:8:43,14.945
2021-6-4 14:8:43,23.55752,120.48021
2021-6-4 14:8:45,14.958
2021-6-4 14:8:45,23.55747,120.48018
2021-6-4 14:8:46,15.155
2021-6-4 14:8:46,23.55738,120.48016
2021-6-4 14:8:48,15.316
2021-6-4 14:8:48,23.55730,120.48014
2021-6-4 14:8:49,15.464
2021-6-4 14:8:49,23.55723,120.48011
2021-6-4 14:8:51,15.606
2021-6-4 14:8:51,23.55715,120.48007
2021-6-4 14:8:52,15.712
2021-6-4 14:8:52,23.55710,120.48002
2021-6-4 14:8:54,15.753
2021-6-4 14:8:54,23.55704,120.47999
2021-6-4 14:8:55,15.835
2021-6-4 14:8:55,23.55698,120.47995
2021-6-4 14:8:57,15.928
2021-6-4 14:8:57,23.55692,120.47990
2021-6-4 14:8:58,15.931
2021-6-4 14:8:58,23.55687,120.47987
2021-6-4 14:9:0,15.928
2021-6-4 14:9:0,23.55681,120.47983
2021-6-4 14:9:1,15.917
2021-6-4 14:9:1,23.55676,120.47980
2021-6-4 14:9:3,15.889
2021-6-4 14:9:3,23.55671,120.47977
2021-6-4 14:9:4,15.884
2021-6-4 14:9:4,23.55666,120.47973
2021-6-4 14:9:6,15.883
2021-6-4 14:9:6,23.55661,120.47970
2021-6-4 14:9:7,15.862
2021-6-4 14:9:7,23.55656,120.47967
2021-6-4 14:9:9,15.855
2021-6-4 14:9:9,23.55651,120.47963
2021-6-4 14:9:10,15.841
2021-6-4 14:9:10,23.55646,120.47960
2021-6-4 14:9:12,15.832
2021-6-4 14:9:12,23.55641,120.47957
2021-6-4 14:9:13,15.818
2021-6-4 14:9:13,23.55636,120.47953
2021-6-4 14:9:15,15.772
2021-6-4 14:9:15,23.55631,120.47950
2021-6-4 14:9:16,15.745
2021-6-4 14:9:16,23.55627,120.47947
2021-6-4 14:9:18,15.655
2021-6-4 14:9:18,23.55623,120.47944
2021-6-4 14:9:19,15.544
2021-6-4 14:9:19,23.55619,120.47942
2021-6-4 14:9:21,15.479
2021-6-4 14:9:21,23.55615,120.47939
2021-6-4 14:9:22,15.437
2021-6-4 14:9:22,23.55610,120.47937
2021-6-4 14:9:24,15.374
2021-6-4 14:9:24,23.55606,120.47935
2021-6-4 14:9:25,15.288
2021-6-4 14:9:25,23.55602,120.47933
2021-6-4 14:9:27,15.261
2021-6-4 14:9:27,23.55597,120.47930
2021-6-4 14:9:28,15.177
2021-6-4 14:9:28,23.55593,120.47928
2021-6-4 14:9:30,15.163
2021-6-4 14:9:30,23.55588,120.47925
2021-6-4 14:9:31,15.101
2021-6-4 14:9:31,23.55584,120.47923
2021-6-4 14:9:33,8.659
2021-6-4 14:9:33,23.55605,120.47961
2021-6-4 14:9:34,9.620
2021-6-4 14:9:34,23.55603,120.47972
2021-6-4 14:9:36,9.761
2021-6-4 14:9:36,23.55602,120.47977
2021-6-4 14:9:37,10.812
2021-6-4 14:9:37,23.55602,120.47982
2021-6-4 14:9:39,10.799
2021-6-4 14:9:39,23.55601,120.47986
2021-6-4 14:9:40,10.773
2021-6-4 14:9:40,23.55599,120.47991
2021-6-4 14:9:42,10.575
2021-6-4 14:9:42,23.55598,120.47996
2021-6-4 14:9:43,10.539
2021-6-4 14:9:43,23.55596,120.48000
2021-6-4 14:9:45,10.470
2021-6-4 14:9:45,23.55595,120.48005
2021-6-4 14:9:46,10.684
2021-6-4 14:9:46,23.55594,120.48009
2021-6-4 14:9:48,10.857
2021-6-4 14:9:48,23.55593,120.48014
2021-6-4 14:9:49,11.099
2021-6-4 14:9:49,23.55591,120.48019
2021-6-4 14:9:51,10.979
2021-6-4 14:9:51,23.55590,120.48023
2021-6-4 14:9:52,10.995
2021-6-4 14:9:52,23.55589,120.48028
2021-6-4 14:9:54,11.007
2021-6-4 14:9:54,23.55588,120.48032
2021-6-4 14:9:55,10.984
2021-6-4 14:9:55,23.55587,120.48038
2021-6-4 14:9:57,11.084
2021-6-4 14:9:57,23.55586,120.48043
2021-6-4 14:9:58,11.132
2021-6-4 14:9:58,23.55585,120.48048
2021-6-4 14:10:0,11.193
2021-6-4 14:10:0,23.55583,120.48053
2021-6-4 14:10:1,11.231
2021-6-4 14:10:1,23.55582,120.48058
2021-6-4 14:10:3,11.247
2021-6-4 14:10:3,23.55581,120.48063
2021-6-4 14:10:4,11.248
2021-6-4 14:10:4,23.55580,120.48068
2021-6-4 14:10:6,11.277
2021-6-4 14:10:6,23.55579,120.48072
2021-6-4 14:10:7,11.309
2021-6-4 14:10:7,23.55578,120.48077
2021-6-4 14:10:9,11.336
2021-6-4 14:10:9,23.55577,120.48082
2021-6-4 14:10:10,11.369
2021-6-4 14:10:10,23.55575,120.48087
2021-6-4 14:10:12,11.432
2021-6-4 14:10:12,23.55574,120.48092
2021-6-4 14:10:13,11.481
2021-6-4 14:10:13,23.55573,120.48096
2021-6-4 14:10:15,11.497
2021-6-4 14:10:15,23.55572,120.48101
2021-6-4 14:10:16,11.544
2021-6-4 14:10:16,23.55571,120.48106
2021-6-4 14:10:18,11.549
2021-6-4 14:10:18,23.55570,120.48111
2021-6-4 14:10:19,11.572
2021-6-4 14:10:19,23.55569,120.48116
2021-6-4 14:10:21,11.590
2021-6-4 14:10:21,23.55568,120.48121
2021-6-4 14:10:22,11.552
2021-6-4 14:10:22,23.55567,120.48125
2021-6-4 14:10:24,11.562
2021-6-4 14:10:24,23.55566,120.48130
2021-6-4 14:10:25,11.576
2021-6-4 14:10:25,23.55565,120.48135
2021-6-4 14:10:27,11.582
2021-6-4 14:10:27,23.55564,120.4814
2021-6-4 14:10:28,11.590
2021-6-4 14:10:28,23.55563,120.48144
2021-6-4 14:10:30,11.616
2021-6-4 14:10:30,23.55562,120.48149
2021-6-4 14:10:31,11.641
2021-6-4 14:10:31,23.55562,120.48154
2021-6-4 14:10:33,11.676
2021-6-4 14:10:33,23.55561,120.48160
2021-6-4 14:10:34,11.667
2021-6-4 14:10:34,23.55560,120.48164
2021-6-4 14:10:36,11.664
2021-6-4 14:10:36,23.55560,120.48169
2021-6-4 14:10:37,11.668
2021-6-4 14:10:37,23.55559,120.48174
2021-6-4 14:10:39,11.678
2021-6-4 14:10:39,23.55558,120.48179
2021-6-4 14:10:40,11.670
2021-6-4 14:10:40,23.55558,120.48184
2021-6-4 14:10:42,11.678
2021-6-4 14:10:42,23.55557,120.48188
2021-6-4 14:10:43,11.686
2021-6-4 14:10:43,23.55556,120.48193
2021-6-4 14:10:45,11.690
2021-6-4 14:10:45,23.55555,120.48198
2021-6-4 14:10:46,11.699
2021-6-4 14:10:46,23.55555,120.48203
2021-6-4 14:10:48,11.703
2021-6-4 14:10:48,23.55554,120.48208
2021-6-4 14:10:49,11.726
2021-6-4 14:10:49,23.55553,120.48213
2021-6-4 14:10:51,11.746
2021-6-4 14:10:51,23.55553,120.48218
2021-6-4 14:10:52,11.755
2021-6-4 14:10:52,23.55552,120.48223
2021-6-4 14:10:54,11.759
2021-6-4 14:10:54,23.55551,120.48228
2021-6-4 14:10:55,11.772
2021-6-4 14:10:55,23.55550,120.48233
2021-6-4 14:10:57,11.793
2021-6-4 14:10:57,23.55550,120.48238
2021-6-4 14:10:58,11.821
2021-6-4 14:10:58,23.55549,120.48243
2021-6-4 14:11:0,11.811
2021-6-4 14:11:0,23.55549,120.48248
2021-6-4 14:11:1,11.823
2021-6-4 14:11:1,23.55549,120.48253
2021-6-4 14:11:3,11.820
2021-6-4 14:11:3,23.55549,120.48258
2021-6-4 14:11:4,11.823
2021-6-4 14:11:4,23.55548,120.48263
2021-6-4 14:11:6,11.833
2021-6-4 14:11:6,23.55548,120.48268
2021-6-4 14:11:7,11.828
2021-6-4 14:11:7,23.55548,120.48273
2021-6-4 14:11:9,11.831
2021-6-4 14:11:9,23.55547,120.48278
2021-6-4 14:11:10,11.827
2021-6-4 14:11:10,23.55546,120.48282
2021-6-4 14:11:12,11.826
2021-6-4 14:11:12,23.55546,120.48287
2021-6-4 14:11:13,11.828
2021-6-4 14:11:13,23.55546,120.48292
2021-6-4 14:11:15,11.820
2021-6-4 14:11:15,23.55546,120.48297
2021-6-4 14:11:16,11.806
2021-6-4 14:11:16,23.55546,120.48302
2021-6-4 14:11:18,11.797
2021-6-4 14:11:18,23.55546,120.48307
2021-6-4 14:11:19,11.804
2021-6-4 14:11:19,23.55545,120.48312
2021-6-4 14:11:21,11.813
2021-6-4 14:11:21,23.55545,120.48317
2021-6-4 14:11:22,11.808
2021-6-4 14:11:22,23.55545,120.48322
2021-6-4 14:11:24,11.804
2021-6-4 14:11:24,23.55545,120.48326
2021-6-4 14:11:25,11.819
2021-6-4 14:11:25,23.55544,120.48332
2021-6-4 14:11:27,11.836
2021-6-4 14:11:27,23.55544,120.48337
2021-6-4 14:11:28,11.838
2021-6-4 14:11:28,23.55544,120.48342
2021-6-4 14:11:30,11.839
2021-6-4 14:11:30,23.55543,120.48347
2021-6-4 14:11:31,11.845
2021-6-4 14:11:31,23.55543,120.48352
2021-6-4 14:11:33,11.852
2021-6-4 14:11:33,23.55543,120.48357
2021-6-4 14:11:34,11.858
2021-6-4 14:11:34,23.55542,120.48362
2021-6-4 14:11:36,11.868
2021-6-4 14:11:36,23.55542,120.48367
2021-6-4 14:11:37,11.872
2021-6-4 14:11:37,23.55541,120.48372
2021-6-4 14:11:39,11.876
2021-6-4 14:11:39,23.55541,120.48377
2021-6-4 14:11:40,11.883
2021-6-4 14:11:40,23.55540,120.48382
2021-6-4 14:11:42,11.889
2021-6-4 14:11:42,23.55540,120.48387
2021-6-4 14:11:43,11.897
2021-6-4 14:11:43,23.55539,120.48392
2021-6-4 14:11:45,11.907
2021-6-4 14:11:45,23.55539,120.48397
2021-6-4 14:11:46,11.908
2021-6-4 14:11:46,23.55539,120.48402
2021-6-4 14:11:48,11.909
2021-6-4 14:11:48,23.55538,120.48406
2021-6-4 14:11:49,11.911
2021-6-4 14:11:49,23.55538,120.48411
2021-6-4 14:11:51,11.912
2021-6-4 14:11:51,23.55537,120.48416
2021-6-4 14:11:52,11.911
2021-6-4 14:11:52,23.55536,120.48421
2021-6-4 14:11:54,11.909
2021-6-4 14:11:54,23.55536,120.48426
2021-6-4 14:11:55,11.897
2021-6-4 14:11:55,23.55536,120.48430
2021-6-4 14:11:57,11.889
2021-6-4 14:11:57,23.55536,120.48435
2021-6-4 14:11:58,11.884
2021-6-4 14:11:58,23.55536,120.48440
2021-6-4 14:12:0,11.889
2021-6-4 14:12:0,23.55535,120.48445
2021-6-4 14:12:1,11.864
2021-6-4 14:12:1,23.55535,120.48449
2021-6-4 14:12:3,11.861
2021-6-4 14:12:3,23.55535,120.48454
2021-6-4 14:12:4,11.851
2021-6-4 14:12:4,23.55535,120.48459
2021-6-4 14:12:6,11.846
2021-6-4 14:12:6,23.55535,120.48464
2021-6-4 14:12:7,11.859
2021-6-4 14:12:7,23.55536,120.48469
2021-6-4 14:12:9,11.859
2021-6-4 14:12:9,23.55535,120.48474
2021-6-4 14:12:10,11.857
2021-6-4 14:12:10,23.55535,120.48479
2021-6-4 14:12:12,11.869
2021-6-4 14:12:12,23.55535,120.48484
2021-6-4 14:12:13,11.877
2021-6-4 14:12:13,23.55535,120.48489
2021-6-4 14:12:15,11.876
2021-6-4 14:12:15,23.55534,120.48494
2021-6-4 14:12:16,11.873
2021-6-4 14:12:16,23.55534,120.48499
2021-6-4 14:12:18,11.880
2021-6-4 14:12:18,23.55534,120.48504
2021-6-4 14:12:19,11.882
2021-6-4 14:12:19,23.55533,120.48509
2021-6-4 14:12:21,11.894
2021-6-4 14:12:21,23.55533,120.48514
2021-6-4 14:12:22,11.898
2021-6-4 14:12:22,23.55533,120.48519
2021-6-4 14:12:24,11.905
2021-6-4 14:12:24,23.55533,120.48524
2021-6-4 14:12:25,11.914
2021-6-4 14:12:25,23.55533,120.48529
2021-6-4 14:12:27,11.915
2021-6-4 14:12:27,23.55533,120.48534
2021-6-4 14:12:28,11.916
2021-6-4 14:12:28,23.55532,120.48539
2021-6-4 14:12:30,11.934
2021-6-4 14:12:30,23.55532,120.48544
2021-6-4 14:12:31,11.937
2021-6-4 14:12:31,23.55532,120.48549
2021-6-4 14:12:33,11.940
2021-6-4 14:12:33,23.55532,120.48554
2021-6-4 14:12:34,11.949
2021-6-4 14:12:34,23.55532,120.48560
2021-6-4 14:12:36,11.958
2021-6-4 14:12:36,23.55531,120.48565
2021-6-4 14:12:37,11.968
2021-6-4 14:12:37,23.55531,120.48570
2021-6-4 14:12:39,11.977
2021-6-4 14:12:39,23.55530,120.48575
2021-6-4 14:12:40,11.983
2021-6-4 14:12:40,23.55530,120.48580
2021-6-4 14:12:42,11.990
2021-6-4 14:12:42,23.55529,120.48585
2021-6-4 14:12:43,11.998
2021-6-4 14:12:43,23.55529,120.48590
2021-6-4 14:12:45,12.003
2021-6-4 14:12:45,23.55528,120.48595
2021-6-4 14:12:46,12.009
2021-6-4 14:12:46,23.55528,120.48600
2021-6-4 14:12:48,12.011
2021-6-4 14:12:48,23.55527,120.48605
2021-6-4 14:12:49,12.014
2021-6-4 14:12:49,23.55526,120.48610
2021-6-4 14:12:51,12.018
2021-6-4 14:12:51,23.55525,120.48615
2021-6-4 14:12:52,12.018
2021-6-4 14:12:52,23.55525,120.48620
2021-6-4 14:12:54,12.016
2021-6-4 14:12:54,23.55524,120.48625
2021-6-4 14:12:55,12.011
2021-6-4 14:12:55,23.55524,120.48630
2021-6-4 14:12:57,12.009
2021-6-4 14:12:57,23.55523,120.48634
2021-6-4 14:12:58,12.011
2021-6-4 14:12:58,23.55522,120.48639
2021-6-4 14:13:0,12.009
2021-6-4 14:13:0,23.55521,120.48644
2021-6-4 14:13:1,12.069
2021-6-4 14:13:1,23.55521,120.48649
2021-6-4 14:13:3,12.056
2021-6-4 14:13:3,23.55520,120.48654
2021-6-4 14:13:4,12.034
2021-6-4 14:13:4,23.55519,120.48659
2021-6-4 14:13:6,12.027
2021-6-4 14:13:6,23.55518,120.48664
2021-6-4 14:13:7,12.054
2021-6-4 14:13:7,23.55517,120.48668
2021-6-4 14:13:9,12.066
2021-6-4 14:13:9,23.55516,120.48673
2021-6-4 14:13:10,11.934
2021-6-4 14:13:10,23.55515,120.48678
2021-6-4 14:13:12,11.796
2021-6-4 14:13:12,23.55513,120.48682
2021-6-4 14:13:13,11.722
2021-6-4 14:13:13,23.55512,120.48686
2021-6-4 14:13:15,11.534
2021-6-4 14:13:15,23.55511,120.48690
2021-6-4 14:13:16,11.520
2021-6-4 14:13:16,23.55509,120.48694
2021-6-4 14:13:18,11.462
2021-6-4 14:13:18,23.55507,120.48698
2021-6-4 14:13:19,11.266
2021-6-4 14:13:19,23.55506,120.48702
2021-6-4 14:13:21,11.017
2021-6-4 14:13:21,23.55505,120.48704
2021-6-4 14:13:22,10.954
2021-6-4 14:13:22,23.55503,120.48708
2021-6-4 14:13:24,10.930
2021-6-4 14:13:24,23.55500,120.48711
2021-6-4 14:13:25,10.307
2021-6-4 14:13:25,23.55473,120.48678
2021-6-4 14:13:27,10.338
2021-6-4 14:13:27,23.55469,120.48679
2021-6-4 14:13:28,10.372
2021-6-4 14:13:28,23.55465,120.48680
2021-6-4 14:13:30,10.597
2021-6-4 14:13:30,23.55461,120.48680
2021-6-4 14:13:31,10.593
2021-6-4 14:13:31,23.55456,120.48680
2021-6-4 14:13:33,11.005
2021-6-4 14:13:33,23.55452,120.48681
2021-6-4 14:13:34,11.132
2021-6-4 14:13:34,23.55447,120.48681
2021-6-4 14:13:36,11.303
2021-6-4 14:13:36,23.55443,120.48681
2021-6-4 14:13:37,11.350
2021-6-4 14:13:37,23.55438,120.48681
2021-6-4 14:13:39,11.372
2021-6-4 14:13:39,23.55434,120.48681
2021-6-4 14:13:40,11.400
2021-6-4 14:13:40,23.55429,120.48681
2021-6-4 14:13:42,11.448
2021-6-4 14:13:42,23.55425,120.48681
2021-6-4 14:13:43,11.473
2021-6-4 14:13:43,23.55420,120.48681
2021-6-4 14:13:45,11.538
2021-6-4 14:13:45,23.55416,120.48681
2021-6-4 14:13:46,11.702
2021-6-4 14:13:46,23.55411,120.48681
2021-6-4 14:13:48,11.813
2021-6-4 14:13:48,23.55406,120.48681
2021-6-4 14:13:49,11.862
2021-6-4 14:13:49,23.55401,120.48681
2021-6-4 14:13:51,11.902
2021-6-4 14:13:51,23.55396,120.48681
2021-6-4 14:13:52,12.008
2021-6-4 14:13:52,23.55391,120.48681
2021-6-4 14:13:54,12.090
2021-6-4 14:13:54,23.55386,120.48681
2021-6-4 14:13:55,12.167
2021-6-4 14:13:55,23.55381,120.48681
2021-6-4 14:13:57,12.246
2021-6-4 14:13:57,23.55376,120.48681
2021-6-4 14:13:58,12.318
2021-6-4 14:13:58,23.55371,120.48682
2021-6-4 14:14:0,12.415
2021-6-4 14:14:0,23.55366,120.48682
2021-6-4 14:14:1,12.477
2021-6-4 14:14:1,23.55361,120.48682
2021-6-4 14:14:3,12.572
2021-6-4 14:14:3,23.55355,120.48684
2021-6-4 14:14:4,12.603
2021-6-4 14:14:4,23.55350,120.48684
2021-6-4 14:14:6,12.616
2021-6-4 14:14:6,23.55345,120.48684
2021-6-4 14:14:7,12.696
2021-6-4 14:14:7,23.55340,120.48684
2021-6-4 14:14:9,12.755
2021-6-4 14:14:9,23.55335,120.48684
2021-6-4 14:14:10,12.865
2021-6-4 14:14:10,23.55329,120.48684
2021-6-4 14:14:12,12.922
2021-6-4 14:14:12,23.55324,120.48685
2021-6-4 14:14:13,12.996
2021-6-4 14:14:13,23.55318,120.48685
2021-6-4 14:14:15,13.019
2021-6-4 14:14:15,23.55313,120.48685
2021-6-4 14:14:16,13.009
2021-6-4 14:14:16,23.55308,120.48685
2021-6-4 14:14:18,13.021
2021-6-4 14:14:18,23.55303,120.48685
2021-6-4 14:14:19,13.048
2021-6-4 14:14:19,23.55298,120.48686
2021-6-4 14:14:21,13.060
2021-6-4 14:14:21,23.55293,120.48686
2021-6-4 14:14:22,13.059
2021-6-4 14:14:22,23.55288,120.48686
2021-6-4 14:14:24,13.066
2021-6-4 14:14:24,23.55283,120.48686
2021-6-4 14:14:25,13.070
2021-6-4 14:14:25,23.55278,120.48687
2021-6-4 14:14:27,13.079
2021-6-4 14:14:27,23.55272,120.48687
2021-6-4 14:14:28,13.091
2021-6-4 14:14:28,23.55267,120.48687
2021-6-4 14:14:30,13.068
2021-6-4 14:14:30,23.55263,120.48687
2021-6-4 14:14:31,13.039
2021-6-4 14:14:31,23.55258,120.48687
2021-6-4 14:14:33,13.021
2021-6-4 14:14:33,23.55253,120.48687
2021-6-4 14:14:34,12.821
2021-6-4 14:14:34,23.55250,120.48688
2021-6-4 14:14:36,12.767
2021-6-4 14:14:36,23.55245,120.48688
2021-6-4 14:14:37,12.752
2021-6-4 14:14:37,23.55241,120.48688
2021-6-4 14:14:39,12.683
2021-6-4 14:14:39,23.55236,120.48689
2021-6-4 14:14:40,15.113
2021-6-4 14:14:40,23.55254,120.48662
2021-6-4 14:14:42,14.869
2021-6-4 14:14:42,23.55254,120.48656
2021-6-4 14:14:43,14.557
2021-6-4 14:14:43,23.55256,120.48650
2021-6-4 14:14:45,14.488
2021-6-4 14:14:45,23.55257,120.48644
2021-6-4 14:14:46,14.358
2021-6-4 14:14:46,23.55258,120.48638
2021-6-4 14:14:48,14.553
2021-6-4 14:14:48,23.55259,120.48631
2021-6-4 14:14:49,14.731
2021-6-4 14:14:49,23.55260,120.48625
2021-6-4 14:14:51,14.853
2021-6-4 14:14:51,23.55261,120.48618
2021-6-4 14:14:52,14.858
2021-6-4 14:14:52,23.55261,120.48612
2021-6-4 14:14:54,14.857
2021-6-4 14:14:54,23.55262,120.48606
2021-6-4 14:14:55,14.897
2021-6-4 14:14:55,23.55262,120.48599
2021-6-4 14:14:57,15.005
2021-6-4 14:14:57,23.55261,120.48592
2021-6-4 14:14:58,15.270
2021-6-4 14:14:58,23.55259,120.48585
2021-6-4 14:15:0,15.439
2021-6-4 14:15:0,23.55257,120.48577
2021-6-4 14:15:1,15.486
2021-6-4 14:15:1,23.55256,120.48570
2021-6-4 14:15:3,15.669
2021-6-4 14:15:3,23.55256,120.48563
2021-6-4 14:15:4,15.975
2021-6-4 14:15:4,23.55255,120.48555
2021-6-4 14:15:6,16.112
2021-6-4 14:15:6,23.55254,120.48547
2021-6-4 14:15:7,16.298
2021-6-4 14:15:7,23.55252,120.48539
2021-6-4 14:15:9,16.378
2021-6-4 14:15:9,23.55250,120.48532
2021-6-4 14:15:10,16.549
2021-6-4 14:15:10,23.55248,120.48524
2021-6-4 14:15:12,16.688
2021-6-4 14:15:12,23.55247,120.48517
2021-6-4 14:15:13,16.736
2021-6-4 14:15:13,23.55245,120.48509
2021-6-4 14:15:15,16.887
2021-6-4 14:15:15,23.55244,120.48502
2021-6-4 14:15:16,16.963
2021-6-4 14:15:16,23.55243,120.48494
2021-6-4 14:15:18,16.998
2021-6-4 14:15:18,23.55242,120.48487
2021-6-4 14:15:19,17.087
2021-6-4 14:15:19,23.55241,120.48479
2021-6-4 14:15:21,17.157
2021-6-4 14:15:21,23.55240,120.48472
2021-6-4 14:15:22,17.174
2021-6-4 14:15:22,23.55238,120.48465
2021-6-4 14:15:24,17.199
2021-6-4 14:15:24,23.55236,120.48458
2021-6-4 14:15:25,17.224
2021-6-4 14:15:25,23.55235,120.48450
2021-6-4 14:15:27,17.252
2021-6-4 14:15:27,23.55233,120.48443
2021-6-4 14:15:28,17.279
2021-6-4 14:15:28,23.55232,120.48436
2021-6-4 14:15:30,17.291
2021-6-4 14:15:30,23.55231,120.48428
2021-6-4 14:15:31,17.289
2021-6-4 14:15:31,23.55229,120.48421
2021-6-4 14:15:33,17.316
2021-6-4 14:15:33,23.55228,120.48414
2021-6-4 14:15:34,17.360
2021-6-4 14:15:34,23.55227,120.48406
2021-6-4 14:15:36,17.434
2021-6-4 14:15:36,23.55227,120.48398
2021-6-4 14:15:37,17.483
2021-6-4 14:15:37,23.55226,120.48390
2021-6-4 14:15:39,17.519
2021-6-4 14:15:39,23.55225,120.48382
2021-6-4 14:15:40,17.549
2021-6-4 14:15:40,23.55225,120.48375
2021-6-4 14:15:42,17.561
2021-6-4 14:15:42,23.55224,120.48367
2021-6-4 14:15:43,17.575
2021-6-4 14:15:43,23.55223,120.48360
2021-6-4 14:15:45,17.578
2021-6-4 14:15:45,23.55221,120.48353
2021-6-4 14:15:46,17.592
2021-6-4 14:15:46,23.55220,120.48345
2021-6-4 14:15:48,17.598
2021-6-4 14:15:48,23.5522,120.48338
2021-6-4 14:15:49,17.614
2021-6-4 14:15:49,23.55219,120.48330
2021-6-4 14:15:51,17.610
2021-6-4 14:15:51,23.55218,120.48323
2021-6-4 14:15:52,17.619
2021-6-4 14:15:52,23.55217,120.48316
2021-6-4 14:15:54,17.619
2021-6-4 14:15:54,23.55216,120.48308
2021-6-4 14:15:55,17.609
2021-6-4 14:15:55,23.55216,120.48301
2021-6-4 14:15:57,17.626
2021-6-4 14:15:57,23.55215,120.48294
2021-6-4 14:15:58,17.648
2021-6-4 14:15:58,23.55214,120.48286
2021-6-4 14:16:0,17.663
2021-6-4 14:16:0,23.55213,120.48278
2021-6-4 14:16:1,17.663
2021-6-4 14:16:1,23.55213,120.48271
2021-6-4 14:16:3,17.666
2021-6-4 14:16:3,23.55212,120.48264
2021-6-4 14:16:4,17.669
2021-6-4 14:16:4,23.55211,120.48257
2021-6-4 14:16:6,17.653
2021-6-4 14:16:6,23.55211,120.48250
2021-6-4 14:16:7,17.649
2021-6-4 14:16:7,23.55210,120.48242
2021-6-4 14:16:9,17.657
2021-6-4 14:16:9,23.55209,120.48235
2021-6-4 14:16:10,17.661
2021-6-4 14:16:10,23.55208,120.48228
2021-6-4 14:16:12,17.661
2021-6-4 14:16:12,23.55208,120.48220
2021-6-4 14:16:13,17.620
2021-6-4 14:16:13,23.55207,120.48214
2021-6-4 14:16:15,17.610
2021-6-4 14:16:15,23.55207,120.48206
2021-6-4 14:16:16,17.572
2021-6-4 14:16:16,23.55207,120.48200
2021-6-4 14:16:18,17.497
2021-6-4 14:16:18,23.55206,120.48194
2021-6-4 14:16:19,17.451
2021-6-4 14:16:19,23.55206,120.48187
2021-6-4 14:16:21,17.413
2021-6-4 14:16:21,23.55205,120.48181
2021-6-4 14:16:22,17.395
2021-6-4 14:16:22,23.55204,120.48174
2021-6-4 14:16:24,17.343
2021-6-4 14:16:24,23.55204,120.48168
2021-6-4 14:16:25,17.314
2021-6-4 14:16:25,23.55203,120.48161
2021-6-4 14:16:27,16.220
2021-6-4 14:16:27,23.55231,120.48155
2021-6-4 14:16:28,16.233
2021-6-4 14:16:28,23.55236,120.48150
2021-6-4 14:16:30,16.251
2021-6-4 14:16:30,23.55239,120.48144
2021-6-4 14:16:31,16.547
2021-6-4 14:16:31,23.55242,120.48139
2021-6-4 14:16:33,16.951
2021-6-4 14:16:33,23.55246,120.48133
2021-6-4 14:16:34,17.052
2021-6-4 14:16:34,23.55250,120.48127
2021-6-4 14:16:36,17.210
2021-6-4 14:16:36,23.55254,120.48120
2021-6-4 14:16:37,17.288
2021-6-4 14:16:37,23.55258,120.48114
2021-6-4 14:16:39,17.269
2021-6-4 14:16:39,23.55261,120.48108
2021-6-4 14:16:40,17.206
2021-6-4 14:16:40,23.55265,120.48102
2021-6-4 14:16:42,17.135
2021-6-4 14:16:42,23.55268,120.48096
2021-6-4 14:16:43,17.016
2021-6-4 14:16:43,23.55271,120.48090
2021-6-4 14:16:45,16.972
2021-6-4 14:16:45,23.55274,120.48084
2021-6-4 14:16:46,17.040
2021-6-4 14:16:46,23.55278,120.48078
2021-6-4 14:16:48,16.981
2021-6-4 14:16:48,23.55281,120.48072
2021-6-4 14:16:49,16.807
2021-6-4 14:16:49,23.55284,120.48066
2021-6-4 14:16:51,16.562
2021-6-4 14:16:51,23.55286,120.48061
2021-6-4 14:16:52,16.534
2021-6-4 14:16:52,23.55289,120.48055
2021-6-4 14:16:54,16.455
2021-6-4 14:16:54,23.55292,120.48049
2021-6-4 14:16:55,16.438
2021-6-4 14:16:55,23.55294,120.48043
2021-6-4 14:16:57,16.429
2021-6-4 14:16:57,23.55296,120.48037
2021-6-4 14:16:58,16.400
2021-6-4 14:16:58,23.55298,120.48030
2021-6-4 14:17:0,16.325
2021-6-4 14:17:0,23.55301,120.48025
2021-6-4 14:17:1,16.158
2021-6-4 14:17:1,23.55303,120.48019
2021-6-4 14:17:3,16.048
2021-6-4 14:17:3,23.55305,120.48014
2021-6-4 14:17:4,15.923
2021-6-4 14:17:4,23.55307,120.48008
2021-6-4 14:17:6,15.858
2021-6-4 14:17:6,23.55309,120.48003
2021-6-4 14:17:7,15.750
2021-6-4 14:17:7,23.55311,120.47997
2021-6-4 14:17:9,15.699
2021-6-4 14:17:9,23.55314,120.47992
2021-6-4 14:17:10,15.585
2021-6-4 14:17:10,23.55316,120.47987
2021-6-4 14:17:12,15.564
2021-6-4 14:17:12,23.55318,120.47981
2021-6-4 14:17:13,15.398
2021-6-4 14:17:13,23.55320,120.47976
2021-6-4 14:17:15,15.153
2021-6-4 14:17:15,23.55322,120.47972
2021-6-4 14:17:16,14.980
2021-6-4 14:17:16,23.55324,120.47968
2021-6-4 14:17:18,14.782
2021-6-4 14:17:18,23.55326,120.47964
2021-6-4 14:17:19,14.672
2021-6-4 14:17:19,23.55328,120.47959
2021-6-4 14:17:21,14.625
2021-6-4 14:17:21,23.55330,120.47954
2021-6-4 14:17:22,14.433
2021-6-4 14:17:22,23.55331,120.47950
2021-6-4 14:17:24,14.377
2021-6-4 14:17:24,23.55333,120.47945
2021-6-4 14:17:25,14.268
2021-6-4 14:17:25,23.55334,120.47940
2021-6-4 14:17:27,0.174
2021-6-4 14:17:27,23.55322,120.47966
2021-6-4 14:17:28,0.098
2021-6-4 14:17:28,23.55323,120.47968
2021-6-4 14:17:30,0.082
2021-6-4 14:17:30,23.55323,120.47969
2021-6-4 14:17:31,0.053
2021-6-4 14:17:31,23.55323,120.47969
2021-6-4 14:17:33,0.045
2021-6-4 14:17:33,23.55323,120.47970
2021-6-4 14:17:34,0.032
2021-6-4 14:17:34,23.55323,120.47970
2021-6-4 14:17:36,0.022
2021-6-4 14:17:36,23.55323,120.47971
2021-6-4 14:17:37,0.016
2021-6-4 14:17:37,23.55323,120.47971
2021-6-4 14:17:39,0.014
2021-6-4 14:17:39,23.55323,120.47971
2021-6-4 14:17:40,0.017
2021-6-4 14:17:40,23.55323,120.47971
2021-6-4 14:17:42,0.016
2021-6-4 14:17:42,23.55323,120.47971
2021-6-4 14:17:43,0.017
2021-6-4 14:17:43,23.55323,120.47972
2021-6-4 14:17:45,0.019
2021-6-4 14:17:45,23.55323,120.47972
2021-6-4 14:17:46,0.024
2021-6-4 14:17:46,23.55323,120.47972
2021-6-4 14:17:48,0.020
2021-6-4 14:17:48,23.55323,120.47972
2021-6-4 14:17:49,0.029
2021-6-4 14:17:49,23.55324,120.47972
2021-6-4 14:17:51,0.027
2021-6-4 14:17:51,23.55324,120.47972
2021-6-4 14:17:52,0.027
2021-6-4 14:17:52,23.55324,120.47972
2021-6-4 14:17:54,0.032
2021-6-4 14:17:54,23.55324,120.47972
2021-6-4 14:17:55,0.037
2021-6-4 14:17:55,23.55324,120.47972
2021-6-4 14:17:57,0.017
2021-6-4 14:17:57,23.55324,120.47972
2021-6-4 14:17:58,0.021
2021-6-4 14:17:58,23.55324,120.47972
2021-6-4 14:18:0,0.022
2021-6-4 14:18:0,23.55324,120.47972
2021-6-4 14:18:1,0.024
2021-6-4 14:18:1,23.55324,120.47972
2021-6-4 14:18:3,0.024
2021-6-4 14:18:3,23.55324,120.47972
2021-6-4 14:18:4,0.028
2021-6-4 14:18:4,23.55324,120.47972
2021-6-4 14:18:6,0.076
2021-6-4 14:18:6,23.55324,120.47971
2021-6-4 14:18:7,0.209
2021-6-4 14:18:7,23.55324,120.47970
2021-6-4 14:18:9,0.338
2021-6-4 14:18:9,23.55324,120.47969
2021-6-4 14:18:10,0.483
2021-6-4 14:18:10,23.55324,120.47968
2021-6-4 14:18:12,0.598
2021-6-4 14:18:12,23.55324,120.47967
2021-6-4 14:18:13,0.796
2021-6-4 14:18:13,23.55325,120.47965
2021-6-4 14:18:15,0.938
2021-6-4 14:18:15,23.55325,120.47963
2021-6-4 14:18:16,1.090
2021-6-4 14:18:16,23.55325,120.47962
2021-6-4 14:18:18,1.235
2021-6-4 14:18:18,23.55325,120.47960
2021-6-4 14:18:19,1.350
2021-6-4 14:18:19,23.55325,120.47958
2021-6-4 14:18:21,13.798
2021-6-4 14:18:21,23.55345,120.47924
2021-6-4 14:18:22,13.326
2021-6-4 14:18:22,23.55349,120.47919
2021-6-4 14:18:24,13.039
2021-6-4 14:18:24,23.55352,120.47914
2021-6-4 14:18:25,13.157
2021-6-4 14:18:25,23.55354,120.47909
2021-6-4 14:18:27,13.447
2021-6-4 14:18:27,23.55357,120.47904
2021-6-4 14:18:28,13.570
2021-6-4 14:18:28,23.55359,120.47899
2021-6-4 14:18:30,14.058
2021-6-4 14:18:30,23.55362,120.47894
2021-6-4 14:18:31,14.384
2021-6-4 14:18:31,23.55365,120.47888
2021-6-4 14:18:33,14.590
2021-6-4 14:18:33,23.55368,120.47883
2021-6-4 14:18:34,14.751
2021-6-4 14:18:34,23.55372,120.47877
2021-6-4 14:18:36,14.888
2021-6-4 14:18:36,23.55375,120.47872
2021-6-4 14:18:37,15.119
2021-6-4 14:18:37,23.55378,120.47866
2021-6-4 14:18:39,15.245
2021-6-4 14:18:39,23.55381,120.47860
2021-6-4 14:18:40,15.339
2021-6-4 14:18:40,23.55385,120.47855
2021-6-4 14:18:42,15.294
2021-6-4 14:18:42,23.55387,120.47849
2021-6-4 14:18:43,15.001
2021-6-4 14:18:43,23.55389,120.47844
2021-6-4 14:18:45,14.659
2021-6-4 14:18:45,23.55391,120.47840
2021-6-4 14:18:46,14.101
2021-6-4 14:18:46,23.55392,120.47836
2021-6-4 14:18:48,13.666
2021-6-4 14:18:48,23.55393,120.47832
2021-6-4 14:18:49,13.388
2021-6-4 14:18:49,23.55395,120.47829
2021-6-4 14:18:51,13.282
2021-6-4 14:18:51,23.55398,120.47824
2021-6-4 14:18:52,13.220
2021-6-4 14:18:52,23.55399,120.47820
2021-6-4 14:18:54,13.166
2021-6-4 14:18:54,23.55401,120.47815
2021-6-4 14:18:55,13.143
2021-6-4 14:18:55,23.55403,120.47810
2021-6-4 14:18:57,13.066
2021-6-4 14:18:57,23.55404,120.47806
2021-6-4 14:18:58,13.030
2021-6-4 14:18:58,23.55406,120.47801
2021-6-4 14:19:0,13.047
2021-6-4 14:19:0,23.55407,120.47796
2021-6-4 14:19:1,14.180
2021-6-4 14:19:1,23.55372,120.47821
2021-6-4 14:19:3,14.625
2021-6-4 14:19:3,23.55367,120.47819
2021-6-4 14:19:4,14.988
2021-6-4 14:19:4,23.55361,120.47817
2021-6-4 14:19:6,15.045
2021-6-4 14:19:6,23.55355,120.47815
2021-6-4 14:19:7,14.900
2021-6-4 14:19:7,23.55350,120.47814
2021-6-4 14:19:9,14.908
2021-6-4 14:19:9,23.55344,120.47812
2021-6-4 14:19:10,14.897
2021-6-4 14:19:10,23.55339,120.47809
2021-6-4 14:19:12,15.003
2021-6-4 14:19:12,23.55334,120.47808
2021-6-4 14:19:13,15.252
2021-6-4 14:19:13,23.55328,120.47805
2021-6-4 14:19:15,15.397
2021-6-4 14:19:15,23.55322,120.47802
2021-6-4 14:19:16,15.559
2021-6-4 14:19:16,23.55317,120.47799
2021-6-4 14:19:18,15.696
2021-6-4 14:19:18,23.55311,120.47797
2021-6-4 14:19:19,15.625
2021-6-4 14:19:19,23.55305,120.47795
2021-6-4 14:19:21,15.676
2021-6-4 14:19:21,23.553,120.47792
2021-6-4 14:19:22,15.916
2021-6-4 14:19:22,23.55293,120.47790
2021-6-4 14:19:24,16.025
2021-6-4 14:19:24,23.55287,120.47787
2021-6-4 14:19:25,16.082
2021-6-4 14:19:25,23.55282,120.47785
2021-6-4 14:19:27,16.107
2021-6-4 14:19:27,23.55276,120.47782
2021-6-4 14:19:28,16.081
2021-6-4 14:19:28,23.55270,120.47780
2021-6-4 14:19:30,16.040
2021-6-4 14:19:30,23.55265,120.47777
2021-6-4 14:19:31,15.973
2021-6-4 14:19:31,23.55259,120.47775
2021-6-4 14:19:33,15.913
2021-6-4 14:19:33,23.55254,120.47773
2021-6-4 14:19:34,15.888
2021-6-4 14:19:34,23.55248,120.47770
2021-6-4 14:19:36,15.820
2021-6-4 14:19:36,23.55243,120.47768
2021-6-4 14:19:37,15.786
2021-6-4 14:19:37,23.55238,120.47766
2021-6-4 14:19:39,15.789
2021-6-4 14:19:39,23.55232,120.47763
2021-6-4 14:19:40,15.807
2021-6-4 14:19:40,23.55227,120.47761
2021-6-4 14:19:42,15.797
2021-6-4 14:19:42,23.55221,120.47758
2021-6-4 14:19:43,15.759
2021-6-4 14:19:43,23.55216,120.47756
2021-6-4 14:19:45,15.708
2021-6-4 14:19:45,23.55211,120.47753
2021-6-4 14:19:46,15.665
2021-6-4 14:19:46,23.55206,120.47751
2021-6-4 14:19:48,15.634
2021-6-4 14:19:48,23.55200,120.47749
2021-6-4 14:19:49,15.600
2021-6-4 14:19:49,23.55195,120.47746
2021-6-4 14:19:51,15.593
2021-6-4 14:19:51,23.55190,120.47744
2021-6-4 14:19:52,15.609
2021-6-4 14:19:52,23.55184,120.47742
2021-6-4 14:19:54,15.626
2021-6-4 14:19:54,23.55179,120.47739
2021-6-4 14:19:55,15.642
2021-6-4 14:19:55,23.55173,120.47737
2021-6-4 14:19:57,15.635
2021-6-4 14:19:57,23.55168,120.47735
2021-6-4 14:19:58,15.634
2021-6-4 14:19:58,23.55162,120.47732
2021-6-4 14:20:0,15.614
2021-6-4 14:20:0,23.55157,120.47730
2021-6-4 14:20:1,15.604
2021-6-4 14:20:1,23.55151,120.47728
2021-6-4 14:20:3,15.635
2021-6-4 14:20:3,23.55146,120.47726
2021-6-4 14:20:4,15.667
2021-6-4 14:20:4,23.55140,120.47723
2021-6-4 14:20:6,15.724
2021-6-4 14:20:6,23.55134,120.47720
2021-6-4 14:20:7,15.778
2021-6-4 14:20:7,23.55128,120.47718
2021-6-4 14:20:9,15.846
2021-6-4 14:20:9,23.55122,120.47715
2021-6-4 14:20:10,15.898
2021-6-4 14:20:10,23.55116,120.47712
2021-6-4 14:20:12,15.942
2021-6-4 14:20:12,23.55110,120.47710
2021-6-4 14:20:13,15.977
2021-6-4 14:20:13,23.55104,120.47707
2021-6-4 14:20:15,16.002
2021-6-4 14:20:15,23.55098,120.47705
2021-6-4 14:20:16,16.024
2021-6-4 14:20:16,23.55092,120.47702
2021-6-4 14:20:18,16.050
2021-6-4 14:20:18,23.55087,120.47699
2021-6-4 14:20:19,16.080
2021-6-4 14:20:19,23.55081,120.47697
2021-6-4 14:20:21,16.098
2021-6-4 14:20:21,23.55075,120.47694
2021-6-4 14:20:22,16.125
2021-6-4 14:20:22,23.55069,120.47692
2021-6-4 14:20:24,16.163
2021-6-4 14:20:24,23.55063,120.47689
2021-6-4 14:20:25,16.198
2021-6-4 14:20:25,23.55057,120.47686
2021-6-4 14:20:27,16.245
2021-6-4 14:20:27,23.55051,120.47683
2021-6-4 14:20:28,16.280
2021-6-4 14:20:28,23.55044,120.47680
2021-6-4 14:20:30,16.307
2021-6-4 14:20:30,23.55038,120.47678
2021-6-4 14:20:31,16.329
2021-6-4 14:20:31,23.55032,120.47675
2021-6-4 14:20:33,16.344
2021-6-4 14:20:33,23.55026,120.47673
2021-6-4 14:20:34,16.354
2021-6-4 14:20:34,23.55021,120.47670
2021-6-4 14:20:36,16.366
2021-6-4 14:20:36,23.55015,120.47667
2021-6-4 14:20:37,16.366
2021-6-4 14:20:37,23.55009,120.47665
2021-6-4 14:20:39,16.344
2021-6-4 14:20:39,23.55003,120.47663
2021-6-4 14:20:40,16.292
2021-6-4 14:20:40,23.54998,120.47661
2021-6-4 14:20:42,16.282
2021-6-4 14:20:42,23.54992,120.47659
2021-6-4 14:20:43,16.246
2021-6-4 14:20:43,23.54987,120.47657
2021-6-4 14:20:45,16.232
2021-6-4 14:20:45,23.54981,120.47655
2021-6-4 14:20:46,9.104
2021-6-4 14:20:46,23.55003,120.47672
2021-6-4 14:20:48,9.748
2021-6-4 14:20:48,23.55006,120.47673
2021-6-4 14:20:49,10.022
2021-6-4 14:20:49,23.55010,120.47675
2021-6-4 14:20:51,10.424
2021-6-4 14:20:51,23.55013,120.47677
2021-6-4 14:20:52,10.898
2021-6-4 14:20:52,23.55017,120.47679
2021-6-4 14:20:54,11.144
2021-6-4 14:20:54,23.55022,120.47681
2021-6-4 14:20:55,11.601
2021-6-4 14:20:55,23.55026,120.47683
2021-6-4 14:20:57,12.001
2021-6-4 14:20:57,23.55031,120.47685
2021-6-4 14:20:58,12.260
2021-6-4 14:20:58,23.55036,120.47687
2021-6-4 14:21:0,12.467
2021-6-4 14:21:0,23.55041,120.47689
2021-6-4 14:21:1,12.650
2021-6-4 14:21:1,23.55046,120.47691
2021-6-4 14:21:3,12.818
2021-6-4 14:21:3,23.55051,120.47693
2021-6-4 14:21:4,12.892
2021-6-4 14:21:4,23.55056,120.47695
2021-6-4 14:21:6,12.959
2021-6-4 14:21:6,23.55061,120.47697
2021-6-4 14:21:7,12.983
2021-6-4 14:21:7,23.55065,120.47699
2021-6-4 14:21:9,13.071
2021-6-4 14:21:9,23.55070,120.47701
2021-6-4 14:21:10,13.115
2021-6-4 14:21:10,23.55075,120.47703
2021-6-4 14:21:12,13.191
2021-6-4 14:21:12,23.55080,120.47705
2021-6-4 14:21:13,13.234
2021-6-4 14:21:13,23.55085,120.47707
2021-6-4 14:21:15,13.254
2021-6-4 14:21:15,23.55090,120.47709
2021-6-4 14:21:16,13.273
2021-6-4 14:21:16,23.55094,120.47711
2021-6-4 14:21:18,13.281
2021-6-4 14:21:18,23.55099,120.47713
2021-6-4 14:21:19,13.287
2021-6-4 14:21:19,23.55104,120.47715
2021-6-4 14:21:21,13.298
2021-6-4 14:21:21,23.55109,120.47717
2021-6-4 14:21:22,13.307
2021-6-4 14:21:22,23.55114,120.47719
2021-6-4 14:21:24,13.327
2021-6-4 14:21:24,23.55118,120.47721
2021-6-4 14:21:25,13.342
2021-6-4 14:21:25,23.55123,120.47723
2021-6-4 14:21:27,13.339
2021-6-4 14:21:27,23.55128,120.47725
2021-6-4 14:21:28,13.337
2021-6-4 14:21:28,23.55133,120.47727
2021-6-4 14:21:30,13.341
2021-6-4 14:21:30,23.55138,120.47729
2021-6-4 14:21:31,13.346
2021-6-4 14:21:31,23.55142,120.47731
2021-6-4 14:21:33,13.330
2021-6-4 14:21:33,23.55147,120.47733
2021-6-4 14:21:34,13.310
2021-6-4 14:21:34,23.55152,120.47735
2021-6-4 14:21:36,13.279
2021-6-4 14:21:36,23.55156,120.47737
2021-6-4 14:21:37,13.260
2021-6-4 14:21:37,23.55161,120.47738
2021-6-4 14:21:39,13.220
2021-6-4 14:21:39,23.55166,120.47739
2021-6-4 14:21:40,13.242
2021-6-4 14:21:40,23.55171,120.47740
2021-6-4 14:21:42,13.290
2021-6-4 14:21:42,23.55176,120.47741
2021-6-4 14:21:43,13.262
2021-6-4 14:21:43,23.55181,120.47741
2021-6-4 14:21:45,13.274
2021-6-4 14:21:45,23.55186,120.47742
2021-6-4 14:21:46,13.253
2021-6-4 14:21:46,23.55191,120.47743
2021-6-4 14:21:48,13.264
2021-6-4 14:21:48,23.55196,120.47744
2021-6-4 14:21:49,13.240
2021-6-4 14:21:49,23.55201,120.47745
2021-6-4 14:21:51,13.179
2021-6-4 14:21:51,23.55205,120.47745
2021-6-4 14:21:52,13.149
2021-6-4 14:21:52,23.55209,120.47746
2021-6-4 14:21:54,13.154
2021-6-4 14:21:54,23.55214,120.47747
2021-6-4 14:21:55,11.903
2021-6-4 14:21:55,23.55215,120.47719
2021-6-4 14:21:57,10.788
2021-6-4 14:21:57,23.55220,120.47715
2021-6-4 14:21:58,10.934
2021-6-4 14:21:58,23.55224,120.47710
2021-6-4 14:22:0,10.602
2021-6-4 14:22:0,23.55227,120.47706
2021-6-4 14:22:1,10.448
2021-6-4 14:22:1,23.55230,120.47703
2021-6-4 14:22:3,10.246
2021-6-4 14:22:3,23.55233,120.47700
2021-6-4 14:22:4,10.104
2021-6-4 14:22:4,23.55235,120.47697
2021-6-4 14:22:6,9.985
2021-6-4 14:22:6,23.55238,120.47694
2021-6-4 14:22:7,10.060
2021-6-4 14:22:7,23.55240,120.47691
2021-6-4 14:22:9,10.191
2021-6-4 14:22:9,23.55243,120.47688
2021-6-4 14:22:10,10.351
2021-6-4 14:22:10,23.55246,120.47685
2021-6-4 14:22:12,10.496
2021-6-4 14:22:12,23.55249,120.47681
2021-6-4 14:22:13,10.559
2021-6-4 14:22:13,23.55252,120.47678
2021-6-4 14:22:15,10.839
2021-6-4 14:22:15,23.55256,120.47674
2021-6-4 14:22:16,11.256
2021-6-4 14:22:16,23.55260,120.47670
2021-6-4 14:22:18,11.442
2021-6-4 14:22:18,23.55264,120.47666
2021-6-4 14:22:19,11.734
2021-6-4 14:22:19,23.55268,120.47662
2021-6-4 14:22:21,12.243
2021-6-4 14:22:21,23.55273,120.47657
2021-6-4 14:22:22,12.528
2021-6-4 14:22:22,23.55277,120.47653
2021-6-4 14:22:24,12.775
2021-6-4 14:22:24,23.55281,120.47649
2021-6-4 14:22:25,12.863
2021-6-4 14:22:25,23.55285,120.47645
2021-6-4 14:22:27,12.986
2021-6-4 14:22:27,23.55289,120.47641
2021-6-4 14:22:28,13.081
2021-6-4 14:22:28,23.55293,120.47636
2021-6-4 14:22:30,13.201
2021-6-4 14:22:30,23.55297,120.47632
2021-6-4 14:22:31,13.301
2021-6-4 14:22:31,23.55301,120.47628
2021-6-4 14:22:33,13.291
2021-6-4 14:22:33,23.55305,120.47624
2021-6-4 14:22:34,13.290
2021-6-4 14:22:34,23.55309,120.47620
2021-6-4 14:22:36,13.293
2021-6-4 14:22:36,23.55313,120.47616
2021-6-4 14:22:37,13.245
2021-6-4 14:22:37,23.55317,120.47613
2021-6-4 14:22:39,13.140
2021-6-4 14:22:39,23.55320,120.47609
2021-6-4 14:22:40,13.094
2021-6-4 14:22:40,23.55324,120.47606
2021-6-4 14:22:42,12.991
2021-6-4 14:22:42,23.55327,120.47603
2021-6-4 14:22:43,12.943
2021-6-4 14:22:43,23.55331,120.47600
2021-6-4 14:22:45,12.740
2021-6-4 14:22:45,23.55334,120.47597
2021-6-4 14:22:46,12.627
2021-6-4 14:22:46,23.55337,120.47594
2021-6-4 14:22:48,12.516
2021-6-4 14:22:48,23.55340,120.47591
2021-6-4 14:22:49,12.409
2021-6-4 14:22:49,23.55342,120.47588
2021-6-4 14:22:51,12.304
2021-6-4 14:22:51,23.55345,120.47584
2021-6-4 14:22:52,12.162
2021-6-4 14:22:52,23.55347,120.47581
2021-6-4 14:22:54,12.087
2021-6-4 14:22:54,23.55349,120.47578
2021-6-4 14:22:55,11.976
2021-6-4 14:22:55,23.55351,120.47575
2021-6-4 14:22:57,0.221
2021-6-4 14:22:57,23.55332,120.47600
2021-6-4 14:22:58,0.048
2021-6-4 14:22:58,23.55334,120.47601
2021-6-4 14:23:0,0.052
2021-6-4 14:23:0,23.55335,120.47601
2021-6-4 14:23:1,0.042
2021-6-4 14:23:1,23.55335,120.47601
2021-6-4 14:23:3,0.025
2021-6-4 14:23:3,23.55335,120.47601
2021-6-4 14:23:4,0.031
2021-6-4 14:23:4,23.55335,120.47601
2021-6-4 14:23:6,0.014
2021-6-4 14:23:6,23.55335,120.47601
2021-6-4 14:23:7,0.044
2021-6-4 14:23:7,23.55335,120.47601
2021-6-4 14:23:9,0.032
2021-6-4 14:23:9,23.55335,120.47601
2021-6-4 14:23:10,0.033
2021-6-4 14:23:10,23.55335,120.47601
2021-6-4 14:23:12,0.019
2021-6-4 14:23:12,23.55335,120.47601
2021-6-4 14:23:13,0.021
2021-6-4 14:23:13,23.55335,120.47601
2021-6-4 14:23:15,0.027
2021-6-4 14:23:15,23.55335,120.47600
2021-6-4 14:23:16,0.022
2021-6-4 14:23:16,23.55335,120.47600
2021-6-4 14:23:18,0.030
2021-6-4 14:23:18,23.55335,120.47600
2021-6-4 14:23:19,0.030
2021-6-4 14:23:19,23.55335,120.47600
2021-6-4 14:23:21,0.025
2021-6-4 14:23:21,23.55335,120.47600
2021-6-4 14:23:22,0.045
2021-6-4 14:23:22,23.55335,120.47600
2021-6-4 14:23:24,0.049
2021-6-4 14:23:24,23.55335,120.47600
2021-6-4 14:23:25,0.057
2021-6-4 14:23:25,23.55335,120.47600
2021-6-4 14:23:27,0.064
2021-6-4 14:23:27,23.55335,120.476
2021-6-4 14:23:28,0.067
2021-6-4 14:23:28,23.55335,120.47599
2021-6-4 14:23:30,0.070
2021-6-4 14:23:30,23.55335,120.47599
2021-6-4 14:23:31,0.074
2021-6-4 14:23:31,23.55335,120.47599
2021-6-4 14:23:33,0.071
2021-6-4 14:23:33,23.55334,120.47599
2021-6-4 14:23:34,0.067
2021-6-4 14:23:34,23.55334,120.47599
2021-6-4 14:23:36,0.066
2021-6-4 14:23:36,23.55334,120.47599
2021-6-4 14:23:37,0.072
2021-6-4 14:23:37,23.55334,120.47599
2021-6-4 14:23:39,0.065
2021-6-4 14:23:39,23.55334,120.47599
2021-6-4 14:23:40,0.062
2021-6-4 14:23:40,23.55334,120.476
2021-6-4 14:23:42,0.059
2021-6-4 14:23:42,23.55334,120.476
2021-6-4 14:23:43,0.057
2021-6-4 14:23:43,23.55334,120.47599
2021-6-4 14:23:45,0.057
2021-6-4 14:23:45,23.55334,120.47599
2021-6-4 14:23:46,0.063
2021-6-4 14:23:46,23.55334,120.47599
2021-6-4 14:23:48,0.066
2021-6-4 14:23:48,23.55334,120.47599
2021-6-4 14:23:49,0.070
2021-6-4 14:23:49,23.55334,120.47599
2021-6-4 14:23:51,0.076
2021-6-4 14:23:51,23.55334,120.47599
2021-6-4 14:23:52,0.079
2021-6-4 14:23:52,23.55334,120.47599
2021-6-4 14:23:54,0.079
2021-6-4 14:23:54,23.55334,120.47599
2021-6-4 14:23:55,0.080
2021-6-4 14:23:55,23.55334,120.47599
2021-6-4 14:23:57,0.071
2021-6-4 14:23:57,23.55334,120.47599
2021-6-4 14:23:58,0.066
2021-6-4 14:23:58,23.55334,120.47599
2021-6-4 14:24:0,0.058
2021-6-4 14:24:0,23.55334,120.47599
2021-6-4 14:24:1,0.064
2021-6-4 14:24:1,23.55334,120.47599
2021-6-4 14:24:3,0.064
2021-6-4 14:24:3,23.55334,120.47599
2021-6-4 14:24:4,0.061
2021-6-4 14:24:4,23.55334,120.47599
2021-6-4 14:24:6,0.083
2021-6-4 14:24:6,23.55335,120.47598
2021-6-4 14:24:7,0.139
2021-6-4 14:24:7,23.55335,120.47598
2021-6-4 14:24:9,0.229
2021-6-4 14:24:9,23.55337,120.47598
2021-6-4 14:24:10,0.307
2021-6-4 14:24:10,23.55337,120.47597
2021-6-4 14:24:12,0.345
2021-6-4 14:24:12,23.55338,120.47597
2021-6-4 14:24:13,0.380
2021-6-4 14:24:13,23.55339,120.47597
2021-6-4 14:24:15,0.421
2021-6-4 14:24:15,23.55339,120.47597
2021-6-4 14:24:16,0.455
2021-6-4 14:24:16,23.55340,120.47597
2021-6-4 14:24:18,0.478
2021-6-4 14:24:18,23.55341,120.47597
2021-6-4 14:24:19,0.507
2021-6-4 14:24:19,23.55341,120.47596
2021-6-4 14:24:21,0.545
2021-6-4 14:24:21,23.55342,120.47596
2021-6-4 14:24:22,15.299
2021-6-4 14:24:22,23.55392,120.47596
2021-6-4 14:24:24,15.854
2021-6-4 14:24:24,23.55398,120.47596
2021-6-4 14:24:25,15.815
2021-6-4 14:24:25,23.55404,120.47595
2021-6-4 14:24:27,15.489
2021-6-4 14:24:27,23.55410,120.47594
2021-6-4 14:24:28,15.122
2021-6-4 14:24:28,23.55415,120.47594
2021-6-4 14:24:30,15.015
2021-6-4 14:24:30,23.55420,120.47594
2021-6-4 14:24:31,15.087
2021-6-4 14:24:31,23.55426,120.47594
2021-6-4 14:24:33,15.188
2021-6-4 14:24:33,23.55432,120.47594
2021-6-4 14:24:34,15.081
2021-6-4 14:24:34,23.55437,120.47594
2021-6-4 14:24:36,15.117
2021-6-4 14:24:36,23.55443,120.47594
2021-6-4 14:24:37,15.244
2021-6-4 14:24:37,23.55449,120.47594
2021-6-4 14:24:39,15.272
2021-6-4 14:24:39,23.55454,120.47593
2021-6-4 14:24:40,15.258
2021-6-4 14:24:40,23.55460,120.47594
2021-6-4 14:24:42,15.257
2021-6-4 14:24:42,23.55466,120.47594
2021-6-4 14:24:43,15.293
2021-6-4 14:24:43,23.55472,120.47594
2021-6-4 14:24:45,15.323
2021-6-4 14:24:45,23.55477,120.47593
2021-6-4 14:24:46,15.381
2021-6-4 14:24:46,23.55484,120.47593
2021-6-4 14:24:48,15.408
2021-6-4 14:24:48,23.55489,120.47593
2021-6-4 14:24:49,15.547
2021-6-4 14:24:49,23.55496,120.47593
2021-6-4 14:24:51,15.568
2021-6-4 14:24:51,23.55502,120.47593
2021-6-4 14:24:52,15.623
2021-6-4 14:24:52,23.55508,120.47593
2021-6-4 14:24:54,15.592
2021-6-4 14:24:54,23.55514,120.47593
2021-6-4 14:24:55,15.588
2021-6-4 14:24:55,23.55520,120.47593
2021-6-4 14:24:57,15.524
2021-6-4 14:24:57,23.55525,120.47593
2021-6-4 14:24:58,15.462
2021-6-4 14:24:58,23.55531,120.47594
2021-6-4 14:25:0,15.440
2021-6-4 14:25:0,23.55537,120.47594
2021-6-4 14:25:1,15.452
2021-6-4 14:25:1,23.55542,120.47594
2021-6-4 14:25:3,15.447
2021-6-4 14:25:3,23.55548,120.47594
2021-6-4 14:25:4,15.423
2021-6-4 14:25:4,23.55554,120.47595
2021-6-4 14:25:6,15.420
2021-6-4 14:25:6,23.55559,120.47595
2021-6-4 14:25:7,15.441
2021-6-4 14:25:7,23.55565,120.47596
2021-6-4 14:25:9,15.431
2021-6-4 14:25:9,23.55571,120.47596
2021-6-4 14:25:10,15.426
2021-6-4 14:25:10,23.55577,120.47596
2021-6-4 14:25:12,15.405
2021-6-4 14:25:12,23.55582,120.47597
2021-6-4 14:25:13,15.391
2021-6-4 14:25:13,23.55588,120.47597
2021-6-4 14:25:15,15.373
2021-6-4 14:25:15,23.55594,120.47598
2021-6-4 14:25:16,15.355
2021-6-4 14:25:16,23.55599,120.47598
2021-6-4 14:25:18,15.337
2021-6-4 14:25:18,23.55605,120.47599
2021-6-4 14:25:19,15.331
2021-6-4 14:25:19,23.55611,120.47600
2021-6-4 14:25:21,15.315
2021-6-4 14:25:21,23.55616,120.47600
2021-6-4 14:25:22,15.294
2021-6-4 14:25:22,23.55622,120.47601
2021-6-4 14:25:24,15.287
2021-6-4 14:25:24,23.55627,120.47602
2021-6-4 14:25:25,15.271
2021-6-4 14:25:25,23.55633,120.47602
2021-6-4 14:25:27,15.260
2021-6-4 14:25:27,23.55638,120.47603
2021-6-4 14:25:28,15.256
2021-6-4 14:25:28,23.55644,120.47603
2021-6-4 14:25:30,15.243
2021-6-4 14:25:30,23.55650,120.47604
2021-6-4 14:25:31,15.235
2021-6-4 14:25:31,23.55655,120.47605
2021-6-4 14:25:33,15.229
2021-6-4 14:25:33,23.55661,120.47605
2021-6-4 14:25:34,15.210
2021-6-4 14:25:34,23.55666,120.47605
2021-6-4 14:25:36,15.181
2021-6-4 14:25:36,23.55672,120.47606
2021-6-4 14:25:37,15.133
2021-6-4 14:25:37,23.55677,120.47607
2021-6-4 14:25:39,15.107
2021-6-4 14:25:39,23.55682,120.47607
2021-6-4 14:25:40,15.042
2021-6-4 14:25:40,23.55687,120.47608
2021-6-4 14:25:42,14.984
2021-6-4 14:25:42,23.55692,120.47608
2021-6-4 14:25:43,14.931
2021-6-4 14:25:43,23.55697,120.47608
2021-6-4 14:25:45,14.890
2021-6-4 14:25:45,23.55702,120.47608
2021-6-4 14:25:46,7.319
2021-6-4 14:25:46,23.55684,120.47638
2021-6-4 14:25:48,7.628
2021-6-4 14:25:48,23.55672,120.47650
2021-6-4 14:25:49,8.041
2021-6-4 14:25:49,23.55672,120.47654
2021-6-4 14:25:51,9.245
2021-6-4 14:25:51,23.55673,120.47658
2021-6-4 14:25:52,9.692
2021-6-4 14:25:52,23.55672,120.47664
2021-6-4 14:25:54,9.544
2021-6-4 14:25:54,23.55671,120.47668
2021-6-4 14:25:55,9.899
2021-6-4 14:25:55,23.55671,120.47672
2021-6-4 14:25:57,9.999
2021-6-4 14:25:57,23.55670,120.47677
2021-6-4 14:25:58,10.184
2021-6-4 14:25:58,23.55669,120.47682
2021-6-4 14:26:0,10.280
2021-6-4 14:26:0,23.55668,120.47687
2021-6-4 14:26:1,10.488
2021-6-4 14:26:1,23.55668,120.47692
2021-6-4 14:26:3,10.639
2021-6-4 14:26:3,23.55667,120.47697
2021-6-4 14:26:4,10.708
2021-6-4 14:26:4,23.55666,120.47702
2021-6-4 14:26:6,10.766
2021-6-4 14:26:6,23.55666,120.47707
2021-6-4 14:26:7,10.797
2021-6-4 14:26:7,23.55665,120.47712
2021-6-4 14:26:9,10.795
2021-6-4 14:26:9,23.55664,120.47717
2021-6-4 14:26:10,10.752
2021-6-4 14:26:10,23.55664,120.47721
2021-6-4 14:26:12,11.028
2021-6-4 14:26:12,23.55663,120.47727
2021-6-4 14:26:13,11.081
2021-6-4 14:26:13,23.55662,120.47732
2021-6-4 14:26:15,10.992
2021-6-4 14:26:15,23.55661,120.47737
2021-6-4 14:26:16,11.003
2021-6-4 14:26:16,23.55661,120.47741
2021-6-4 14:26:18,10.962
2021-6-4 14:26:18,23.55660,120.47746
2021-6-4 14:26:19,10.976
2021-6-4 14:26:19,23.55660,120.47751
2021-6-4 14:26:21,11.037
2021-6-4 14:26:21,23.55659,120.47756
2021-6-4 14:26:22,11.014
2021-6-4 14:26:22,23.55658,120.47761
2021-6-4 14:26:24,11.063
2021-6-4 14:26:24,23.55657,120.47765
2021-6-4 14:26:25,11.162
2021-6-4 14:26:25,23.55657,120.47771
2021-6-4 14:26:27,11.226
2021-6-4 14:26:27,23.55656,120.47776
2021-6-4 14:26:28,11.272
2021-6-4 14:26:28,23.55655,120.47781
2021-6-4 14:26:30,11.501
2021-6-4 14:26:30,23.55654,120.47787
2021-6-4 14:26:31,11.562
2021-6-4 14:26:31,23.55653,120.47792
2021-6-4 14:26:33,11.576
2021-6-4 14:26:33,23.55653,120.47797
2021-6-4 14:26:34,11.612
2021-6-4 14:26:34,23.55652,120.47802
2021-6-4 14:26:36,11.668
2021-6-4 14:26:36,23.55651,120.47808
2021-6-4 14:26:37,11.678
2021-6-4 14:26:37,23.55650,120.47813
2021-6-4 14:26:39,11.674
2021-6-4 14:26:39,23.55648,120.47817
2021-6-4 14:26:40,11.774
2021-6-4 14:26:40,23.55647,120.47823
2021-6-4 14:26:42,11.945
2021-6-4 14:26:42,23.55645,120.47830
2021-6-4 14:26:43,12.039
2021-6-4 14:26:43,23.55643,120.47836
2021-6-4 14:26:45,12.123
2021-6-4 14:26:45,23.55642,120.47842
2021-6-4 14:26:46,12.161
2021-6-4 14:26:46,23.55640,120.47847
2021-6-4 14:26:48,12.143
2021-6-4 14:26:48,23.55639,120.47852
2021-6-4 14:26:49,12.147
2021-6-4 14:26:49,23.55638,120.47857
2021-6-4 14:26:51,12.147
2021-6-4 14:26:51,23.55637,120.47862
2021-6-4 14:26:52,12.127
2021-6-4 14:26:52,23.55636,120.47867
2021-6-4 14:26:54,12.056
2021-6-4 14:26:54,23.55635,120.47871
2021-6-4 14:26:55,12.032
2021-6-4 14:26:55,23.55634,120.47876
2021-6-4 14:26:57,12.023
2021-6-4 14:26:57,23.55633,120.47881
2021-6-4 14:26:58,12.006
2021-6-4 14:26:58,23.55631,120.47885
2021-6-4 14:27:0,11.965
2021-6-4 14:27:0,23.55630,120.47890
2021-6-4 14:27:1,11.835
2021-6-4 14:27:1,23.55630,120.47894
2021-6-4 14:27:3,11.826
2021-6-4 14:27:3,23.55629,120.47898
2021-6-4 14:27:4,11.787
2021-6-4 14:27:4,23.55627,120.47903
2021-6-4 14:27:6,11.778
2021-6-4 14:27:6,23.55626,120.47908
2021-6-4 14:27:7,11.765
2021-6-4 14:27:7,23.55625,120.47912
2021-6-4 14:27:9,11.733
2021-6-4 14:27:9,23.55625,120.47917
2021-6-4 14:27:10,11.661
2021-6-4 14:27:10,23.55625,120.47921
2021-6-4 14:27:12,11.663
2021-6-4 14:27:12,23.55624,120.47926
2021-6-4 14:27:13,11.660
2021-6-4 14:27:13,23.55623,120.47931
2021-6-4 14:27:15,11.643
2021-6-4 14:27:15,23.55623,120.47935
2021-6-4 14:27:16,11.626
2021-6-4 14:27:16,23.55623,120.47940
2021-6-4 14:27:18,11.562
2021-6-4 14:27:18,23.55623,120.47944
2021-6-4 14:27:19,11.503
2021-6-4 14:27:19,23.55623,120.47948
2021-6-4 14:27:21,11.466
2021-6-4 14:27:21,23.55624,120.47952
2021-6-4 14:27:22,11.500
2021-6-4 14:27:22,23.55624,120.47957
2021-6-4 14:27:24,11.474
2021-6-4 14:27:24,23.55624,120.47962
2021-6-4 14:27:25,18.864
2021-6-4 14:27:25,23.55663,120.47971
2021-6-4 14:27:27,18.274
2021-6-4 14:27:27,23.55666,120.47977
2021-6-4 14:27:28,16.872
2021-6-4 14:27:28,23.55669,120.47982
2021-6-4 14:27:30,15.628
2021-6-4 14:27:30,23.55672,120.47988
2021-6-4 14:27:31,15.736
2021-6-4 14:27:31,23.55675,120.47993
2021-6-4 14:27:33,15.460
2021-6-4 14:27:33,23.55678,120.47999
2021-6-4 14:27:34,15.096
2021-6-4 14:27:34,23.55680,120.48004
2021-6-4 14:27:36,14.590
2021-6-4 14:27:36,23.55682,120.48009
2021-6-4 14:27:37,14.277
2021-6-4 14:27:37,23.55684,120.48014
2021-6-4 14:27:39,13.836
2021-6-4 14:27:39,23.55686,120.48018
2021-6-4 14:27:40,13.690
2021-6-4 14:27:40,23.55688,120.48023
2021-6-4 14:27:42,13.330
2021-6-4 14:27:42,23.55691,120.48026
2021-6-4 14:27:43,13.020
2021-6-4 14:27:43,23.55693,120.48030
2021-6-4 14:27:45,12.441
2021-6-4 14:27:45,23.55695,120.48032
2021-6-4 14:27:46,11.630
2021-6-4 14:27:46,23.55696,120.48033
2021-6-4 14:27:48,10.704
2021-6-4 14:27:48,23.55697,120.48034
2021-6-4 14:27:49,10.115
2021-6-4 14:27:49,23.55697,120.48035
2021-6-4 14:27:51,9.600
2021-6-4 14:27:51,23.55698,120.48037
2021-6-4 14:27:52,9.081
2021-6-4 14:27:52,23.55699,120.48038
2021-6-4 14:27:54,8.717
2021-6-4 14:27:54,23.55699,120.48039
2021-6-4 14:27:55,8.056
2021-6-4 14:27:55,23.55699,120.48038
2021-6-4 14:27:57,7.532
2021-6-4 14:27:57,23.55700,120.48038
2021-6-4 14:27:58,7.222
2021-6-4 14:27:58,23.55700,120.48039
2021-6-4 14:28:0,6.992
2021-6-4 14:28:0,23.55701,120.48040
2021-6-4 14:28:1,6.814
2021-6-4 14:28:1,23.55702,120.48041
2021-6-4 14:28:3,6.636
2021-6-4 14:28:3,23.55702,120.48042
2021-6-4 14:28:4,6.482
2021-6-4 14:28:4,23.55703,120.48043
2021-6-4 14:28:6,6.455
2021-6-4 14:28:6,23.55704,120.48045
2021-6-4 14:28:7,6.394
2021-6-4 14:28:7,23.55705,120.48046
2021-6-4 14:28:9,6.404
2021-6-4 14:28:9,23.55706,120.48048
2021-6-4 14:28:10,6.374
2021-6-4 14:28:10,23.55708,120.48050
2021-6-4 14:28:12,6.331
2021-6-4 14:28:12,23.55709,120.48051
2021-6-4 14:28:13,6.385
2021-6-4 14:28:13,23.55710,120.48054
2021-6-4 14:28:15,6.397
2021-6-4 14:28:15,23.55712,120.48055
2021-6-4 14:28:16,6.389
2021-6-4 14:28:16,23.55714,120.48056
2021-6-4 14:28:18,6.470
2021-6-4 14:28:18,23.55716,120.48058
2021-6-4 14:28:19,6.421
2021-6-4 14:28:19,23.55719,120.48058
2021-6-4 14:28:21,6.467
2021-6-4 14:28:21,23.55722,120.48060
2021-6-4 14:28:22,6.526
2021-6-4 14:28:22,23.55724,120.48061
2021-6-4 14:28:24,6.512
2021-6-4 14:28:24,23.55726,120.48063
2021-6-4 14:28:25,6.518
2021-6-4 14:28:25,23.55728,120.48064
2021-6-4 14:28:27,13.125
2021-6-4 14:28:27,23.55747,120.48040
2021-6-4 14:28:28,13.332
2021-6-4 14:28:28,23.55752,120.48043
2021-6-4 14:28:30,13.384
2021-6-4 14:28:30,23.55757,120.48046
2021-6-4 14:28:31,13.637
2021-6-4 14:28:31,23.55763,120.48047
2021-6-4 14:28:33,13.836
2021-6-4 14:28:33,23.55768,120.48049
2021-6-4 14:28:34,13.936
2021-6-4 14:28:34,23.55773,120.48051
2021-6-4 14:28:36,14.062
2021-6-4 14:28:36,23.55778,120.48053
2021-6-4 14:28:37,14.121
2021-6-4 14:28:37,23.55784,120.48055
2021-6-4 14:28:39,14.162
2021-6-4 14:28:39,23.55789,120.48057
2021-6-4 14:28:40,14.234
2021-6-4 14:28:40,23.55794,120.48059
2021-6-4 14:28:42,14.272
2021-6-4 14:28:42,23.55799,120.48061
2021-6-4 14:28:43,14.271
2021-6-4 14:28:43,23.55805,120.48062
2021-6-4 14:28:45,14.265
2021-6-4 14:28:45,23.55810,120.48064
2021-6-4 14:28:46,14.293
2021-6-4 14:28:46,23.55815,120.48067
2021-6-4 14:28:48,14.289
2021-6-4 14:28:48,23.55820,120.48069
2021-6-4 14:28:49,14.281
2021-6-4 14:28:49,23.55826,120.48071
2021-6-4 14:28:51,14.296
2021-6-4 14:28:51,23.55831,120.48073
2021-6-4 14:28:52,14.317
2021-6-4 14:28:52,23.55836,120.48075
2021-6-4 14:28:54,14.362
2021-6-4 14:28:54,23.55841,120.48077
2021-6-4 14:28:55,14.398
2021-6-4 14:28:55,23.55847,120.48079
2021-6-4 14:28:57,14.468
2021-6-4 14:28:57,23.55852,120.48081
2021-6-4 14:28:58,14.476
2021-6-4 14:28:58,23.55857,120.48084
2021-6-4 14:29:0,14.459
2021-6-4 14:29:0,23.55863,120.48086
2021-6-4 14:29:1,14.434
2021-6-4 14:29:1,23.55867,120.48088
2021-6-4 14:29:3,14.411
2021-6-4 14:29:3,23.55872,120.48090
2021-6-4 14:29:4,14.384
2021-6-4 14:29:4,23.55877,120.48093
2021-6-4 14:29:6,14.365
2021-6-4 14:29:6,23.55882,120.48095
2021-6-4 14:29:7,14.379
2021-6-4 14:29:7,23.55887,120.48098
2021-6-4 14:29:9,14.397
2021-6-4 14:29:9,23.55892,120.48100
2021-6-4 14:29:10,14.369
2021-6-4 14:29:10,23.55897,120.48103
2021-6-4 14:29:12,14.355
2021-6-4 14:29:12,23.55901,120.48106
2021-6-4 14:29:13,14.362
2021-6-4 14:29:13,23.55906,120.48109
2021-6-4 14:29:15,14.371
2021-6-4 14:29:15,23.55911,120.48112
2021-6-4 14:29:16,14.399
2021-6-4 14:29:16,23.55916,120.48115
2021-6-4 14:29:18,14.408
2021-6-4 14:29:18,23.55921,120.48117
2021-6-4 14:29:19,14.414
2021-6-4 14:29:19,23.55925,120.48120
2021-6-4 14:29:21,14.390
2021-6-4 14:29:21,23.55930,120.48123
2021-6-4 14:29:22,14.393
2021-6-4 14:29:22,23.55935,120.48126
2021-6-4 14:29:24,14.424
2021-6-4 14:29:24,23.55940,120.48129
2021-6-4 14:29:25,14.436
2021-6-4 14:29:25,23.55945,120.48132
2021-6-4 14:29:27,14.434
2021-6-4 14:29:27,23.55949,120.48135
2021-6-4 14:29:28,14.438
2021-6-4 14:29:28,23.55954,120.48138
2021-6-4 14:29:30,14.482
2021-6-4 14:29:30,23.55959,120.48141
2021-6-4 14:29:31,14.512
2021-6-4 14:29:31,23.55964,120.48144
2021-6-4 14:29:33,14.539
2021-6-4 14:29:33,23.55969,120.48147
2021-6-4 14:29:34,14.577
2021-6-4 14:29:34,23.55975,120.48150
2021-6-4 14:29:36,14.599
2021-6-4 14:29:36,23.55980,120.48153
2021-6-4 14:29:37,14.629
2021-6-4 14:29:37,23.55985,120.48155
2021-6-4 14:29:39,14.661
2021-6-4 14:29:39,23.55990,120.48158
2021-6-4 14:29:40,14.671
2021-6-4 14:29:40,23.55995,120.48161
2021-6-4 14:29:42,14.679
2021-6-4 14:29:42,23.56000,120.48164
2021-6-4 14:29:43,14.687
2021-6-4 14:29:43,23.56005,120.48167
2021-6-4 14:29:45,14.687
2021-6-4 14:29:45,23.56010,120.48170
2021-6-4 14:29:46,14.686
2021-6-4 14:29:46,23.56015,120.48173
2021-6-4 14:29:48,14.690
2021-6-4 14:29:48,23.56020,120.48175
2021-6-4 14:29:49,14.700
2021-6-4 14:29:49,23.56025,120.48178
2021-6-4 14:29:51,14.712
2021-6-4 14:29:51,23.56030,120.48182
2021-6-4 14:29:52,14.717
2021-6-4 14:29:52,23.56035,120.48184
2021-6-4 14:29:54,14.724
2021-6-4 14:29:54,23.56040,120.48187
2021-6-4 14:29:55,14.718
2021-6-4 14:29:55,23.56045,120.48190
2021-6-4 14:29:57,14.711
2021-6-4 14:29:57,23.56050,120.48193
2021-6-4 14:29:58,14.705
2021-6-4 14:29:58,23.56055,120.48196
2021-6-4 14:30:0,11.234
2021-6-4 14:30:0,23.56053,120.48214
2021-6-4 14:30:1,11.356
2021-6-4 14:30:1,23.56054,120.48218
2021-6-4 14:30:3,12.113
2021-6-4 14:30:3,23.56058,120.48215
2021-6-4 14:30:4,12.506
2021-6-4 14:30:4,23.56061,120.48212
2021-6-4 14:30:6,12.319
2021-6-4 14:30:6,23.56064,120.48209
2021-6-4 14:30:7,11.945
2021-6-4 14:30:7,23.56069,120.48206
2021-6-4 14:30:9,11.616
2021-6-4 14:30:9,23.56073,120.48203
2021-6-4 14:30:10,11.297
2021-6-4 14:30:10,23.56077,120.48199
2021-6-4 14:30:12,11.803
2021-6-4 14:30:12,23.56080,120.48195
2021-6-4 14:30:13,11.839
2021-6-4 14:30:13,23.56083,120.48191
2021-6-4 14:30:15,11.843
2021-6-4 14:30:15,23.56085,120.48186
2021-6-4 14:30:16,11.731
2021-6-4 14:30:16,23.56088,120.48182
2021-6-4 14:30:18,11.913
2021-6-4 14:30:18,23.56092,120.48177
2021-6-4 14:30:19,12.254
2021-6-4 14:30:19,23.56096,120.48172
2021-6-4 14:30:21,12.389
2021-6-4 14:30:21,23.56100,120.48168
2021-6-4 14:30:22,12.510
2021-6-4 14:30:22,23.56104,120.48164
2021-6-4 14:30:24,12.977
2021-6-4 14:30:24,23.56109,120.48157
2021-6-4 14:30:25,13.241
2021-6-4 14:30:25,23.56112,120.48151
2021-6-4 14:30:27,13.291
2021-6-4 14:30:27,23.56116,120.48146
2021-6-4 14:30:28,13.612
2021-6-4 14:30:28,23.56119,120.48139
2021-6-4 14:30:30,13.741
2021-6-4 14:30:30,23.56123,120.48134
2021-6-4 14:30:31,13.797
2021-6-4 14:30:31,23.56126,120.48129
2021-6-4 14:30:33,14.009
2021-6-4 14:30:33,23.56130,120.48122
2021-6-4 14:30:34,14.147
2021-6-4 14:30:34,23.56135,120.48117
2021-6-4 14:30:36,14.285
2021-6-4 14:30:36,23.56138,120.48111
2021-6-4 14:30:37,14.372
2021-6-4 14:30:37,23.56143,120.48105
2021-6-4 14:30:39,14.594
2021-6-4 14:30:39,23.56147,120.48098
2021-6-4 14:30:40,14.700
2021-6-4 14:30:40,23.56150,120.48092
2021-6-4 14:30:42,14.759
2021-6-4 14:30:42,23.56154,120.48086
2021-6-4 14:30:43,14.982
2021-6-4 14:30:43,23.56159,120.48079
2021-6-4 14:30:45,15.169
2021-6-4 14:30:45,23.56163,120.48072
2021-6-4 14:30:46,15.387
2021-6-4 14:30:46,23.56168,120.48065
2021-6-4 14:30:48,15.534
2021-6-4 14:30:48,23.56172,120.48058
2021-6-4 14:30:49,15.688
2021-6-4 14:30:49,23.56176,120.48051
2021-6-4 14:30:51,20.905
2021-6-4 14:30:51,23.56198,120.48013
2021-6-4 14:30:52,21.361
2021-6-4 14:30:52,23.56203,120.48002
2021-6-4 14:30:54,21.248
2021-6-4 14:30:54,23.56209,120.47994
2021-6-4 14:30:55,21.617
2021-6-4 14:30:55,23.56214,120.47986
2021-6-4 14:30:57,22.304
2021-6-4 14:30:57,23.56218,120.47977
2021-6-4 14:30:58,22.251
2021-6-4 14:30:58,23.56223,120.47968
2021-6-4 14:31:0,22.112
2021-6-4 14:31:0,23.56228,120.47960
2021-6-4 14:31:1,22.234
2021-6-4 14:31:1,23.56233,120.47952
2021-6-4 14:31:3,21.905
2021-6-4 14:31:3,23.56237,120.47945
2021-6-4 14:31:4,21.785
2021-6-4 14:31:4,23.56242,120.47937
2021-6-4 14:31:6,21.763
2021-6-4 14:31:6,23.56246,120.47928
2021-6-4 14:31:7,21.531
2021-6-4 14:31:7,23.56251,120.47921
2021-6-4 14:31:9,21.257
2021-6-4 14:31:9,23.56255,120.47914
2021-6-4 14:31:10,21.044
2021-6-4 14:31:10,23.56259,120.47907
2021-6-4 14:31:12,20.832
2021-6-4 14:31:12,23.56264,120.47900
2021-6-4 14:31:13,20.399
2021-6-4 14:31:13,23.56267,120.47894
2021-6-4 14:31:15,20.294
2021-6-4 14:31:15,23.56271,120.47887
2021-6-4 14:31:16,19.602
2021-6-4 14:31:16,23.56273,120.47881
2021-6-4 14:31:18,19.326
2021-6-4 14:31:18,23.56274,120.47874
2021-6-4 14:31:19,18.893
2021-6-4 14:31:19,23.56274,120.47867
2021-6-4 14:31:21,18.728
2021-6-4 14:31:21,23.56276,120.47861
2021-6-4 14:31:22,18.410
2021-6-4 14:31:22,23.56278,120.47855
2021-6-4 14:31:24,18.090
2021-6-4 14:31:24,23.56278,120.47849
2021-6-4 14:31:25,17.838
2021-6-4 14:31:25,23.56279,120.47843
2021-6-4 14:31:27,17.463
2021-6-4 14:31:27,23.56280,120.47839
2021-6-4 14:31:28,17.273
2021-6-4 14:31:28,23.56282,120.47833
2021-6-4 14:31:30,17.126
2021-6-4 14:31:30,23.56282,120.47827
2021-6-4 14:31:31,16.879
2021-6-4 14:31:31,23.56281,120.47822
2021-6-4 14:31:33,8.734
2021-6-4 14:31:33,23.56241,120.47838
2021-6-4 14:31:34,10.368
2021-6-4 14:31:34,23.56237,120.47837
2021-6-4 14:31:36,9.998
2021-6-4 14:31:36,23.56235,120.47835
2021-6-4 14:31:37,9.576
2021-6-4 14:31:37,23.56234,120.47833
2021-6-4 14:31:39,9.553
2021-6-4 14:31:39,23.56230,120.47831
2021-6-4 14:31:40,9.400
2021-6-4 14:31:40,23.56226,120.47829
2021-6-4 14:31:42,9.359
2021-6-4 14:31:42,23.56223,120.47828
2021-6-4 14:31:43,9.060
2021-6-4 14:31:43,23.56220,120.47827
2021-6-4 14:31:45,8.977
2021-6-4 14:31:45,23.56217,120.47824
2021-6-4 14:31:46,8.961
2021-6-4 14:31:46,23.56213,120.47823
2021-6-4 14:31:48,8.975
2021-6-4 14:31:48,23.56209,120.47821
2021-6-4 14:31:49,9.044
2021-6-4 14:31:49,23.56204,120.47818
2021-6-4 14:31:51,8.968
2021-6-4 14:31:51,23.56201,120.47815
2021-6-4 14:31:52,8.642
2021-6-4 14:31:52,23.56197,120.47813
2021-6-4 14:31:54,8.136
2021-6-4 14:31:54,23.56196,120.47810
2021-6-4 14:31:55,7.960
2021-6-4 14:31:55,23.56194,120.47808
2021-6-4 14:31:57,7.823
2021-6-4 14:31:57,23.56192,120.47806
2021-6-4 14:31:58,7.625
2021-6-4 14:31:58,23.56190,120.47803
2021-6-4 14:32:0,7.641
2021-6-4 14:32:0,23.56189,120.47799
2021-6-4 14:32:1,7.733
2021-6-4 14:32:1,23.56191,120.47791
2021-6-4 14:32:3,7.708
2021-6-4 14:32:3,23.56191,120.47786
2021-6-4 14:32:4,7.585
2021-6-4 14:32:4,23.56191,120.47783
2021-6-4 14:32:6,7.499
2021-6-4 14:32:6,23.56190,120.47781
2021-6-4 14:32:7,6.997
2021-6-4 14:32:7,23.56190,120.47781
2021-6-4 14:32:9,7.049
2021-6-4 14:32:9,23.56189,120.47778
2021-6-4 14:32:10,7.013
2021-6-4 14:32:10,23.56188,120.47775
2021-6-4 14:32:12,7.127
2021-6-4 14:32:12,23.56189,120.47769
2021-6-4 14:32:13,7.039
2021-6-4 14:32:13,23.56188,120.47767
2021-6-4 14:32:15,6.977
2021-6-4 14:32:15,23.56188,120.47764
2021-6-4 14:32:16,6.958
2021-6-4 14:32:16,23.56187,120.47761
2021-6-4 14:32:18,6.925
2021-6-4 14:32:18,23.56186,120.47759
2021-6-4 14:32:19,6.833
2021-6-4 14:32:19,23.56185,120.47757
2021-6-4 14:32:21,6.782
2021-6-4 14:32:21,23.56184,120.47755
2021-6-4 14:32:22,6.729
2021-6-4 14:32:22,23.56183,120.47753
2021-6-4 14:32:24,6.680
2021-6-4 14:32:24,23.56182,120.47751
2021-6-4 14:32:25,6.633
2021-6-4 14:32:25,23.56181,120.47749
2021-6-4 14:32:27,6.498
2021-6-4 14:32:27,23.56180,120.47748
2021-6-4 14:32:28,6.356
2021-6-4 14:32:28,23.56179,120.47747
