23.56379,120.47798,-53.14,1.0,0.055499,0.7464864864864865,50.05421686746989,31.004818181818184,2021-4-21 11:20:42
23.56379,120.47798,-53.14,1.0,0.055199,1.1865765765765761,15.716867469879517,31.01,2021-4-21 11:20:42
23.56379,120.47798,-53.14,1.0,0.08718199999999998,1.5958682634730537,14.0,30.943712574850306,2021-4-21 11:20:43
23.56379,120.47798,-53.14,1.0,0.081782,1.6682035928143715,25.272455089820358,30.977125748502996,2021-4-21 11:20:43
23.56379,120.47798,-53.14,1.0,0.07638199999999999,1.6011111111111112,29.0,30.962035928143717,2021-4-21 11:20:43
23.56379,120.47798999500002,-53.14,1.0,0.042996000000000006,1.502012012012012,29.0,30.95891891891892,2021-4-21 11:20:44
23.56379,120.47798849500002,-53.14,1.0,0.04179600000000001,0.2189789789789789,29.0,31.01,2021-4-21 11:20:44
23.56379,120.47798699500001,-53.14,1.0,0.04059600000000001,0.53003003003003,24.05389221556886,30.989335347432025,2021-4-21 11:20:44
23.56379,120.47798549500001,-53.14,1.0,0.03939600000000001,0.3305688622754491,26.065868263473057,30.92,2021-4-21 11:20:44
23.56379,120.47798399500002,-53.14,1.0,0.03819600000000001,0.3451197604790419,61.095808383233525,30.921100917431193,2021-4-21 11:20:45
23.56379,120.477982495,-53.14,1.0,0.036996,0.20697604790419163,71.94610778443113,31.00366972477064,2021-4-21 11:20:45
23.56379,120.47798099500001,-53.14,1.0,0.035796,0.7659759759759762,52.18562874251496,30.935359281437126,2021-4-21 11:20:45
23.56379,120.47797000000003,-53.14,1.0,0.015605999999999997,1.926456456456456,54.38738738738738,30.92,2021-4-21 11:20:46
23.56379,120.47797000000003,-53.14,1.0,0.017405999999999998,5.6611111111111105,68.5,30.976517857142856,2021-4-21 11:20:46
23.56379,120.47797000000003,-53.14,1.0,0.019206,6.772634730538921,66.50299401197604,31.01,2021-4-21 11:20:46
23.56379,120.47797000000003,-53.14,1.0,0.0160085,5.470239520958084,63.0,31.01,2021-4-21 11:20:47
23.56379,120.47797000000003,-53.14,1.0,0.0185585,4.596287425149701,47.83233532934132,31.042934131736526,2021-4-21 11:20:47
23.56379,120.47797000000003,-53.14,1.0,0.0211085,5.082342342342343,39.7057057057057,31.130540540540537,2021-4-21 11:20:47
23.56379,120.47797000000003,-53.14,1.0,0.0236585,6.137297297297296,60.0,31.2,2021-4-21 11:20:47
23.56379,120.47797000000003,-53.14,1.0,0.0262085,7.314774774774774,58.20359281437125,31.2,2021-4-21 11:20:48
23.56379,120.47797000000003,-53.14,1.0,0.0287585,7.843832335329341,49.48502994011976,31.2,2021-4-21 11:20:48
23.56379,120.47797000000003,-53.14,1.0,0.0313085,8.0024251497006,77.32934131736526,31.125498489425983,2021-4-21 11:20:48
23.56379,120.47798899,-53.14,1.0,0.031010000000000006,8.113622754491015,79.0,31.11,2021-4-21 11:20:49
23.56379,120.47798599,-53.14,1.0,0.034010000000000006,8.162552552552553,79.0,31.16631736526946,2021-4-21 11:20:49
23.56379,120.47798299,-53.14,1.0,0.03701000000000001,8.061951951951952,41.08408408408409,31.2,2021-4-21 11:20:49
23.563799995000004,120.47796,-53.14,1.0,0.05200399999999999,6.935825825825828,41.1981981981982,31.2,2021-4-21 11:20:50
23.563798495000004,120.47796,-53.14,1.0,0.05320399999999999,5.69068862275449,59.0,31.2,2021-4-21 11:20:50
23.563796995000004,120.47796,-53.14,1.0,0.054404,5.820029940119761,58.65868263473053,31.180422960725075,2021-4-21 11:20:50
23.563795495000004,120.47796,-53.14,1.0,0.05560399999999999,5.54374251497006,58.7185628742515,31.121047904191617,2021-4-21 11:20:50
23.563793995000005,120.47796,-53.14,1.0,0.056803999999999986,5.750600600600601,60.86186186186186,31.19810810810811,2021-4-21 11:20:51
23.563792495000005,120.47796,-53.14,1.0,0.058003999999999986,6.127057057057057,60.0,31.117027027027028,2021-4-21 11:20:51
23.563790995,120.47796,-53.14,1.0,0.059204,6.329339339339338,60.0,31.18427710843373,2021-4-21 11:20:51
23.56378,120.47796,-53.14,1.0,0.064202,6.759085545722715,59.15868263473053,31.2,2021-4-21 11:20:52
23.56378,120.47796,-53.14,1.0,0.064802,7.339221556886227,52.34431137724551,31.2,2021-4-21 11:20:52
23.56378,120.47796,-53.14,1.0,0.065402,9.45,64.66766467065868,31.25151515151515,2021-4-21 11:20:52
23.56378,120.47796,-53.14,1.0,0.093988,12.441044776119401,59.64179104477611,31.25820895522388,2021-4-21 11:20:53
23.56378,120.47796,-53.14,1.0,0.090388,10.766796407185629,61.36526946107784,31.231531531531527,2021-4-21 11:20:53
23.56378,120.47796,-53.14,1.0,0.086788,9.913532934131736,72.70481927710841,31.3,2021-4-21 11:20:53
23.56378,120.47796,-53.14,1.0,0.08318800000000001,5.40027027027027,59.76646706586826,31.3,2021-4-21 11:20:53
23.56378,120.47796,-53.14,1.0,0.079588,4.752125748502993,59.0,31.3,2021-4-21 11:20:54
23.56378,120.47796,-53.14,1.0,0.07598800000000001,4.113652694610779,58.10179640718564,31.38105421686747,2021-4-21 11:20:54
23.56378,120.47796,-53.14,1.0,0.072388,4.17933933933934,31.15568862275449,31.39,2021-4-21 11:20:54
23.56378,120.47796,-53.14,3.0,0.07828299999999999,4.77345421577516,29.0,31.39,2021-4-21 11:20:55
23.56378,120.47796,-53.14,3.0,0.073183,5.399020852221216,35.235765838011226,31.39,2021-4-21 11:20:55
23.56378,120.47796,-53.14,3.0,0.068083,6.0245874886672715,42.93424218123496,31.39,2021-4-21 11:20:55
23.563770005,120.47796,-53.14,3.0,0.019005,6.650154125113328,50.63271852445869,31.39,2021-4-21 11:20:56
23.563771505,120.47796,-53.14,3.0,0.020505,6.347333333333332,58.33119486768244,31.34157746478873,2021-4-21 11:20:56
23.563773004999998,120.47796,-53.14,3.0,0.022005000000000004,5.234121212121212,59.28070175438597,31.3,2021-4-21 11:20:56
23.563774504999998,120.47796,-53.14,3.0,0.023505,4.75024024024024,58.924924924924916,31.3,2021-4-21 11:20:56
23.563776004999998,120.47796,-53.14,3.0,0.025005,4.336426426426425,60.0,31.275301204819275,2021-4-21 11:20:57
23.563777504999997,120.47796,-53.14,1.0,0.026505,11.115214348206477,50.94011976047904,31.20388198757764,2021-4-21 11:20:57
23.563779004999997,120.47796,-53.14,1.0,0.028005,9.747760279965004,25.828926905132192,31.227173913043483,2021-4-21 11:20:57
23.56379,120.47794101,-53.14,1.0,0.012414,8.380306211723534,24.895800933125972,31.250465838509317,2021-4-21 11:20:58
23.56379,120.47794400999997,-53.14,1.0,0.016614,7.012852143482065,23.96267496111975,31.273757763975155,2021-4-21 11:20:58
23.56379,120.47794701,-53.14,1.0,0.020814,5.645398075240595,23.02954898911353,31.297049689441,2021-4-21 11:20:58
23.563780004999998,120.47796000500001,-53.14,1.0,-0.03195750000000002,7.0237837837837835,22.09642301710731,31.221084337349396,2021-4-21 11:20:59
23.563781504999998,120.47796150499998,-53.14,1.0,-0.019207500000000006,11.459462686567164,26.026946107784433,31.268862275449102,2021-4-21 11:20:59
23.563783004999998,120.47796300499999,-53.14,1.0,-0.006457500000000018,7.839582089552239,58.56716417910449,31.3,2021-4-21 11:20:59
23.563784504999997,120.47796450499999,-53.14,1.0,0.006292499999999986,2.9231641791044773,72.0,31.251796407185626,2021-4-21 11:20:59
23.563786004999997,120.47796600500001,-53.14,1.0,0.019042499999999987,2.024610778443113,72.0,31.23802395209581,2021-4-21 11:21:0
23.563787504999997,120.47796750499998,-53.14,1.0,0.03179249999999999,10.80144144144144,50.99099099099099,31.271987951807226,2021-4-21 11:21:0
23.563789004999997,120.47796900499999,-53.14,1.0,0.0445425,14.058203592814369,34.16216216216216,31.2,2021-4-21 11:21:0
23.5638,120.47799899,-53.14,1.0,0.024060000000000005,6.204461077844312,67.8263473053892,31.192724550898202,2021-4-21 11:21:1
23.5638,120.47799599,-53.14,1.0,0.042060000000000014,5.160748502994012,58.904191616766475,31.111886227544908,2021-4-21 11:21:1
23.5638,120.47799299,-53.14,1.0,0.06006000000000001,6.333323353293413,58.0059880239521,31.11,2021-4-21 11:21:1
23.563790004999998,120.47796000500001,-53.14,1.0,0.13003399999999998,8.09312312312312,58.0,31.11,2021-4-21 11:21:2
23.563791504999998,120.47796150499998,-53.14,1.0,0.140234,5.468258258258258,35.8018018018018,31.11,2021-4-21 11:21:2
23.563793004999997,120.47796300499999,-53.14,1.0,0.150434,7.1497597597597595,42.52409638554217,31.11,2021-4-21 11:21:2
23.563794504999997,120.47796450499999,-53.14,1.0,0.160634,11.456066066066066,48.0,31.01898203592814,2021-4-21 11:21:2
23.563796004999997,120.47796600500001,-53.14,1.0,0.170834,7.534910179640718,38.61377245508982,30.953952095808383,2021-4-21 11:21:3
23.563797504999997,120.47796750499998,-53.14,1.0,0.181034,3.787245508982036,48.610778443113766,30.98520958083833,2021-4-21 11:21:3
23.563799004999996,120.47796900499999,-53.14,1.0,0.191234,6.184191616766467,73.48203592814372,30.905337078651687,2021-4-21 11:21:3
23.56379101,120.47796101,-53.14,1.0,0.15965600000000002,6.233393393393393,58.48648648648648,30.83,2021-4-21 11:21:4
23.56379401,120.47796401,-53.14,1.0,0.176456,4.707523510971787,53.62650602409639,30.83,2021-4-21 11:21:4
23.56379701,120.47796701,-53.14,1.0,0.19325600000000004,5.369069069069068,69.89156626506025,30.83,2021-4-21 11:21:4
23.563810004999997,120.47799,-53.14,1.0,0.2650285,5.696526946107785,70.0,30.83,2021-4-21 11:21:5
23.563811504999997,120.47799,-53.14,1.0,0.2735785,5.196856287425149,70.0,30.83,2021-4-21 11:21:5
23.563813004999997,120.47799,-53.14,1.0,0.2821285,5.549609609609609,34.191616766467064,30.83,2021-4-21 11:21:5
23.563814504999996,120.47799,-53.14,1.0,0.2906785,7.207267267267267,40.36636636636637,30.83,2021-4-21 11:21:5
23.563816004999996,120.47799,-53.14,1.0,0.2992285,5.758018018018017,67.2921686746988,30.792650602409637,2021-4-21 11:21:6
23.563817504999996,120.47799,-53.14,1.0,0.3077785,4.087957957957958,79.0,30.757544910179643,2021-4-21 11:21:6
23.563819004999996,120.47799,-53.14,1.0,0.3163285,4.101556886227545,64.47904191616766,30.812634730538917,2021-4-21 11:21:6
23.56383,120.47799,-53.14,1.0,0.310636,4.667425149700598,35.4131736526946,30.73,2021-4-21 11:21:7
23.56383,120.47799,-53.14,1.0,0.32143600000000006,5.093173652694611,62.4985590778098,30.73,2021-4-21 11:21:7
23.56383,120.47799,-53.14,1.0,0.33223600000000003,5.630086455331412,57.31123919308358,30.73,2021-4-21 11:21:7
23.563820004999997,120.47799,-53.14,1.0,0.37302099999999994,5.331801801801801,50.24550898203593,30.80283582089552,2021-4-21 11:21:8
23.563821504999996,120.47799,-53.14,1.0,0.379321,5.05,69.10810810810811,30.88648648648649,2021-4-21 11:21:8
23.563823004999996,120.47799,-53.14,1.0,0.38562099999999994,4.915315315315314,61.10542168674699,30.92,2021-4-21 11:21:8
23.563824504999996,120.47799,-53.14,1.0,0.391921,5.987387387387388,61.2185628742515,30.92,2021-4-21 11:21:8
23.563826004999996,120.47799,-53.14,1.0,0.398221,4.923053892215568,60.98823529411764,30.92,2021-4-21 11:21:9
23.563827504999995,120.47799,-53.14,1.0,0.404521,4.770588235294118,57.221556886227546,30.9388622754491,2021-4-21 11:21:9
23.563829004999995,120.47799,-53.14,1.0,0.410821,4.706107784431137,65.97904191616766,31.000299401197605,2021-4-21 11:21:9
23.56382101,120.47800899,-53.14,1.0,0.37914100000000006,4.795209580838323,58.6317365269461,30.919461077844314,2021-4-21 11:21:10
23.56382401,120.47800599,-53.14,1.0,0.391441,4.845645645645646,55.97897897897898,30.838622754491013,2021-4-21 11:21:10
23.56382701,120.47800299,-53.14,1.0,0.403741,4.726696696696697,55.07807807807807,30.90265060240964,2021-4-21 11:21:10
23.56385,120.47798999500002,-53.14,1.0,0.434032,4.825759312320916,54.17717717717718,30.92,2021-4-21 11:21:11
23.56385,120.47798849500002,-53.14,1.0,0.44363199999999997,4.915808383233533,72.03892215568862,30.86556886227545,2021-4-21 11:21:11
23.56385,120.47798699500001,-53.14,1.0,0.453232,4.870898203592814,79.0,30.83,2021-4-21 11:21:11
23.56385,120.47798549500001,-53.14,1.0,0.462832,4.66003003003003,53.10179640718563,30.83,2021-4-21 11:21:11
23.56385,120.47798399500002,-53.14,1.0,0.472432,4.811501501501501,39.435435435435444,30.85702702702702,2021-4-21 11:21:12
23.56385,120.477982495,-53.14,1.0,0.482032,4.5726126126126125,57.831325301204814,30.88165662650602,2021-4-21 11:21:12
23.56385,120.47798099500001,-53.14,1.0,0.491632,5.91951951951952,64.22754491017965,30.72056886227545,2021-4-21 11:21:12
23.56383101,120.47798899,-53.14,1.0,0.4404640000000001,5.822874251497006,58.0,30.64,2021-4-21 11:21:13
23.56383401,120.47798599,-53.14,1.0,0.4596640000000001,5.147694610778442,57.49700598802395,30.64,2021-4-21 11:21:13
23.56383701,120.47798299,-53.14,1.0,0.4788640000000001,5.01,32.34730538922156,30.568053892215566,2021-4-21 11:21:13
23.563430215000004,120.47823986,-53.14,1.0,-19.288038,5.165915915915916,52.80239520958084,30.48023952095808,2021-4-21 11:21:14
23.563494715000004,120.47819785999998,-53.14,1.0,-16.299438,5.644954954954954,58.0,30.39605421686747,2021-4-21 11:21:14
23.563559215,120.47815585999997,-53.14,1.0,-13.310838,5.212522522522522,58.0,30.36,2021-4-21 11:21:14
23.563623715000002,120.47811386,-53.14,1.0,-10.322238,4.829017341040464,58.0,30.36,2021-4-21 11:21:14
23.563688215000003,120.47807185999997,-53.14,1.0,-7.333637999999999,5.302252252252252,41.26946107784431,30.336287425149695,2021-4-21 11:21:15
23.563752715000003,120.47802986,-53.14,1.0,-4.345037999999999,5.307664670658681,32.098802395209574,30.253832335329346,2021-4-21 11:21:15
23.563817215000004,120.47798786,-53.14,1.0,-1.3564379999999998,5.194491017964072,75.46706586826348,30.17,2021-4-21 11:21:15
23.564214039999992,120.47775596000002,-53.14,1.0,22.067301,4.972934131736527,59.0,30.17,2021-4-21 11:21:16
23.56422604,120.47774396000003,-53.14,1.0,21.827601,4.99045045045045,59.0,30.17,2021-4-21 11:21:16
23.564238039999992,120.47773196000003,-53.14,1.0,21.587901,4.956066066066065,32.78378378378379,30.101686746987955,2021-4-21 11:21:16
23.56427003,120.47773994999997,-53.14,1.0,21.05035,4.9089189189189195,55.342342342342334,30.08,2021-4-21 11:21:17
23.564279030000005,120.47772494999998,-53.14,1.0,20.85535,4.9365868263473045,60.30538922155689,30.08,2021-4-21 11:21:17
23.564288030000007,120.47770995,-53.14,1.0,20.66035,4.756946107784432,56.14071856287425,30.039041916167662,2021-4-21 11:21:17
23.56429703,120.47769494999997,-53.14,1.0,20.46535,5.082694610778441,59.640718562874255,30.021796407185626,2021-4-21 11:21:17
23.564306030000008,120.47767995,-53.14,1.0,20.27035,4.9713813813813825,63.78378378378378,30.08,2021-4-21 11:21:18
23.564315030000007,120.47766495,-53.14,1.0,20.07535,4.982095238095239,60.0,30.06617469879518,2021-4-21 11:21:18
23.56432403,120.47764994999997,-53.14,1.0,19.88035,4.805945945945947,54.61676646706587,29.99511976047904,2021-4-21 11:21:18
23.564314039999992,120.47765394,-53.14,1.0,19.041589,4.791347305389221,31.083832335329337,30.075958083832333,2021-4-21 11:21:19
23.56432604,120.47763594,-53.14,1.0,18.948289,4.965598802395209,57.13173652694611,30.00320359281437,2021-4-21 11:21:19
23.564338039999992,120.47761794,-53.14,1.0,18.854989,4.9935329341317365,60.604790419161674,29.99,2021-4-21 11:21:19
23.564390020000005,120.47752997500001,-53.14,1.0,18.754692500000004,4.974384384384384,60.23353293413174,29.99,2021-4-21 11:21:20
23.564396020000007,120.47752247500001,-53.14,1.0,18.6624425,4.72951951951952,60.0,29.99,2021-4-21 11:21:20
23.56440202,120.47751497500002,-53.14,1.0,18.5701925,4.261051051051052,42.4054054054054,30.03068862275449,2021-4-21 11:21:20
23.56440802,120.47750747500001,-53.14,1.0,18.4779425,4.715225225225225,38.808383233532936,30.08,2021-4-21 11:21:20
23.56441402,120.47749997500001,-53.14,1.0,18.3856925,4.735239520958084,50.0,30.08,2021-4-21 11:21:21
23.564420020000007,120.47749247500002,-53.14,1.0,18.2934425,5.2578742514970065,50.0,30.067254335260117,2021-4-21 11:21:21
23.56442602,120.47748497500001,-53.14,1.0,18.2011925,5.161681681681682,45.32537313432836,29.989164086687303,2021-4-21 11:21:21
23.564394040000007,120.47754394,-53.14,1.0,17.574373999999995,4.920993975903615,22.545180722891565,29.905572755417957,2021-4-21 11:21:22
23.56440604,120.47752594,-53.14,1.0,17.566574,5.484444444444445,46.942771084337345,29.739759036144584,2021-4-21 11:21:22
23.564418040000007,120.47750794000002,-53.14,1.0,17.558774,6.237425149700599,74.6377245508982,29.643173652694603,2021-4-21 11:21:22
23.56447002,120.47743996499999,-53.14,1.0,17.2461265,5.661497005988024,63.850299401197596,29.56233532934132,2021-4-21 11:21:23
23.56447602,120.47742946499999,-53.14,1.0,17.284076499999998,5.387544910179642,59.0,29.53,2021-4-21 11:21:23
23.56448202,120.47741896499998,-53.14,1.0,17.3220265,5.342634730538921,41.27544910179641,29.569341317365275,2021-4-21 11:21:23
23.56448802,120.47740846499998,-53.14,1.0,17.3599765,4.735375375375376,49.21921921921921,29.62,2021-4-21 11:21:23
23.56449402,120.47739796499998,-53.14,1.0,17.397926499999997,4.434444444444445,70.3132530120482,29.62,2021-4-21 11:21:24
23.56450002,120.47738746499999,-53.14,1.0,17.4358765,4.706516516516516,59.74251497005988,29.62,2021-4-21 11:21:24
23.56450602,120.47737696499999,-53.14,1.0,17.473826499999998,4.526796407185628,58.532934131736525,29.621786259541985,2021-4-21 11:21:24
23.564436060000006,120.47745192,-53.14,1.0,17.788080999999995,4.680012515644556,56.71559633027524,29.66300763358779,2021-4-21 11:21:25
23.56445406,120.47742792,-53.14,1.0,17.782380999999997,4.860237797246558,68.64220183486239,29.704229007633586,2021-4-21 11:21:25
23.564472060000007,120.47740392,-53.14,1.0,17.776680999999996,4.85990990990991,80.56880733944953,29.779729729729727,2021-4-21 11:21:25
23.56457002,120.47727997,-53.14,1.0,17.9478925,4.453846153846154,82.0,29.8,2021-4-21 11:21:26
23.56457602,120.47727097,-53.14,1.0,17.9156425,4.3697297297297295,46.03003003003002,29.8,2021-4-21 11:21:26
23.56458202,120.47726197,-53.14,1.0,17.8833925,4.4780780780780765,39.97904191616765,29.8,2021-4-21 11:21:26
23.56458802,120.47725297000002,-53.14,1.0,17.8511425,4.329101796407184,62.75748502994012,29.8,2021-4-21 11:21:26
23.56459402,120.47724397,-53.14,1.0,17.8188925,4.289580838323353,71.86786786786787,29.8,2021-4-21 11:21:27
23.56460002,120.47723497,-53.14,1.0,17.7866425,4.314564564564565,60.0,29.78544910179641,2021-4-21 11:21:27
23.56460602,120.47722597,-53.14,1.0,17.7543925,4.377627627627628,60.0,29.71,2021-4-21 11:21:27
23.564574040000007,120.47727394,-53.14,1.0,18.195943,4.5901775147929,57.35928143712575,29.71,2021-4-21 11:21:28
23.56458604,120.47725594,-53.14,1.0,18.088843,4.469101796407186,19.63473053892216,29.78602985074627,2021-4-21 11:21:28
23.564598040000007,120.47723794000002,-53.14,1.0,17.981743,4.555845697329377,18.0,29.73549132947977,2021-4-21 11:21:28
23.56467001,120.47721993999997,-53.14,1.0,16.1565025,4.59160606060606,26.33233532934132,29.766459627329198,2021-4-21 11:21:29
23.56467301,120.47720193999997,-53.14,1.0,16.3072525,4.700570570570569,61.882882882882896,29.8,2021-4-21 11:21:29
23.564676009999992,120.47718394,-53.14,1.0,16.458002500000003,4.8643243243243255,67.82882882882882,29.8,2021-4-21 11:21:29
23.56467901,120.47716594,-53.14,1.0,16.6087525,4.924023668639053,55.83136094674556,29.8,2021-4-21 11:21:29
23.56468201,120.47714794,-53.14,1.0,16.759502500000004,4.968383233532935,57.50898203592815,29.8,2021-4-21 11:21:30
23.56468501,120.47712994,-53.14,1.0,16.910252500000002,5.22491017964072,68.0,29.8125748502994,2021-4-21 11:21:30
23.56468801,120.47711193999997,-53.14,1.0,17.0610025,4.847664670658683,62.23053892215569,29.897604790419162,2021-4-21 11:21:30
23.56465303,120.47709393999997,-53.14,1.0,18.046363000000003,5.162282282282281,28.71771771771772,29.807784431137726,2021-4-21 11:21:31
23.564662030000008,120.47707593999998,-53.14,1.0,18.065263,5.066216216216217,68.35735735735736,29.8,2021-4-21 11:21:31
23.564671030000007,120.47705793999998,-53.14,1.0,18.084163,5.842312312312312,61.72289156626506,29.8,2021-4-21 11:21:31
23.564730004999998,120.47696997500002,-53.14,1.0,18.8237025,6.705029585798816,60.0,29.8,2021-4-21 11:21:32
23.564731504999997,120.47696247500001,-53.14,1.0,18.7344525,7.167095808383233,40.50898203592814,29.753791044776122,2021-4-21 11:21:32
23.564733004999997,120.47695497500001,-53.14,1.0,18.6452025,5.7223952095808395,44.808383233532936,29.746916167664672,2021-4-21 11:21:32
23.564734504999997,120.47694747500002,-53.14,2.0,18.5559525,6.178111111111112,59.425149700598794,29.79175266903915,2021-4-21 11:21:32
23.564736004999997,120.47693997500001,-53.14,2.0,18.4667025,7.411444444444445,55.88662533215234,29.76773131672598,2021-4-21 11:21:33
23.564737504999997,120.47693247500001,-53.14,2.0,18.3774525,8.644777777777778,44.460584588131084,29.743709964412805,2021-4-21 11:21:33
23.564739004999996,120.47692497500002,-53.14,2.0,18.2882025,9.87811111111111,33.034543844109834,29.71968861209964,2021-4-21 11:21:33
23.56469303,120.47694596000002,-53.14,2.0,19.550091,10.54,21.608503100088576,29.71,2021-4-21 11:21:34
23.56470203,120.47693396,-53.14,2.0,19.247391,9.92938053097345,32.84070796460177,29.673002915451892,2021-4-21 11:21:34
23.56471103,120.47692196,-53.14,2.0,18.944691,3.672485207100592,59.389380530973455,29.62,2021-4-21 11:21:34
23.56476601,120.47686497500001,-53.14,6.0,16.707541,12.29194690265487,63.19852337981952,29.640124789207416,2021-4-21 11:21:35
23.56476901,120.47685747500002,-53.14,6.0,16.689840999999998,14.681327433628317,57.292042657916326,29.64923102866779,2021-4-21 11:21:35
23.56477201,120.47684997500001,-53.14,6.0,16.672141,17.070707964601766,51.385561936013126,29.658337268128168,2021-4-21 11:21:36
23.56477501,120.47684247500001,-53.14,6.0,16.654441,19.460088495575224,45.479081214109925,29.66744350758853,2021-4-21 11:21:36
23.56477801,120.47683497500002,-53.14,6.0,16.636741,21.84946902654867,39.57260049220672,29.676549747048902,2021-4-21 11:21:36
23.56474303,120.47687495000002,-53.14,6.0,16.793749,24.23884955752212,33.666119770303524,29.685655986509275,2021-4-21 11:21:37
23.564752030000008,120.47685995,-53.14,6.0,16.748449,26.62823008849557,27.759639048400327,29.69476222596965,2021-4-21 11:21:37
23.564761030000007,120.47684495,-53.14,6.0,16.703149,29.017610619469025,21.853158326497127,29.703868465430016,2021-4-21 11:21:37
23.564800015000003,120.47677997500001,-53.14,6.0,16.487934000000003,31.406991150442483,15.946677604593926,29.71297470489039,2021-4-21 11:21:38
23.564804515000002,120.47677247500002,-53.14,6.0,16.468134000000003,33.79637168141593,10.040196882690736,29.722080944350758,2021-4-21 11:21:38
23.564809015,120.47676497500001,-53.14,6.0,16.448334000000003,7.660181818181818,5.033070274332958,29.73118718381113,2021-4-21 11:21:38
23.564813515000004,120.47675747500001,-53.14,6.0,16.428534000000003,8.198521739130433,5.258549417512214,29.7402934232715,2021-4-21 11:21:38
23.564818015000004,120.47674997500002,-53.14,6.0,16.408734000000003,8.736861660079052,5.48402856069147,29.74939966273187,2021-4-21 11:21:39
23.564822515000003,120.47674247500001,-53.14,6.0,16.388934000000003,9.275201581027668,5.7095077038707265,29.758505902192244,2021-4-21 11:21:39
23.564827015000002,120.47673497500001,-53.14,6.0,16.369134000000003,9.813541501976285,5.934986847049982,29.76761214165261,2021-4-21 11:21:39
23.56482202,120.47675596,-53.14,6.0,16.67976,10.351881422924901,6.160465990229238,29.776718381112985,2021-4-21 11:21:40
23.56482802,120.47674396,-53.14,6.0,16.607759999999995,10.890221343873517,6.385945133408493,29.78582462057336,2021-4-21 11:21:40
23.56483402,120.47673196,-53.14,6.0,16.53576,11.42856126482213,6.61142427658775,29.794930860033727,2021-4-21 11:21:40
23.56486001,120.47668997500001,-53.14,6.0,16.119931999999995,13.018527131782943,6.836903419767004,29.8,2021-4-21 11:21:41
23.56486301,120.47668247500002,-53.14,6.0,16.099532,9.429379844961241,16.43669250645995,29.8,2021-4-21 11:21:41
23.564866009999992,120.47667497500001,-53.14,6.0,16.079131999999998,10.429561855670103,50.5452196382429,29.8,2021-4-21 11:21:41
23.56486901,120.47666747500001,-53.14,6.0,16.058732,11.701131105398456,51.0,29.86506329113924,2021-4-21 11:21:41
23.56487201,120.47665997500002,-53.14,6.0,16.038332,7.92610824742268,51.0,29.9,2021-4-21 11:21:42
23.56487501,120.47665247500001,-53.14,6.0,16.017932,5.335902061855671,48.930591259640096,29.9,2021-4-21 11:21:42
23.56487801,120.47664497500001,-53.14,6.0,15.997532,6.3791002570694095,45.13624678663239,29.9,2021-4-21 11:21:42
23.56484303,120.47668495,-53.14,6.0,16.058789,6.297263427109975,58.24678663239073,29.827088607594938,2021-4-21 11:21:43
23.564852030000008,120.47666995,-53.14,6.0,16.025489,5.972113402061854,61.0,29.8,2021-4-21 11:21:43
23.56486103,120.47665495,-53.14,6.0,15.992189,8.607164948453608,47.17525773195877,29.774484536082475,2021-4-21 11:21:43
23.56491001,120.47657998,-53.14,6.0,15.872931999999997,6.078814432989692,25.0,29.71,2021-4-21 11:21:44
23.56491301,120.47657398,-53.14,6.0,15.852532,8.065989717223651,25.0,29.71,2021-4-21 11:21:44
23.56491601,120.47656798,-53.14,6.0,15.832132,9.530282776349615,25.0,29.763766233766233,2021-4-21 11:21:44
23.56491901,120.47656198000003,-53.14,6.0,15.811732,7.113290488431876,37.29820051413881,29.8,2021-4-21 11:21:44
23.56492201,120.47655598,-53.14,6.0,15.791332,10.036169665809767,48.79639175257732,29.78681233933162,2021-4-21 11:21:45
23.56492501,120.47654998,-53.14,6.0,15.770932,9.703737113402061,42.4128205128205,29.717403598971725,2021-4-21 11:21:45
23.56492801,120.47654398,-53.14,6.0,15.750532,6.617593984962406,60.1051282051282,29.71,2021-4-21 11:21:45
23.56493101,120.47659495,-53.14,6.0,15.821284000000004,5.601623036649215,52.26785714285713,29.71,2021-4-21 11:21:46
23.56493401,120.47657995,-53.14,6.0,15.786484000000003,9.289461538461536,49.390745501285345,29.71,2021-4-21 11:21:46
23.56493701,120.47656495,-53.14,6.0,15.751684000000003,6.266384615384616,63.70103092783505,29.71,2021-4-21 11:21:46
23.565049955000003,120.47645999500001,-53.14,6.0,16.368557999999997,6.962422680412371,52.87628865979381,29.71,2021-4-21 11:21:47
23.565036455000005,120.47645849500002,-53.14,6.0,16.235957999999997,8.237892030848329,48.44987146529563,29.7584793814433,2021-4-21 11:21:47
23.565022955000003,120.476456995,-53.14,6.0,16.103358,7.136246786632392,50.27835051546392,29.772005141388174,2021-4-21 11:21:47
23.565009455000002,120.47645549500001,-53.14,6.0,15.970757999999996,9.74293059125964,52.62113402061856,29.71,2021-4-21 11:21:47
23.564995955000004,120.47645399500001,-53.14,6.0,15.838157999999996,10.386086956521737,42.569587628865975,29.71,2021-4-21 11:21:48
23.564982455000003,120.47645249500002,-53.14,6.0,15.705558,8.322923076923077,57.964102564102554,29.71,2021-4-21 11:21:48
23.564968955000005,120.47645099500001,-53.14,6.0,15.572958,5.390515463917525,64.0,29.71,2021-4-21 11:21:48
23.56483202,120.47653495,-53.14,6.0,14.714940000000004,8.514226804123712,53.5,29.71,2021-4-21 11:21:49
23.56483802,120.47651995,-53.14,6.0,14.69694,7.8640616966581,25.0,29.71,2021-4-21 11:21:49
23.56484402,120.47650495,-53.14,6.0,14.67894,7.079976717112922,25.0,29.745189873417722,2021-4-21 11:21:49
23.564880004999996,120.47643997500002,-53.14,6.0,14.6219595,8.11024447031432,25.0,29.783164556962028,2021-4-21 11:21:50
23.564881504999995,120.47643247500001,-53.14,6.0,14.6098095,9.140512223515715,25.0,29.8430412371134,2021-4-21 11:21:50
23.564883004999995,120.47642497500001,-53.14,6.0,14.5976595,4.642164948453607,25.91002570694088,29.87963917525773,2021-4-21 11:21:50
23.564884505,120.47641747500002,-53.14,6.0,14.5855095,9.687634961439588,29.71025641025641,29.802319587628865,2021-4-21 11:21:50
23.564886004999998,120.47640997500001,-53.14,6.0,14.5733595,10.337835051546392,47.4025641025641,29.873299748110835,2021-4-21 11:21:51
23.564887504999998,120.47640247500001,-53.14,6.0,14.5612095,5.97701030927835,45.47043701799487,29.9,2021-4-21 11:21:51
23.564889004999998,120.47639497500002,-53.14,6.0,14.5490595,12.36242268041237,50.89175257731959,29.871208226221082,2021-4-21 11:21:51
23.56596344,120.47476382999997,-53.14,6.0,36.254823,10.141494845360825,65.0,29.805927835051545,2021-4-21 11:21:52
23.56579544,120.47501282999997,-53.14,6.0,32.811723,5.231288659793814,65.0,29.88324742268041,2021-4-21 11:21:52
23.56562744,120.47526182999998,-53.14,6.0,29.368623,3.501752577319588,65.0,29.9,2021-4-21 11:21:52
23.56443995,120.47689014,-53.14,6.0,0.21138650000000012,7.0893814432989695,41.63659793814433,29.862210796915168,2021-4-21 11:21:53
23.56442495,120.47693214,-53.14,6.0,0.6273365000000001,5.164639175257732,26.223650385604117,29.81494845360825,2021-4-21 11:21:53
23.56440995,120.47697414,-53.14,6.0,1.0432865,8.393350515463917,56.855670103092784,29.892268041237113,2021-4-21 11:21:53
23.56439495,120.47701614,-53.14,6.0,1.4592365,9.691395348837208,51.44329896907217,29.862078651685394,2021-4-21 11:21:53
23.56437995,120.47705814,-53.14,6.0,1.8751865,9.614651162790695,50.30942334739803,29.819943820224715,2021-4-21 11:21:54
23.56436495,120.47710014,-53.14,6.0,2.2911365,9.9212853470437,50.73136427566807,29.8,2021-4-21 11:21:54
23.56434995,120.47714214,-53.14,6.0,2.7070865,8.201491002570695,51.0,29.8,2021-4-21 11:21:54
23.564296970000008,120.47743101000003,-53.14,6.0,2.022566,6.632268041237113,49.55670103092783,29.8,2021-4-21 11:21:55
23.564287970000006,120.47743401000002,-53.14,6.0,2.612366,6.705051546391752,27.907216494845358,29.734755784061697,2021-4-21 11:21:55
23.564278970000007,120.47743701,-53.14,6.0,3.202166,7.614742268041235,48.11340206185567,29.71,2021-4-21 11:21:55
23.56422999,120.47742001999997,-53.14,6.0,7.983869000000001,5.562493573264781,59.81748071979434,29.734293059125964,2021-4-21 11:21:56
23.56422699,120.47742601999997,-53.14,6.0,7.944569,8.832416452442159,51.0,29.8,2021-4-21 11:21:56
23.56422399,120.47743201999998,-53.14,6.0,7.905269,7.352474226804123,51.0,29.8,2021-4-21 11:21:56
23.56422099,120.47743801999998,-53.14,6.0,7.865969,7.251182519280205,50.315384615384616,29.8,2021-4-21 11:21:56
23.56421799,120.47744402,-53.14,6.0,7.826669,9.764329896907215,50.912371134020624,29.76784061696658,2021-4-21 11:21:57
23.56421499,120.47745002,-53.14,6.0,7.787369,8.449896907216495,51.77120822622108,29.71,2021-4-21 11:21:57
23.56421199,120.47745602,-53.14,6.0,7.748069,7.224138817480719,51.0,29.71,2021-4-21 11:21:57
23.56420899,120.47746202,-53.14,6.0,7.9727299999999985,7.270695876288659,51.0,29.768802992518708,2021-4-21 11:21:58
23.56420599,120.47746802,-53.14,6.0,7.891729999999998,8.688316062176165,36.79381443298969,29.8,2021-4-21 11:21:58
23.56420299,120.47747402,-53.14,6.0,7.810729999999999,4.945912596401028,25.0,29.8,2021-4-21 11:21:58
23.564189995000003,120.47750000999997,-53.14,6.0,7.8726585,8.300668380462723,25.0,29.8,2021-4-21 11:21:59
23.564188495000003,120.47750301,-53.14,6.0,7.7702085,7.21360824742268,25.0,29.732329113924045,2021-4-21 11:21:59
23.564186995000004,120.47750601000003,-53.14,6.0,7.6677585,6.978969072164948,40.239074550128535,29.757591623036646,2021-4-21 11:21:59
23.564185495000004,120.47750901,-53.14,6.0,7.5653085,10.678711340206185,51.0360824742268,29.8,2021-4-21 11:21:59
23.564183995000004,120.47751201,-53.14,6.0,7.4628585,8.227680412371134,54.0,29.8,2021-4-21 11:22:0
23.564182495000004,120.47751501,-53.14,6.0,7.3604085,8.40840206185567,54.0,29.8,2021-4-21 11:22:0
23.564180995000005,120.47751801,-53.14,6.0,7.2579585,9.38430412371134,31.606683804627252,29.862307692307688,2021-4-21 11:22:0
23.56418899,120.47748303,-53.14,6.0,6.529787999999999,8.129974293059124,43.783505154639165,29.86056701030928,2021-4-21 11:22:1
23.56418599,120.47749203,-53.14,6.0,6.526187999999999,3.71095115681234,61.257069408740364,29.8,2021-4-21 11:22:1
23.56418299,120.47750103,-53.14,6.0,6.522587999999999,7.985360824742269,51.0,29.8,2021-4-21 11:22:1
23.564179990000007,120.47754001500002,-53.14,6.0,6.1621665,9.149274193548386,51.0,29.8,2021-4-21 11:22:2
23.564176990000007,120.47754451500002,-53.14,6.0,6.2121165,8.447661290322579,49.423611111111114,29.8,2021-4-21 11:22:2
23.564173990000008,120.47754901500001,-53.14,6.0,6.2620665,7.746048387096774,47.34027777777778,29.8,2021-4-21 11:22:2
23.56417099,120.47755351500001,-53.14,6.0,6.3120165,6.791156812339332,50.9639175257732,29.817737789203086,2021-4-21 11:22:2
23.56416799,120.47755801500001,-53.14,6.0,6.3619665,9.15228791773779,62.922680412371136,29.89485861182519,2021-4-21 11:22:3
23.56416499,120.47756251500002,-53.14,6.0,6.4119165,10.030334190231363,45.91237113402062,29.827835051546394,2021-4-21 11:22:3
23.56416199,120.47756701500002,-53.14,6.0,6.4618665,9.282262210796915,55.65809768637532,29.8,2021-4-21 11:22:3
23.56417798,120.47754302999998,-53.14,6.0,6.674181000000001,3.841413881748071,65.0,29.82654639175257,2021-4-21 11:22:4
23.56417198,120.47755202999997,-53.14,6.0,6.698481000000001,6.659280205655527,59.44730077120823,29.9,2021-4-21 11:22:4
23.56416598,120.47756103,-53.14,6.0,6.722781000000001,7.280979381443298,28.598971722365036,29.9,2021-4-21 11:22:4
23.564129995000002,120.47761001,-53.14,6.0,7.162872999999999,4.141804123711339,40.02577319587629,29.896849410131846,2021-4-21 11:22:5
23.564107495000002,120.47765501,-53.14,6.0,6.591373000000001,9.210886230800595,34.855160932297444,29.834392782789728,2021-4-21 11:22:9
23.56409199,120.47767801,-53.14,6.0,6.748881,9.438832404512707,34.022752497225305,29.830229007633587,2021-4-21 11:22:9
23.56408899,120.47766201999997,-53.14,6.0,7.09791,9.666778578224822,33.190344062153166,29.826065232477447,2021-4-21 11:22:10
23.56408599,120.47766801999997,-53.14,6.0,7.07091,9.894724751936929,32.35793562708102,29.821901457321307,2021-4-21 11:22:10
23.56408299,120.47767402,-53.14,6.0,7.04391,10.12267092564904,31.525527192008884,29.81773768216516,2021-4-21 11:22:10
23.564089984999995,120.47769001500001,-53.14,6.0,6.635101,10.350617099361154,30.693118756936737,29.813573907009022,2021-4-21 11:22:11
23.564085485000003,120.47769451500001,-53.14,6.0,6.665401,10.578563273073264,29.860710321864595,29.809410131852875,2021-4-21 11:22:11
23.564080985000004,120.47769901500001,-53.14,6.0,6.695701,10.806509446785373,29.02830188679245,29.805246356696735,2021-4-21 11:22:11
23.564076484999998,120.47770351500002,-53.14,6.0,6.726001,11.034455620497484,28.195893451720313,29.8010825815406,2021-4-21 11:22:11
23.564071984999998,120.47770801500002,-53.14,6.0,6.756301,11.268883572567782,27.363485016648166,29.830775571375046,2021-4-21 11:22:12
23.564067484999995,120.47771251500001,-53.14,6.0,6.786601,11.30237639553429,29.28635851183765,29.872364181341325,2021-4-21 11:22:12
23.564062985000003,120.47771701500001,-53.14,6.0,6.816901,11.335869218500797,33.344983089064264,29.913952791307608,2021-4-21 11:22:12
23.56404899,120.47769303,-53.14,6.0,6.871887999999999,11.369362041467305,37.403607666290874,29.955541401273887,2021-4-21 11:22:13
23.56404599,120.47770203,-53.14,6.0,6.898288,11.402854864433811,41.46223224351748,29.997130011240166,2021-4-21 11:22:13
23.56404299,120.47771103,-53.14,6.0,6.924688,11.43634768740032,45.52085682074408,30.038718621206446,2021-4-21 11:22:13
23.564049984999997,120.47775001499998,-53.14,6.0,6.987069999999999,11.469840510366824,49.57948139797069,30.080307231172725,2021-4-21 11:22:14
23.564045484999998,120.47775451499999,-53.14,6.0,7.008069999999999,11.503333333333332,53.638105975197284,30.121895841139,2021-4-21 11:22:14
23.564040985,120.47775901500002,-53.14,6.0,7.029069999999999,11.536826156299844,57.69673055242391,30.163484451105287,2021-4-21 11:22:14
23.564036484999995,120.477763515,-53.14,6.0,7.05007,11.586615384615385,61.75535512965051,30.198596073765618,2021-4-21 11:22:14
23.564031984999996,120.47776801500001,-53.14,6.0,7.07107,11.646970414201185,59.05687203791469,30.232504461629983,2021-4-21 11:22:15
23.564027484999997,120.47777251500001,-53.14,6.0,7.09207,11.707325443786985,53.3696682464455,30.266412849494348,2021-4-21 11:22:15
23.564022984999998,120.47777701500002,-53.14,6.0,7.11307,11.76768047337278,47.68246445497632,30.30032123735872,2021-4-21 11:22:15
23.56402798,120.47775303,-53.14,6.0,7.164454000000001,11.82803550295858,41.99526066350711,30.334229625223077,2021-4-21 11:22:16
23.56402198,120.47776203,-53.14,6.0,7.1806540000000005,11.888390532544381,36.30805687203792,30.35792635260234,2021-4-21 11:22:16
23.563877980000008,120.47797802999997,-53.14,4.0,7.569453999999999,6.773572831593095,41.01343669250646,30.150561612836864,2021-4-21 11:22:23
23.56387099,120.47790901,-53.14,4.0,7.511771999999999,6.555543264757573,41.44754521963824,30.141921415346637,2021-4-21 11:22:23
23.56386799,120.47791201,-53.14,4.0,7.503371999999999,6.33751369792205,41.88165374677002,30.13328121785641,2021-4-21 11:22:24
23.56386499,120.47791501,-53.14,4.0,7.494971999999998,6.11948413108653,42.31576227390181,30.124641020366177,2021-4-21 11:22:24
23.56386199,120.47791801,-53.14,4.0,7.486571999999998,5.901454564251008,42.7498708010336,30.116000822875954,2021-4-21 11:22:24
23.56387798,120.47792101,-53.14,4.0,7.609202999999998,5.683424997415488,43.18397932816538,30.10736062538572,2021-4-21 11:22:25
23.56387198,120.47792401,-53.14,4.0,7.5801029999999985,5.465395430579965,43.618087855297155,30.098720427895493,2021-4-21 11:22:25
23.56386598,120.47792701,-53.14,4.0,7.551002999999999,5.2473658637444425,44.05219638242893,30.09008023040526,2021-4-21 11:22:25
23.563849984999997,120.47794000500001,-53.14,4.0,7.3949665,5.029336296908921,44.486304909560715,30.08144003291504,2021-4-21 11:22:26
23.563845484999998,120.47794150499999,-53.14,4.0,7.3849165,5.885391304347826,44.920413436692506,30.08,2021-4-21 11:22:26
23.563840984999995,120.47794300499999,-53.14,4.0,7.3748665,7.893294797687861,68.43478260869566,30.02615606936416,2021-4-21 11:22:26
23.563836484999996,120.47794450499998,-53.14,4.0,7.3648165,3.7834682080924855,59.9767441860465,29.948242074927954,2021-4-21 11:22:26
23.563831984999997,120.47794600499999,-53.14,4.0,7.3547665,7.538604651162791,60.151162790697676,29.9,2021-4-21 11:22:27
23.563827484999997,120.47794750499999,-53.14,4.0,7.3447165,6.835826086956522,67.86046511627906,29.9,2021-4-21 11:22:27
23.563822984999998,120.47794900499999,-53.14,4.0,7.3346665,5.922151162790697,51.39534883720929,29.891569767441855,2021-4-21 11:22:27
23.56382798,120.47792201999998,-53.14,4.0,7.386333999999998,7.166744186046511,54.391304347826086,29.804360465116282,2021-4-21 11:22:28
23.56382198,120.47792801999998,-53.14,4.0,7.366533999999999,6.7732558139534875,71.78260869565217,29.8,2021-4-21 11:22:28
23.56381598,120.47793402,-53.14,4.0,7.346733999999999,6.861123595505617,57.634782608695645,29.865489130434778,2021-4-21 11:22:28
23.563789990000007,120.47797000499999,-53.14,4.0,7.2639655,7.648372093023256,50.0,29.80009118541033,2021-4-21 11:22:29
23.563786990000008,120.47797150500001,-53.14,4.0,7.2536155,6.776279069767442,62.85217391304348,29.71,2021-4-21 11:22:29
23.563783990000008,120.47797300499998,-53.14,3.0,7.2432655,4.0138662790697675,68.37790697674419,29.71900900900901,2021-4-21 11:22:29
23.56378099,120.47797450499999,-53.14,3.0,7.2329155,4.682724679029957,56.731684110371084,29.74603603603604,2021-4-21 11:22:29
23.56377799,120.47797600499999,-53.14,3.0,7.2225655,5.089286733238231,55.875356803044724,29.773063063063066,2021-4-21 11:22:30
23.56377499,120.47797750499998,-53.14,3.0,7.2122155,5.495848787446506,55.019029495718364,29.800090090090087,2021-4-21 11:22:30
23.56377199,120.47797900499998,-53.14,3.0,7.2018655,5.902410841654779,54.162702188392004,29.827117117117112,2021-4-21 11:22:30
23.56380697,120.47797101000002,-53.14,3.0,7.293112,6.308972895863052,53.30637488106566,29.85414414414414,2021-4-21 11:22:31
23.563797969999992,120.47797401000003,-53.14,3.0,7.266712,6.715534950071326,52.4500475737393,29.881171171171168,2021-4-21 11:22:31
23.56378897,120.47797701,-53.14,3.0,7.240312,7.122097004279601,51.59372026641294,29.848846153846157,2021-4-21 11:22:31
23.56373999,120.47799000499998,-53.14,3.0,7.102967500000001,3.9873746312684366,55.89940828402367,29.724112426035507,2021-4-21 11:22:32
23.56373699,120.47799150499999,-53.14,3.0,7.093217500000001,7.085295857988166,67.40236686390533,29.796005917159764,2021-4-21 11:22:32
23.56373399,120.47799300499999,-53.14,3.0,7.0834675,8.973451327433628,59.0,29.716124260355034,2021-4-21 11:22:32
23.56373099,120.47799450499998,-53.14,3.0,7.073717500000001,7.035443786982247,59.0,29.71,2021-4-21 11:22:32
23.56372799,120.477996005,-53.14,3.0,7.0639675,7.080353982300885,34.41420118343196,29.77337278106509,2021-4-21 11:22:33
23.56372499,120.47799750499999,-53.14,3.0,7.0542175,7.137657142857143,48.74643874643874,29.748717948717946,2021-4-21 11:22:33
23.56372199,120.47799900499999,-53.14,3.0,7.0444675000000005,4.549085714285714,58.0,29.71,2021-4-21 11:22:33
23.56373798,120.47799101,-53.14,3.0,6.997687,7.863846153846153,45.354651162790695,29.71,2021-4-21 11:22:34
23.56373198,120.47799401,-53.14,3.0,6.993786999999999,7.037151162790697,29.0,29.692159763313608,2021-4-21 11:22:34
23.56372598,120.47799701,-53.14,3.0,6.989887,4.587100591715975,29.0,29.627721893491124,2021-4-21 11:22:34
23.563709984999996,120.47800001,-53.14,3.0,6.954003,6.757988165680472,31.751479289940825,29.707603550295858,2021-4-21 11:22:35
23.563705485000003,120.47800301000002,-53.14,3.0,6.954903,6.750325443786982,59.26627218934911,29.71,2021-4-21 11:22:35
23.563700985000004,120.47800601,-53.14,3.0,6.955803,6.317633136094674,60.0,29.77716814159292,2021-4-21 11:22:35
23.563696484999998,120.47800901,-53.14,5.0,6.956703,6.9034319526627215,55.241379310344826,29.793291536050162,2021-4-21 11:22:35
23.563691985,120.47801201,-53.14,5.0,6.957603,7.48923076923077,49.59874608150471,29.783887147335424,2021-4-21 11:22:36
23.563687484999996,120.47801501,-53.14,5.0,6.958503,8.075029585798816,43.956112852664575,29.774482758620685,2021-4-21 11:22:36
23.563682985000003,120.47801801000003,-53.14,5.0,6.959403,8.660828402366862,38.31347962382445,29.765078369905957,2021-4-21 11:22:36
23.56368798,120.47802101,-53.14,5.0,7.002081,9.246627218934911,32.67084639498432,29.755673981191226,2021-4-21 11:22:37
23.56368198,120.47802400999997,-53.14,5.0,6.996381,9.832426035502959,27.028213166144205,29.746269592476487,2021-4-21 11:22:37
23.56367598,120.47802701,-53.14,5.0,6.990681,10.418224852071006,21.38557993730407,29.736865203761752,2021-4-21 11:22:37
23.563659984999997,120.47804000499998,-53.14,5.0,6.923012,11.004023668639054,15.742946708463956,29.727460815047028,2021-4-21 11:22:38
23.563655484999998,120.478041505,-53.14,5.0,6.926612,11.589822485207101,10.100313479623821,29.71805642633229,2021-4-21 11:22:38
23.563650984999995,120.47804300499999,-53.14,5.0,6.930212,6.738325991189427,13.592592592592592,29.71,2021-4-21 11:22:38
23.563646484999996,120.47804450500001,-53.14,5.0,6.933812,6.770369515011548,41.37037037037037,29.71,2021-4-21 11:22:38
23.563641984999997,120.47804600499998,-53.14,5.0,6.937412,6.548660508083141,46.0,29.71,2021-4-21 11:22:39
23.563637484999997,120.47804750499999,-53.14,5.0,6.941012,5.5755196304849886,39.52995391705069,29.71,2021-4-21 11:22:39
23.563632984999998,120.47804900499999,-53.14,5.0,6.944612,5.854792626728111,22.94009216589862,29.71,2021-4-21 11:22:39
23.563656970000007,120.47802201999997,-53.14,5.0,6.860858,7.216543778801843,39.64665127020786,29.81326086956521,2021-4-21 11:22:40
23.563647970000005,120.47802801999997,-53.14,5.0,6.878258000000001,4.91879907621247,49.0,29.9,2021-4-21 11:22:40
23.563638970000007,120.47803402,-53.14,5.0,6.895658,5.559307159353349,47.98156682027649,29.9,2021-4-21 11:22:40
23.563599984999996,120.47806001,-53.14,5.0,7.0200045,6.429976905311777,30.009216589861754,29.83579676674365,2021-4-21 11:22:41
23.563595484999997,120.47806301,-53.14,5.0,7.021354499999999,4.628591224018476,23.0,29.83348729792148,2021-4-21 11:22:41
23.563590984999998,120.47806601,-53.14,3.0,7.0227045,4.902304147465439,23.0,29.900984054669703,2021-4-21 11:22:41
23.563586485,120.47806901,-53.14,3.0,7.0240545,6.61710814673654,23.0,29.9255854214123,2021-4-21 11:22:41
23.563581984999995,120.47807201,-53.14,3.0,7.0254045,6.824349690328729,28.068160152526215,29.95018678815489,2021-4-21 11:22:42
23.563577484999996,120.47807501,-53.14,3.0,7.0267545,7.031591233920915,35.07483317445186,29.974788154897485,2021-4-21 11:22:42
23.563572984999997,120.47807801,-53.14,3.0,7.0281045,7.2388327775131005,42.081506196377504,29.99938952164009,2021-4-21 11:22:42
23.56357798,120.47808101,-53.14,3.0,7.0076160000000005,7.446074321105287,49.08817921830316,30.023990888382688,2021-4-21 11:22:43
23.56357198,120.47808401,-53.14,3.0,7.012416,7.6533158646974755,56.094852240228796,30.04859225512528,2021-4-21 11:22:43
23.56356598,120.47808701,-53.14,3.0,7.017216,7.860557408289661,63.10152526215443,30.07319362186788,2021-4-21 11:22:43
23.56355998,120.47809001,-53.14,3.0,6.968043000000001,7.883195266272189,70.10819828408007,30.021875,2021-4-21 11:22:44
23.56355398,120.47809301000002,-53.14,3.0,6.980943000000001,6.433609467455621,63.5519287833828,30.086390532544378,2021-4-21 11:22:44
23.56354798,120.47809601,-53.14,3.0,6.993843000000001,4.338934911242603,52.53846153846153,30.13192307692308,2021-4-21 11:22:44
23.56354198,120.47809901,-53.14,3.0,7.006743,8.413709198813054,60.16814159292034,30.08,2021-4-21 11:22:44
23.56353598,120.47810201,-53.14,3.0,7.019643,6.986342182890855,78.0,30.08,2021-4-21 11:22:45
23.56352998,120.47810501,-53.14,3.0,7.032543,7.642781065088755,68.31563421828909,30.08,2021-4-21 11:22:45
23.56352398,120.47810801000003,-53.14,3.0,7.045443000000001,9.317398843930636,31.27246376811594,30.08,2021-4-21 11:22:45
23.56353697,120.47809201999998,-53.14,3.0,7.008969,6.661176470588236,55.620289855072464,30.15562130177515,2021-4-21 11:22:46
23.563527969999992,120.47809801999998,-53.14,3.0,7.029669,9.340619469026548,48.65191740412979,30.17,2021-4-21 11:22:46
23.56351897,120.47810402,-53.14,3.0,7.050369,11.741769911504425,69.3126843657817,30.060828402366862,2021-4-21 11:22:46
23.563479984999997,120.47813000999997,-53.14,3.0,7.1260415,8.316991150442476,65.8698224852071,29.99,2021-4-21 11:22:47
23.563475484999998,120.47813301,-53.14,3.0,7.1384915,2.355575221238938,58.0,29.99,2021-4-21 11:22:47
23.563470984999995,120.47813601,-53.14,3.0,7.150941499999999,7.590739644970414,47.01775147928994,29.99,2021-4-21 11:22:47
23.563466484999996,120.47813901,-53.14,3.0,7.1633915,5.344985250737463,36.43362831858407,29.99,2021-4-21 11:22:47
23.563461984999996,120.47814201000003,-53.14,3.0,7.1758415,7.334100294985248,57.45132743362833,29.988363636363633,2021-4-21 11:22:48
23.563457484999997,120.47814501,-53.14,3.0,7.188291499999999,6.520719844357976,59.399089529590285,29.94745454545454,2021-4-21 11:22:48
23.563452984999998,120.47814801,-53.14,3.0,7.2007415,4.402042801556419,44.3763277693475,29.906545454545448,2021-4-21 11:22:48
23.563495960000008,120.47811303,-53.14,3.0,6.902705,4.421563421828909,29.353566009104703,29.967100591715976,2021-4-21 11:22:49
23.56348396,120.47812203,-53.14,3.0,6.964205,5.032035398230088,62.07669616519174,29.93318584070796,2021-4-21 11:22:49
23.563471960000005,120.47813103,-53.14,3.0,7.025705,5.281543026706232,74.0,29.9,2021-4-21 11:22:49
23.563409984999996,120.47818001,-53.14,3.0,7.451022999999998,6.706902654867256,49.005917159763314,29.9,2021-4-21 11:22:50
23.563405484999997,120.47818301000002,-53.14,3.0,7.457923,5.235,40.69822485207101,29.9,2021-4-21 11:22:50
23.563400984999998,120.47818601,-53.14,3.0,7.464823,6.230769230769232,62.0,29.881952662721893,2021-4-21 11:22:50
23.563396485,120.47818901,-53.14,3.0,7.471723,6.6390532544378695,56.5132743362832,29.8,2021-4-21 11:22:50
23.563391984999996,120.47819201,-53.14,3.0,7.478622999999998,4.891002949852507,33.769230769230774,29.8,2021-4-21 11:22:51
23.563387484999996,120.47819501,-53.14,3.0,7.485522999999999,5.10094395280236,56.84615384615385,29.8,2021-4-21 11:22:51
23.563382984999997,120.47819801000003,-53.14,3.0,7.492422999999999,5.94310650887574,52.11504424778761,29.735451895043724,2021-4-21 11:22:51
23.56340697,120.47820101,-53.14,3.0,7.457545,5.564437869822485,64.10059171597634,29.71,2021-4-21 11:22:52
23.56339797,120.47820400999997,-53.14,3.0,7.471045,6.537833827893175,69.0,29.666532507739937,2021-4-21 11:22:52
23.56338897,120.47820701,-53.14,3.0,7.484545,6.132944606413993,49.05830903790087,29.654695652173913,2021-4-21 11:22:52
23.56335998,120.47820001499998,-53.14,3.0,7.406091,5.805976331360946,35.857142857142854,29.71,2021-4-21 11:22:53
23.56335398,120.47820451499999,-53.14,3.0,7.433391,6.451597633136095,52.44378698224852,29.71,2021-4-21 11:22:53
23.563347980000007,120.47820901500002,-53.14,3.0,7.460691,4.1084023668639045,67.0,29.713994082840244,2021-4-21 11:22:53
23.56334198,120.47821351500001,-53.14,3.0,7.487991,6.977840236686389,66.05325443786982,29.793875739644967,2021-4-21 11:22:53
23.56333598,120.47821801500001,-53.14,3.0,7.515291,6.303106508875739,48.301775147929,29.726242603550297,2021-4-21 11:22:54
23.56332998,120.47822251500001,-53.14,3.0,7.542591,6.606656804733728,72.49704142011834,29.71,2021-4-21 11:22:54
23.56332398,120.47822701500002,-53.14,3.0,7.569891,7.115680473372781,78.0,29.71,2021-4-21 11:22:54
23.563355959999992,120.47820303,-53.14,3.0,7.555413,5.4373451327433635,48.26627218934911,29.753136094674552,2021-4-21 11:22:55
23.56334396,120.47821203,-53.14,3.0,7.589313,2.4510619469026556,45.309734513274336,29.767079646017695,2021-4-21 11:22:55
23.563331959999992,120.47822103,-53.14,3.0,7.623213,6.430670391061453,59.16434540389972,29.71,2021-4-21 11:22:55
23.563269984999998,120.47826001500002,-53.14,3.0,7.826028499999999,5.022849162011172,53.26923076923077,29.724615384615387,2021-4-21 11:22:56
23.563265484999995,120.478264515,-53.14,3.0,7.8345785,7.937286135693214,66.28318584070796,29.893254437869818,2021-4-21 11:22:56
23.563260984999996,120.47826901500001,-53.14,3.0,7.843128499999999,7.962713864306785,58.31858407079647,29.81504424778761,2021-4-21 11:22:56
23.563256484999997,120.47827351500001,-53.14,3.0,7.8516785,6.6341002949852514,49.50442477876105,29.8,2021-4-21 11:22:56
23.563251984999997,120.47827801500001,-53.14,3.0,7.8602285,6.5504142011834325,53.141592920353986,29.8,2021-4-21 11:22:57
23.563247484999998,120.47828251500002,-53.14,3.0,7.8687785,6.357368421052631,70.35087719298245,29.85,2021-4-21 11:22:57
23.563242984999995,120.478287015,-53.14,3.0,7.8773285,5.025398230088496,69.56213017751479,29.9,2021-4-21 11:22:57
23.563247980000007,120.47828201999998,-53.14,3.0,7.92101,8.272840236686388,59.0,29.873156342182888,2021-4-21 11:22:58
23.563241980000008,120.47828801999998,-53.14,3.0,7.92401,6.703834808259586,50.92307692307693,29.815384615384616,2021-4-21 11:22:58
23.563235980000005,120.47829402,-53.14,3.0,7.927010000000002,6.606489675516223,32.43952802359882,29.9,2021-4-21 11:22:58
23.563229979999992,120.47830002,-53.14,3.0,7.776086999999999,6.771745562130177,51.66272189349112,29.9,2021-4-21 11:22:59
23.56322398,120.47830602,-53.14,3.0,7.802187,5.240116959064327,65.86390532544378,29.9,2021-4-21 11:22:59
23.56321798,120.47831202,-53.14,3.0,7.828286999999999,5.422252252252252,62.11504424778761,29.962920353982298,2021-4-21 11:22:59
23.56321198,120.47831802,-53.14,3.0,7.854387,6.030682492581602,61.0,29.93712166172107,2021-4-21 11:22:59
23.56320598,120.47832402,-53.14,3.0,7.880487,5.08160237388724,61.0,29.943125,2021-4-21 11:23:0
23.56319998,120.47833002,-53.14,3.0,7.906587,3.718934911242603,40.139880952380956,29.99,2021-4-21 11:23:0
23.56319398,120.47833602,-53.14,3.0,7.932687,5.719351032448378,38.289940828402365,29.966568047337272,2021-4-21 11:23:0
23.56322596,120.47832303,-53.14,3.0,7.879029000000002,4.711681415929204,68.32448377581122,29.9,2021-4-21 11:23:1
23.56321396,120.47833203,-53.14,3.0,7.917729000000001,7.180707964601769,58.0,29.9,2021-4-21 11:23:1
23.56320196,120.47834103000002,-53.14,3.0,7.956429,6.854497041420119,56.991124260355036,29.9,2021-4-21 11:23:1
23.563139984999996,120.47837002000003,-53.14,3.0,8.1580475,5.196932153392329,29.476331360946745,29.9,2021-4-21 11:23:2
23.563135485000004,120.47837602,-53.14,3.0,8.172297499999999,5.260206489675516,62.32941176470588,29.830973451327438,2021-4-21 11:23:2
23.563130985000004,120.47838202,-53.14,3.0,8.186547499999998,6.651120943952804,62.03846153846154,29.909292035398234,2021-4-21 11:23:2
23.563126484999998,120.47838802,-53.14,3.0,8.2007975,6.287541899441342,56.37047353760444,29.950891364902503,2021-4-21 11:23:2
23.563121984999995,120.47839402,-53.14,3.0,8.2150475,7.350949554896142,56.61424332344214,29.925905044510387,2021-4-21 11:23:3
23.563117484999996,120.47840002,-53.14,3.0,8.229297499999998,6.752514792899408,55.485207100591715,29.99,2021-4-21 11:23:3
23.563112985000004,120.47840602,-53.14,3.0,8.2435475,5.8915680473372785,52.59467455621302,29.99,2021-4-21 11:23:3
23.56313697,120.47841201999998,-53.14,3.0,8.296727000000002,7.888967551622419,78.0,29.99,2021-4-21 11:23:4
23.56312797,120.47841801999998,-53.14,3.0,8.304827000000001,8.550473372781065,78.0,29.99,2021-4-21 11:23:4
23.56311897,120.47842402,-53.14,3.0,8.312927000000002,6.438313609467454,78.0,30.05550295857988,2021-4-21 11:23:4
23.563079984999998,120.47845001,-53.14,3.0,8.364005500000001,7.481952662721893,34.15384615384615,30.08,2021-4-21 11:23:5
23.563075484999995,120.47845301000002,-53.14,3.0,8.3656555,10.02944606413994,49.25806451612904,30.08,2021-4-21 11:23:5
23.563070984999996,120.47845601,-53.14,3.0,8.3673055,6.851486880466473,69.0,30.112798833819237,2021-4-21 11:23:5
23.563066484999997,120.47845901,-53.14,3.0,8.3689555,4.98737609329446,53.329446064139944,30.17,2021-4-21 11:23:5
23.563061984999997,120.47846201,-53.14,3.0,8.3706055,10.708396501457726,37.9533527696793,30.17,2021-4-21 11:23:6
23.563057484999998,120.47846501,-53.14,3.0,8.372255499999998,8.303148688046646,76.0,30.17,2021-4-21 11:23:6
23.563052984999995,120.47846801,-53.14,3.0,8.373905499999998,6.875329341317364,76.0,30.25403614457832,2021-4-21 11:23:6
23.563095960000005,120.47845201999998,-53.14,3.0,8.249271999999998,7.378367346938776,34.577259475218646,30.197352941176472,2021-4-21 11:23:7
23.563083960000007,120.47845801999998,-53.14,3.0,8.270871999999999,6.882069970845481,50.865889212827994,30.230882352941176,2021-4-21 11:23:7
23.563071960000006,120.47846402,-53.14,3.0,8.292471999999998,6.598571428571429,51.6530612244898,30.27,2021-4-21 11:23:7
23.563009984999997,120.47849000999997,-53.14,3.0,8.456000999999999,9.643556851311953,61.119533527696795,30.27,2021-4-21 11:23:8
23.563005484999998,120.47849301,-53.14,3.0,8.456301,6.483644314868806,67.32361516034985,30.291253644314867,2021-4-21 11:23:8
23.563000984999995,120.47849601,-53.14,3.0,8.456601,3.6962099125364425,55.30612244897959,30.36,2021-4-21 11:23:8
23.562996484999996,120.47849901,-53.14,3.0,8.456901,6.617492711370263,64.89212827988338,30.36,2021-4-21 11:23:8
23.562991984999996,120.47850201000003,-53.14,3.0,8.457200999999998,5.82466472303207,56.14577259475219,30.282594752186586,2021-4-21 11:23:9
23.562987484999997,120.47850501,-53.14,3.0,8.457501,11.605994152046785,59.45029239766081,30.336315789473684,2021-4-21 11:23:9
23.562982984999998,120.47850801,-53.14,3.0,8.457801,11.260349854227407,51.14868804664723,30.304897959183673,2021-4-21 11:23:9
23.563006970000007,120.47851101000002,-53.14,3.0,8.526465000000002,6.244327485380117,63.964912280701746,30.27,2021-4-21 11:23:10
23.562997970000005,120.47851401000003,-53.14,3.0,8.515965000000001,3.5959649122807007,61.71929824561403,30.200555555555557,2021-4-21 11:23:10
23.56298897,120.47851701,-53.14,3.0,8.505465000000001,7.267134502923976,50.46938775510204,30.08,2021-4-21 11:23:10
23.562949984999996,120.47853000499998,-53.14,3.0,8.419003000000002,6.025029239766082,59.30994152046784,30.08,2021-4-21 11:23:11
23.562945484999997,120.47853150499999,-53.14,3.0,8.419903000000001,4.375906432748538,76.48245614035086,30.08,2021-4-21 11:23:11
23.562940984999997,120.47853300499999,-53.14,3.0,8.420803000000001,4.815,58.06140350877193,30.158421052631578,2021-4-21 11:23:11
23.562936484999998,120.47853450499998,-53.14,3.0,8.421703,5.727631578947369,58.0,30.244853801169594,2021-4-21 11:23:11
23.562931984999995,120.47853600499998,-53.14,3.0,8.422603,6.452748538011695,56.497076023391806,30.207426900584792,2021-4-21 11:23:12
23.562927484999996,120.47853750499999,-53.14,3.0,8.423503000000002,7.588421052631579,56.0,30.22029239766082,2021-4-21 11:23:12
23.562922984999997,120.47853900499999,-53.14,3.0,8.424403000000002,5.825797101449275,42.46086956521739,30.27,2021-4-21 11:23:12
23.56296596,120.47851201999997,-53.14,3.0,8.353140999999999,4.452514619883041,39.853801169590646,30.27,2021-4-21 11:23:13
23.56295396,120.47851801999998,-53.14,3.0,8.365440999999999,7.914736842105262,57.24561403508772,30.27,2021-4-21 11:23:13
23.56294196,120.47852402,-53.14,3.0,8.377740999999999,6.835789473684212,54.2280701754386,30.27,2021-4-21 11:23:13
23.56288998,120.47855001,-53.14,3.0,8.425023499999998,25.40556213017752,49.156976744186046,30.27,2021-4-21 11:23:14
23.56288398,120.47855301,-53.14,3.0,8.432073499999998,30.51,72.70348837209303,30.195147928994086,2021-4-21 11:23:14
23.562877980000007,120.47855601,-53.14,3.0,8.439123499999999,39.415813953488374,76.0,30.2325,2021-4-21 11:23:14
23.56287198,120.47855901,-53.14,3.0,8.446173499999999,40.38383720930233,46.761627906976734,30.220290697674418,2021-4-21 11:23:14
23.56286598,120.47856201,-53.14,3.0,8.4532235,30.51,40.36627906976744,30.17,2021-4-21 11:23:15
23.56285998,120.47856501,-53.14,3.0,8.460273499999998,30.51,51.63372093023256,30.194127906976743,2021-4-21 11:23:15
23.56285398,120.47856801,-53.14,3.0,8.4673235,30.89720930232558,51.0,30.258662790697677,2021-4-21 11:23:15
23.56286697,120.47857101,-53.14,3.0,8.505707000000001,45.41755813953488,48.901162790697676,30.17145348837209,2021-4-21 11:23:16
23.56285797,120.47857401,-53.14,3.0,8.507807000000001,34.382093023255806,32.331395348837205,30.092819767441856,2021-4-21 11:23:16
23.56284897,120.47857701,-53.14,3.0,8.509907,30.51,32.0,30.145100864553317,2021-4-21 11:23:16
23.562809984999998,120.47858000999997,-53.14,3.0,8.5090085,30.51,28.409883720930235,30.2293023255814,2021-4-21 11:23:17
23.562805485,120.47858301,-53.14,3.0,8.511558499999998,30.51,43.12876712328767,30.226284153005466,2021-4-21 11:23:17
23.562800984999996,120.47858601,-53.14,3.0,8.5141085,30.51,56.0,30.17,2021-4-21 11:23:17
23.562796484999996,120.47858901,-53.14,3.0,8.5166585,31.47802325581396,48.89534883720929,30.17,2021-4-21 11:23:17
23.562791984999997,120.47859201000003,-53.14,3.0,8.519208499999998,45.99837209302324,34.06976744186047,30.17203488372093,2021-4-21 11:23:18
23.562787484999998,120.47859501,-53.14,3.0,8.5217585,33.801279069767446,57.965116279069775,30.259244186046516,2021-4-21 11:23:18
23.562782985,120.47859801,-53.14,3.0,8.5243085,30.51,56.220930232558146,30.19354651162791,2021-4-21 11:23:18
23.562825960000005,120.47860101000002,-53.14,3.0,8.525908999999999,30.51,49.906976744186046,30.233662790697675,2021-4-21 11:23:19
23.562813960000007,120.47860401000003,-53.14,3.0,8.528608999999998,30.51,65.74418604651163,30.21912790697674,2021-4-21 11:23:19
23.562801960000005,120.47860701,-53.14,3.0,8.531308999999998,30.51,65.88372093023256,30.17,2021-4-21 11:23:19
23.562739984999997,120.47861000999997,-53.14,3.0,8.535008499999998,31.229534883720927,57.13372093023256,30.17,2021-4-21 11:23:20
23.562735484999997,120.47861301,-53.14,3.0,8.537558499999998,34.77536443148688,55.99125364431487,30.18260997067449,2021-4-21 11:23:20
23.562730984999998,120.47861601,-53.14,3.0,8.540108499999999,30.909475218658894,50.25,30.27,2021-4-21 11:23:20
23.562726484999995,120.47861901,-53.14,3.0,8.542658499999998,30.51,72.92441860465117,30.27,2021-4-21 11:23:20
23.562721984999996,120.47862201,-53.14,3.0,8.545208499999998,30.51,60.14899713467049,30.27,2021-4-21 11:23:21
23.562717484999997,120.47862500999997,-53.14,3.0,8.547758499999999,30.51,58.0,30.324314868804667,2021-4-21 11:23:21
23.562712984999997,120.47862801,-53.14,3.0,8.5503085,30.51,40.549418604651166,30.36,2021-4-21 11:23:21
23.56273697,120.47863101,-53.14,3.0,8.599384,34.817703488372096,29.0,30.32860465116279,2021-4-21 11:23:22
23.56272797,120.47863401,-53.14,3.0,8.594584000000001,44.9819476744186,29.0,30.27,2021-4-21 11:23:22
23.56271897,120.47863701000003,-53.14,3.0,8.589784000000002,30.51,26.819767441860463,30.27837209302325,2021-4-21 11:23:22
23.562679984999995,120.47866,-53.14,3.0,8.583984500000001,30.51,19.0,30.35686046511628,2021-4-21 11:23:23
23.562675485000003,120.47866,-53.14,3.0,8.579334500000002,42.94909883720929,19.0,30.36,2021-4-21 11:23:23
23.562670985000004,120.47866,-53.14,3.0,8.574684500000002,36.850552325581404,27.343023255813954,30.296162790697675,2021-4-21 11:23:23
23.562666484999998,120.47866,-53.14,3.0,8.570034500000002,30.51,29.0,30.27,2021-4-21 11:23:23
23.562661985,120.47866,-53.14,3.0,8.5653845,30.51,27.843023255813954,30.310461095100862,2021-4-21 11:23:24
23.562657484999995,120.47866,-53.14,3.0,8.5607345,30.51,42.245901639344254,30.36,2021-4-21 11:23:24
23.562652985000003,120.47866,-53.14,3.0,8.5560845,30.51,61.71014492753624,30.371773255813952,2021-4-21 11:23:24
23.562695959999992,120.47862202,-53.14,3.0,8.510606,30.51,56.720930232558146,30.45,2021-4-21 11:23:25
23.56268396,120.47862802,-53.14,3.0,8.512406,30.51,48.0,30.45,2021-4-21 11:23:25
23.562671959999992,120.47863402,-53.14,3.0,8.514205999999998,30.51,68.93023255813954,30.45,2021-4-21 11:23:25
23.562589995000003,120.47868999500001,-53.14,3.0,8.686920500000001,30.51,72.0,30.45,2021-4-21 11:23:26
23.562588495000004,120.47868849500001,-53.14,3.0,8.663070500000002,37.18936046511628,44.26744186046511,30.45,2021-4-21 11:23:26
23.562586995000004,120.47868699500002,-53.14,3.0,8.6392205,42.61029069767442,38.72093023255814,30.45,2021-4-21 11:23:26
23.562585495000004,120.47868549500001,-53.14,3.0,8.615370500000001,30.51,58.56976744186047,30.428808139534887,2021-4-21 11:23:26
23.562583995000004,120.47868399500001,-53.14,3.0,8.591520500000001,30.51,68.74418604651163,30.36968023255814,2021-4-21 11:23:27
23.562582495000004,120.47868249500002,-53.14,3.0,8.5676705,30.51,58.0,30.448168604651162,2021-4-21 11:23:27
23.562580995000005,120.47868099500002,-53.14,3.0,8.5438205,30.51,58.0,30.45,2021-4-21 11:23:27
23.562626970000007,120.47863201999998,-53.14,3.0,8.374696999999998,30.51,33.31195335276968,30.521757925072045,2021-4-21 11:23:28
23.562617970000005,120.47863801999998,-53.14,3.0,8.373796999999998,30.51,29.0,30.55,2021-4-21 11:23:28
23.56260897,120.47864402,-53.14,3.0,8.372897,30.51,29.0,30.55,2021-4-21 11:23:28
23.562569984999996,120.47868000499999,-53.14,3.0,8.363001499999998,30.51,42.696793002915456,30.515306122448973,2021-4-21 11:23:29
23.562565484999997,120.47868150499998,-53.14,3.0,8.3634515,32.74294460641399,58.0,30.45,2021-4-21 11:23:29
23.562560984999998,120.478683005,-53.14,3.0,8.3639015,47.014373177842565,51.57434402332362,30.441341107871718,2021-4-21 11:23:29
23.562556484999998,120.47868450499999,-53.14,3.0,8.364351499999998,32.45169096209913,29.0,30.362623906705544,2021-4-21 11:23:29
23.562551984999995,120.47868600499999,-53.14,3.0,8.3648015,30.51,29.0,30.36,2021-4-21 11:23:30
23.562547484999996,120.47868750499998,-53.14,3.0,8.365251499999998,41.04367346938776,29.0,30.36,2021-4-21 11:23:30
23.562542984999997,120.47868900499999,-53.14,3.0,8.3657015,38.762608695652176,46.95058139534883,30.36,2021-4-21 11:23:30
23.56256697,120.47868101,-53.14,3.0,8.412676999999999,30.51,51.04941860465117,30.31813953488372,2021-4-21 11:23:31
23.56255797,120.47868401,-53.14,3.0,8.405776999999999,34.6240988372093,61.01744186046511,30.300348837209306,2021-4-21 11:23:31
23.56254897,120.47868701,-53.14,3.0,8.398877,45.27422651933701,69.31686046511628,30.36,2021-4-21 11:23:31
23.562509985,120.47869001,-53.14,3.0,8.3410025,31.47588397790056,58.0,30.36,2021-4-21 11:23:32
23.562505484999996,120.47869301,-53.14,3.0,8.3417525,30.51,56.604651162790695,30.36,2021-4-21 11:23:32
23.562500985000003,120.47869601,-53.14,3.0,8.3425025,42.223081395348835,30.44186046511628,30.431424418604646,2021-4-21 11:23:32
23.562496484999997,120.47869901,-53.14,3.0,8.3432525,37.54862973760933,43.067055393585996,30.38991253644315,2021-4-21 11:23:32
23.562491984999998,120.47870201,-53.14,3.0,8.3440025,30.51,66.36151603498543,30.36,2021-4-21 11:23:33
23.562487485,120.47870501,-53.14,3.0,8.3447525,35.94673469387755,76.0,30.36,2021-4-21 11:23:33
23.562482984999995,120.47870801,-53.14,3.0,8.3455025,43.810583090379005,56.462209302325576,30.334023323615163,2021-4-21 11:23:33
23.56250697,120.47871101,-53.14,3.0,8.351,30.51,37.37026239067056,30.27,2021-4-21 11:23:34
23.562497969999992,120.47871401,-53.14,3.0,8.351,30.51,56.20408163265306,30.273411078717196,2021-4-21 11:23:34
23.56248897,120.47871701,-53.14,3.0,8.351,44.2474635568513,47.34110787172012,30.35212827988338,2021-4-21 11:23:34
23.562449984999997,120.47873000499999,-53.14,3.0,8.354998000000002,35.50985422740525,55.21282798833819,30.36,2021-4-21 11:23:35
23.562445484999998,120.47873150499998,-53.14,3.0,8.354398000000002,30.51,74.10495626822157,30.390492537313435,2021-4-21 11:23:35
23.562440985,120.47873300499998,-53.14,3.0,8.353798000000001,30.51,71.85307346326836,30.43079104477612,2021-4-21 11:23:35
23.562436484999996,120.47873450499999,-53.14,3.0,8.353198,30.51,62.40779610194903,30.408441176470586,2021-4-21 11:23:35
23.562431984999996,120.47873600499999,-53.14,3.0,8.352598000000002,30.51,55.209302325581405,30.36,2021-4-21 11:23:36
23.562427484999997,120.47873750499998,-53.14,3.0,8.351998000000002,30.51,56.734693877551024,30.340845481049563,2021-4-21 11:23:36
23.562422984999998,120.478739005,-53.14,3.0,8.351398000000001,30.51,61.95626822157435,30.28574344023324,2021-4-21 11:23:36
23.56244697,120.47873101000003,-53.14,3.0,8.396373999999998,30.51,49.529069767441854,30.4431778425656,2021-4-21 11:23:37
23.56243797,120.47873401000003,-53.14,3.0,8.388573999999998,30.51,74.81976744186046,30.299825581395346,2021-4-21 11:23:37
23.56242897,120.47873701,-53.14,3.0,8.380774,30.51,51.81924198250729,30.333760932944607,2021-4-21 11:23:37
23.562389984999996,120.47875000499998,-53.14,3.0,8.328995999999998,30.51,57.59230769230768,30.36,2021-4-21 11:23:38
23.562322484999996,120.47877250499998,-53.14,3.0,8.310996000000001,30.51,67.59900785448532,30.36,2021-4-21 11:23:42
23.562302984999995,120.47877900499999,-53.14,3.0,8.304398,30.51,67.8470442331542,30.36,2021-4-21 11:23:42
23.562307980000007,120.47877101,-53.14,3.0,8.305697,30.51,68.09508061182305,30.36,2021-4-21 11:23:43
23.562301980000008,120.47877401,-53.14,3.0,8.304797,30.51,68.34311699049194,30.36,2021-4-21 11:23:43
23.562295980000005,120.47877701,-53.14,3.0,8.303897000000001,30.51,68.5911533691608,30.36,2021-4-21 11:23:43
23.562289979999992,120.4788,-53.14,3.0,8.319988500000001,30.51,68.83918974782968,30.36,2021-4-21 11:23:44
23.56228398,120.4788,-53.14,3.0,8.316538500000002,30.51,69.08722612649855,30.36,2021-4-21 11:23:44
23.56227798,120.4788,-53.14,3.0,8.313088500000001,30.51,69.33526250516742,30.36,2021-4-21 11:23:44
23.56227198,120.4788,-53.14,3.0,8.309638500000002,30.51,69.58329888383629,30.36,2021-4-21 11:23:44
23.56226598,120.4788,-53.14,3.0,8.306188500000001,33.74347826086956,69.83133526250516,30.36,2021-4-21 11:23:45
23.56225998,120.4788,-53.14,3.0,8.3027385,46.09517441860465,70.0,30.346133720930233,2021-4-21 11:23:45
23.56225398,120.4788,-53.14,3.0,8.299288500000001,31.574825581395352,61.38372093023256,30.27235465116279,2021-4-21 11:23:45
23.56224798,120.47876202000002,-53.14,3.0,8.279696999999995,30.51,14.209302325581394,30.35084302325581,2021-4-21 11:23:46
23.56224198,120.47876802,-53.14,3.0,8.278796999999999,41.835872093023255,59.55813953488372,30.290668604651163,2021-4-21 11:23:46
23.56223598,120.47877402,-53.14,3.0,8.277896999999998,37.96377906976743,53.48837209302325,30.27,2021-4-21 11:23:46
23.56222998,120.47882,-53.14,3.0,8.268001500000002,30.380821557798516,61.51162790697674,30.274308243181473,2021-4-21 11:23:47
23.561755979999976,120.47882,-53.14,3.0,8.303551499999982,9.411444296324513,26.703172004112556,30.861120676519885,2021-4-21 11:24:10
23.561379985,120.47754999,-53.14,3.0,10.625002,9.146009141115977,26.17767792544077,30.868548682005184,2021-4-21 11:24:11
23.561375484999996,120.47754699,-53.14,3.0,10.625602,8.880573985907446,25.652183846768967,30.875976687490482,2021-4-21 11:24:11
23.561370985000003,120.47754399,-53.14,3.0,10.626202,8.615138830698914,25.126689768097176,30.88340469297577,2021-4-21 11:24:11
23.561366484999997,120.47754099,-53.14,3.0,10.626802,8.349703675490385,24.60119568942539,30.890832698461068,2021-4-21 11:24:11
23.561361984999998,120.47753799,-53.14,3.0,10.627402,8.084268520281855,24.075701610753594,30.898260703946367,2021-4-21 11:24:12
23.561357485,120.47753499000002,-53.14,3.0,10.628002,7.81883336507332,23.550207532081792,30.90568870943167,2021-4-21 11:24:12
23.561352984999996,120.47753199,-53.14,3.0,10.628602,7.553398209864787,23.02471345341,30.91311671491696,2021-4-21 11:24:12
23.561395959999995,120.47758596000003,-53.14,3.0,10.395625,7.287963054656258,22.499219374738203,30.92,2021-4-21 11:24:13
23.56138396,120.47757395999997,-53.14,3.0,10.433124999999999,7.182415143603134,22.113876001687053,30.92,2021-4-21 11:24:13
23.56131196,120.47750196,-53.14,3.0,10.658124999999998,5.909569190600521,35.77899620413328,30.92,2021-4-21 11:24:15
23.56128998,120.47747748499998,-53.14,3.0,10.717581,5.697428198433421,38.05651623787432,30.92,2021-4-21 11:24:15
23.56128398,120.47747298499999,-53.14,3.0,10.741881,5.485287206266319,40.33403627161535,30.92,2021-4-21 11:24:15
23.561296970000008,120.47749697,-53.14,3.0,10.826949,5.273146214099216,42.61155630535639,30.92,2021-4-21 11:24:16
23.561287970000006,120.47748797,-53.14,3.0,10.841649,5.061005221932115,44.889076339097436,30.92,2021-4-21 11:24:16
23.561278970000007,120.47747897,-53.14,3.0,10.856349,4.848864229765013,47.16659637283846,30.92,2021-4-21 11:24:16
23.561249979999992,120.47743998499999,-53.14,3.0,10.936016499999997,4.636723237597911,49.44411640657951,30.92,2021-4-21 11:24:17
23.56124398,120.47743548499999,-53.14,3.0,10.940966499999998,4.424582245430809,51.72163644032053,30.92,2021-4-21 11:24:17
23.56123798,120.47743098499998,-53.14,3.0,10.9459165,4.212441253263708,53.99915647406158,30.92,2021-4-21 11:24:17
23.56123198,120.47742648500001,-53.14,3.0,10.950866499999998,4.000300261096606,56.27667650780261,30.90105263157895,2021-4-21 11:24:17
23.56122598,120.47742198499999,-53.14,3.0,10.9558165,6.33,56.93586005830904,30.82125364431487,2021-4-21 11:24:18
23.56121998,120.47741748499999,-53.14,3.0,10.960766499999998,7.515306122448979,53.87463556851311,30.733790087463557,2021-4-21 11:24:18
23.56121398,120.47741298499999,-53.14,3.0,10.9657165,8.225382215288612,62.62099125364431,30.62827848101266,2021-4-21 11:24:18
23.561245960000008,120.47743696999997,-53.14,3.0,10.867171,6.212901716068644,64.09541984732824,30.521949367088602,2021-4-21 11:24:19
23.56123396,120.47742797,-53.14,3.0,10.888471000000001,5.241428571428571,65.24045801526718,30.45,2021-4-21 11:24:19
23.561221960000008,120.47741897,-53.14,3.0,10.909771,8.189008746355682,60.11078717201166,30.434781341107872,2021-4-21 11:24:19
23.561159984999996,120.47737998499998,-53.14,3.0,10.891091,6.361020408163266,51.580174927113696,30.35606413994169,2021-4-21 11:24:20
23.561155484999997,120.47737548499998,-53.14,3.0,10.918391,7.259533527696793,79.0,30.27734693877551,2021-4-21 11:24:20
23.561150984999998,120.477370985,-53.14,3.0,10.945691,7.41,79.0,30.190699708454808,2021-4-21 11:24:20
23.561146485,120.47736648499999,-53.14,3.0,10.972991,5.647026239067055,39.349854227405245,30.17,2021-4-21 11:24:20
23.561141984999995,120.47736198499999,-53.14,3.0,11.000291,4.888654970760234,40.38304093567251,30.12105263157895,2021-4-21 11:24:21
23.561137484999996,120.47735748499998,-53.14,3.0,11.027591,7.222456140350879,64.04385964912281,30.08,2021-4-21 11:24:21
23.561132984999997,120.47735298499998,-53.14,3.0,11.054891,6.686391194514616,70.09649122807016,30.065595419847327,2021-4-21 11:24:21
23.56117596,120.47737697000002,-53.14,2.0,11.264495000000002,6.7979032840129925,57.68657284138456,30.02322900763359,2021-4-21 11:24:22
23.56116396,120.47736797,-53.14,2.0,11.262995,6.909415373511368,56.773678204640554,29.980862595419847,2021-4-21 11:24:22
23.56115196,120.47735897,-53.14,2.0,11.261495,7.020927463009743,55.86078356789655,29.938496183206105,2021-4-21 11:24:22
23.561089984999995,120.477319985,-53.14,2.0,11.2450025,7.13243955250812,54.94788893115253,29.89612977099237,2021-4-21 11:24:23
23.561085485000003,120.47731548499999,-53.14,2.0,11.2457525,7.243951642006496,54.03499429440852,29.853763358778625,2021-4-21 11:24:23
23.561080985000004,120.47731098499999,-53.14,2.0,11.2465025,7.355463731504872,53.12209965766451,29.81139694656489,2021-4-21 11:24:23
23.561076484999997,120.47730648500001,-53.14,2.0,11.2472525,7.466975821003248,52.20920502092051,29.769030534351142,2021-4-21 11:24:23
23.561071984999998,120.47730198499998,-53.14,2.0,11.2480025,7.578487910501624,51.296310384176486,29.7266641221374,2021-4-21 11:24:24
23.561067484999995,120.477297485,-53.14,2.0,11.2487525,6.356107954545455,50.38341574743249,29.663465909090906,2021-4-21 11:24:24
23.561062985000003,120.47729298499999,-53.14,2.0,11.2495025,3.5180397727272728,56.979942693409726,29.62,2021-4-21 11:24:24
23.561105959999992,120.47731697,-53.14,2.0,11.325263000000003,10.116752873563218,60.776504297994265,29.641146131805158,2021-4-21 11:24:25
23.56109396,120.47730797,-53.14,2.0,11.314163000000002,7.753782234957021,55.0,29.7014899713467,2021-4-21 11:24:25
23.561081959999992,120.47729897,-53.14,2.0,11.303063,4.522378223495702,52.75644699140401,29.624126074498566,2021-4-21 11:24:25
23.561019984999998,120.47725998499999,-53.14,2.0,11.1930125,5.164154727793696,27.828080229226362,29.69323782234957,2021-4-21 11:24:26
23.561015484999995,120.47725548499999,-53.14,2.0,11.1967625,5.155977011494253,61.94827586206897,29.71,2021-4-21 11:24:26
23.561010984999996,120.47725098499998,-53.14,2.0,11.2005125,5.705845272206304,71.0,29.71,2021-4-21 11:24:26
23.561006484999997,120.47724648500001,-53.14,2.0,11.2042625,10.854842406876791,48.63505747126437,29.71,2021-4-21 11:24:26
23.561001984999997,120.47724198499999,-53.14,2.0,11.2080125,4.318764367816092,28.0,29.733209169054444,2021-4-21 11:24:27
23.560997484999998,120.47723748499999,-53.14,2.0,11.2117625,7.24,27.767955801104968,29.811325966850827,2021-4-21 11:24:27
23.560992984999995,120.47723298499999,-53.14,2.0,11.2155125,6.9511357340720235,29.08620689655172,29.89419889502762,2021-4-21 11:24:27
23.561035960000005,120.47725696999997,-53.14,2.0,11.108171,6.641551724137931,57.53448275862068,29.819827586206898,2021-4-21 11:24:28
23.561023960000007,120.47724797,-53.14,2.0,11.129471,6.7694,57.64469914040114,29.865625,2021-4-21 11:24:28
23.561011960000005,120.47723896999997,-53.14,2.0,11.150771,7.377971428571427,57.0,29.848265895953755,2021-4-21 11:24:28
23.56097997,120.47719998499998,-53.14,2.0,11.0311415,4.706120689655172,51.43714285714285,29.73140401146132,2021-4-21 11:24:29
23.56097097,120.47719548499998,-53.14,2.0,11.073591500000001,6.435100286532951,56.218390804597696,29.62,2021-4-21 11:24:29
23.56096197,120.477190985,-53.14,2.0,11.1160415,3.4402873563218392,74.0,29.62,2021-4-21 11:24:29
23.56095297,120.47718648499999,-53.14,2.0,11.1584915,5.94272206303725,70.03448275862068,29.62,2021-4-21 11:24:29
23.56094397,120.47718198499999,-53.14,2.0,11.2009415,5.778194842406876,30.37931034482759,29.545988538681954,2021-4-21 11:24:30
23.56093497,120.47717748499998,-53.14,2.0,11.2433915,5.461690544412607,28.0,29.591551724137926,2021-4-21 11:24:30
23.56092597,120.47717298499998,-53.14,2.0,11.2858415,6.320343839541546,28.0,29.668033707865163,2021-4-21 11:24:30
23.560935960000005,120.47721596000002,-53.14,2.0,11.215300999999998,5.477936962750716,28.0,29.67473684210527,2021-4-21 11:24:31
23.560923960000007,120.47720396000003,-53.14,2.0,11.275600999999998,6.2525619834710735,28.0,29.64372492836676,2021-4-21 11:24:31
23.560911960000006,120.47719196000003,-53.14,2.0,11.335900999999998,6.067707736389684,28.0,29.698879310344825,2021-4-21 11:24:31
23.56085998,120.47712998499999,-53.14,2.0,11.675061500000004,7.345114942528736,28.0,29.62129310344828,2021-4-21 11:24:32
23.56085398,120.47712548499999,-53.14,2.0,11.6935115,7.090229226361032,28.0,29.62,2021-4-21 11:24:32
23.56084798,120.47712098499998,-53.14,2.0,11.7119615,24.456293103448274,20.52586206896552,29.683438395415475,2021-4-21 11:24:32
23.56084198,120.47711648499998,-53.14,2.0,11.7304115,36.370947955390335,38.28,29.71,2021-4-21 11:24:32
23.56083598,120.477111985,-53.14,2.0,11.7488615,18.989907063197023,56.29646017699114,29.71,2021-4-21 11:24:33
23.56082998,120.47710748499999,-53.14,2.0,11.767311500000003,5.910689655172414,70.8982300884956,29.77424068767908,2021-4-21 11:24:33
23.56082398,120.47710298499999,-53.14,2.0,11.7857615,5.333428571428571,62.88857142857142,29.9,2021-4-21 11:24:33
23.560874950000006,120.47714596,-53.14,2.0,11.679826999999996,5.162,31.16379310344828,29.905187319884725,2021-4-21 11:24:34
23.560859950000005,120.47713396,-53.14,2.0,11.717926999999996,4.974126074498567,51.03151862464183,29.982997118155616,2021-4-21 11:24:34
23.560844950000007,120.47712196,-53.14,2.0,11.756026999999996,4.8969540229885045,71.66189111747852,30.1304,2021-4-21 11:24:34
23.56076998,120.47706998,-53.14,2.0,11.958045,15.24159090909091,61.0429799426934,30.11425,2021-4-21 11:24:35
23.56076398,120.47706398,-53.14,2.0,11.971545,25.3410888252149,57.0,30.123402366863903,2021-4-21 11:24:35
23.56075798,120.47705798,-53.14,2.0,11.985045,6.7410888252148995,57.0,30.205816618911175,2021-4-21 11:24:35
23.56075198,120.47705198,-53.14,2.0,11.998545,1.291862464183381,47.083333333333336,30.27,2021-4-21 11:24:35
23.56074598,120.47704598000003,-53.14,2.0,12.012045,12.862063037249284,28.0,30.276962750716326,2021-4-21 11:24:36
23.56073998,120.47703998,-53.14,2.0,12.025545,42.0624,28.0,30.354326647564466,2021-4-21 11:24:36
23.56073398,120.47703398,-53.14,2.0,12.039045,42.58005730659026,28.0,30.36,2021-4-21 11:24:36
23.560746970000007,120.47704697,-53.14,2.0,12.079130999999997,30.51,20.98,30.36,2021-4-21 11:24:37
23.560737970000005,120.47703797,-53.14,2.0,12.088430999999996,30.51,43.21142857142857,30.36,2021-4-21 11:24:37
23.560728970000007,120.47702897,-53.14,2.0,12.097731,28.838810408921933,57.0,30.36,2021-4-21 11:24:37
23.560699979999992,120.47698998499999,-53.14,2.0,12.2219735,38.123197026022304,51.94273127753304,30.36,2021-4-21 11:24:38
23.56069398,120.47698548499999,-53.14,2.0,12.2140235,47.40758364312268,39.6079295154185,30.372820512820518,2021-4-21 11:24:38
23.56068798,120.47698098499998,-53.14,2.0,12.2060735,39.263142857142846,28.435483870967747,30.44974358974359,2021-4-21 11:24:38
23.56068198,120.47697648499998,-53.14,2.0,12.1981235,30.51,24.40322580645161,30.37766129032258,2021-4-21 11:24:38
23.56067598,120.47697198499999,-53.14,2.0,12.1901735,32.555571428571426,47.84615384615385,30.36,2021-4-21 11:24:39
23.56066998,120.47696748499999,-53.14,2.0,12.182223500000003,46.827,55.0,30.383328424153166,2021-4-21 11:24:39
23.56066398,120.47696298499999,-53.14,2.0,12.174273500000004,47.16,52.7533039647577,30.423092783505158,2021-4-21 11:24:39
23.56069596,120.47698696999997,-53.14,2.0,12.136888999999996,51.298714285714276,48.78854625550662,30.4774011299435,2021-4-21 11:24:40
23.56068396,120.47697797,-53.14,2.0,12.133589,30.51,53.1404011461318,30.55,2021-4-21 11:24:40
23.56067196,120.47696896999997,-53.14,2.0,12.130289,30.51,74.0,30.55,2021-4-21 11:24:40
23.560609984999996,120.47692998499998,-53.14,2.0,12.069018,42.67547277936963,74.0,30.626332378223495,2021-4-21 11:24:41
23.560605485000004,120.47692548499998,-53.14,2.0,12.074418,37.36028571428572,35.88571428571429,30.64,2021-4-21 11:24:41
23.560600985000004,120.47692098499999,-53.14,2.0,12.079818,37.95240687679083,46.56733524355299,30.64,2021-4-21 11:24:41
0.0,0.0,0.0,0.0,0.0,0.0,0.0,0.0,2021-4-21 0:0:0
0.0,0.0,0.0,0.0,0.0,0.0,0.0,0.0,2021-4-21 0:0:0
0.0,0.0,0.0,0.0,0.0,0.0,0.0,0.0,2021-4-21 0:0:0
0.0,0.0,0.0,0.0,0.0,0.0,0.0,0.0,2021-4-21 0:0:0
0.0,0.0,0.0,0.0,0.0,0.0,0.0,0.0,2021-4-21 0:0:0
0.0,0.0,0.0,0.0,0.0,0.0,0.0,0.0,2021-4-21 0:0:0
0.0,0.0,0.0,0.0,0.0,0.0,0.0,0.0,2021-4-21 0:0:0
0.0,0.0,0.0,0.0,0.0,0.0,0.0,0.0,2021-4-21 0:0:0
0.0,0.0,0.0,0.0,0.0,0.0,0.0,0.0,2021-4-21 0:0:0
0.0,0.0,0.0,0.0,0.0,0.0,0.0,0.0,2021-4-21 0:0:0
0.0,0.0,0.0,0.0,0.0,0.0,0.0,0.0,2021-4-21 0:0:0
0.0,0.0,0.0,0.0,0.0,0.0,0.0,0.0,2021-4-21 0:0:0
0.0,0.0,0.0,0.0,0.0,0.0,0.0,0.0,2021-4-21 0:0:0
0.0,0.0,0.0,0.0,0.0,0.0,0.0,0.0,2021-4-21 0:0:0
0.0,0.0,0.0,0.0,0.0,0.0,0.0,0.0,2021-4-21 0:0:0
0.0,0.0,0.0,0.0,0.0,0.0,0.0,0.0,2021-4-21 0:0:0
0.0,0.0,0.0,0.0,0.0,0.0,0.0,0.0,2021-4-21 0:0:0
0.0,0.0,0.0,0.0,0.0,0.0,0.0,0.0,2021-4-21 0:0:0
0.0,0.0,0.0,0.0,0.0,0.0,0.0,0.0,2021-4-21 0:0:0
0.0,0.0,0.0,0.0,0.0,0.0,0.0,0.0,2021-4-21 0:0:0
0.0,0.0,0.0,0.0,0.0,0.0,0.0,0.0,2021-4-21 0:0:0
0.0,0.0,0.0,0.0,0.0,0.0,0.0,0.0,2021-4-21 0:0:0
0.0,0.0,0.0,0.0,0.0,0.0,0.0,0.0,2021-4-21 0:0:0
0.0,0.0,0.0,0.0,0.0,0.0,0.0,0.0,2021-4-21 0:0:0
0.0,0.0,0.0,0.0,0.0,0.0,0.0,0.0,2021-4-21 0:0:0
0.0,0.0,0.0,0.0,0.0,0.0,0.0,0.0,2021-4-21 0:0:0
0.0,0.0,0.0,0.0,0.0,0.0,0.0,0.0,2021-4-21 0:0:0
0.0,0.0,0.0,0.0,0.0,0.0,0.0,0.0,2021-4-21 0:0:0
0.0,0.0,0.0,0.0,0.0,0.0,0.0,0.0,2021-4-21 0:0:0
0.0,0.0,0.0,0.0,0.0,0.0,0.0,0.0,2021-4-21 0:0:0
0.0,0.0,0.0,0.0,0.0,0.0,0.0,0.0,2021-4-21 0:0:0
0.0,0.0,0.0,0.0,0.0,0.0,0.0,0.0,2021-4-21 0:0:0
0.0,0.0,0.0,0.0,0.0,0.0,0.0,0.0,2021-4-21 0:0:0
0.0,0.0,0.0,0.0,0.0,0.0,0.0,0.0,2021-4-21 0:0:0
0.0,0.0,0.0,0.0,0.0,0.0,0.0,0.0,2021-4-21 0:0:0
0.0,0.0,0.0,0.0,0.0,0.0,0.0,0.0,2021-4-21 0:0:0
0.0,0.0,0.0,0.0,0.0,0.0,0.0,0.0,2021-4-21 0:0:0
0.0,0.0,0.0,0.0,0.0,0.0,0.0,0.0,2021-4-21 0:0:0
0.0,0.0,0.0,0.0,0.0,0.0,0.0,0.0,2021-4-21 0:0:0
0.0,0.0,0.0,0.0,0.0,0.0,0.0,0.0,2021-4-21 0:0:0
0.0,0.0,0.0,0.0,0.0,0.0,0.0,0.0,2021-4-21 0:0:0
0.0,0.0,0.0,0.0,0.0,0.0,0.0,0.0,2021-4-21 0:0:0
0.0,0.0,0.0,0.0,0.0,0.0,0.0,0.0,2021-4-21 0:0:0
0.0,0.0,0.0,0.0,0.0,0.0,0.0,0.0,2021-4-21 0:0:0
0.0,0.0,0.0,0.0,0.0,0.0,0.0,0.0,2021-4-21 0:0:0
0.0,0.0,0.0,0.0,0.0,0.0,0.0,0.0,2021-4-21 0:0:0
0.0,0.0,0.0,0.0,0.0,0.0,0.0,0.0,2021-4-21 0:0:0
0.0,0.0,0.0,0.0,0.0,0.0,0.0,0.0,2021-4-21 0:0:0
0.0,0.0,0.0,0.0,0.0,0.0,0.0,0.0,2021-4-21 0:0:0
0.0,0.0,0.0,0.0,0.0,0.0,0.0,0.0,2021-4-21 0:0:0
0.0,0.0,0.0,0.0,0.0,0.0,0.0,0.0,2021-4-21 0:0:0
0.0,0.0,0.0,0.0,0.0,0.0,0.0,0.0,2021-4-21 0:0:0
0.0,0.0,0.0,0.0,0.0,0.0,0.0,0.0,2021-4-21 0:0:0
0.0,0.0,0.0,0.0,0.0,0.0,0.0,0.0,2021-4-21 0:0:0
0.0,0.0,0.0,0.0,0.0,0.0,0.0,0.0,2021-4-21 0:0:0
0.0,0.0,0.0,0.0,0.0,0.0,0.0,0.0,2021-4-21 0:0:0
0.0,0.0,0.0,0.0,0.0,0.0,0.0,0.0,2021-4-21 0:0:0
0.0,0.0,0.0,0.0,0.0,0.0,0.0,0.0,2021-4-21 0:0:0
0.0,0.0,0.0,0.0,0.0,0.0,0.0,0.0,2021-4-21 0:0:0
0.0,0.0,0.0,0.0,0.0,0.0,0.0,0.0,2021-4-21 0:0:0
0.0,0.0,0.0,0.0,0.0,0.0,0.0,0.0,2021-4-21 0:0:0
0.0,0.0,0.0,0.0,0.0,0.0,0.0,0.0,2021-4-21 0:0:0
0.0,0.0,0.0,0.0,0.0,0.0,0.0,0.0,2021-4-21 0:0:0
0.0,0.0,0.0,0.0,0.0,0.0,0.0,0.0,2021-4-21 0:0:0
0.0,0.0,0.0,0.0,0.0,0.0,0.0,0.0,2021-4-21 0:0:0
0.0,0.0,0.0,0.0,0.0,0.0,0.0,0.0,2021-4-21 0:0:0
0.0,0.0,0.0,0.0,0.0,0.0,0.0,0.0,2021-4-21 0:0:0
0.0,0.0,0.0,0.0,0.0,0.0,0.0,0.0,2021-4-21 0:0:0
0.0,0.0,0.0,0.0,0.0,0.0,0.0,0.0,2021-4-21 0:0:0
0.0,0.0,0.0,0.0,0.0,0.0,0.0,0.0,2021-4-21 0:0:0
0.0,0.0,0.0,0.0,0.0,0.0,0.0,0.0,2021-4-21 0:0:0
0.0,0.0,0.0,0.0,0.0,0.0,0.0,0.0,2021-4-21 0:0:0
0.0,0.0,0.0,0.0,0.0,0.0,0.0,0.0,2021-4-21 0:0:0
0.0,0.0,0.0,0.0,0.0,0.0,0.0,0.0,2021-4-21 0:0:0
0.0,0.0,0.0,0.0,0.0,0.0,0.0,0.0,2021-4-21 0:0:0
0.0,0.0,0.0,0.0,0.0,0.0,0.0,0.0,2021-4-21 0:0:0
0.0,0.0,0.0,0.0,0.0,0.0,0.0,0.0,2021-4-21 0:0:0
0.0,0.0,0.0,0.0,0.0,0.0,0.0,0.0,2021-4-21 0:0:0
0.0,0.0,0.0,0.0,0.0,0.0,0.0,0.0,2021-4-21 0:0:0
0.0,0.0,0.0,0.0,0.0,0.0,0.0,0.0,2021-4-21 0:0:0
0.0,0.0,0.0,0.0,0.0,0.0,0.0,0.0,2021-4-21 0:0:0
0.0,0.0,0.0,0.0,0.0,0.0,0.0,0.0,2021-4-21 0:0:0
0.0,0.0,0.0,0.0,0.0,0.0,0.0,0.0,2021-4-21 0:0:0
0.0,0.0,0.0,0.0,0.0,0.0,0.0,0.0,2021-4-21 0:0:0
0.0,0.0,0.0,0.0,0.0,0.0,0.0,0.0,2021-4-21 0:0:0
0.0,0.0,0.0,0.0,0.0,0.0,0.0,0.0,2021-4-21 0:0:0
0.0,0.0,0.0,0.0,0.0,0.0,0.0,0.0,2021-4-21 0:0:0
0.0,0.0,0.0,0.0,0.0,0.0,0.0,0.0,2021-4-21 0:0:0
0.0,0.0,0.0,0.0,0.0,0.0,0.0,0.0,2021-4-21 0:0:0
0.0,0.0,0.0,0.0,0.0,0.0,0.0,0.0,2021-4-21 0:0:0
0.0,0.0,0.0,0.0,0.0,0.0,0.0,0.0,2021-4-21 0:0:0
0.0,0.0,0.0,0.0,0.0,0.0,0.0,0.0,2021-4-21 0:0:0
0.0,0.0,0.0,0.0,0.0,0.0,0.0,0.0,2021-4-21 0:0:0
0.0,0.0,0.0,0.0,0.0,0.0,0.0,0.0,2021-4-21 0:0:0
0.0,0.0,0.0,0.0,0.0,0.0,0.0,0.0,2021-4-21 0:0:0
0.0,0.0,0.0,0.0,0.0,0.0,0.0,0.0,2021-4-21 0:0:0
0.0,0.0,0.0,0.0,0.0,0.0,0.0,0.0,2021-4-21 0:0:0
0.0,0.0,0.0,0.0,0.0,0.0,0.0,0.0,2021-4-21 0:0:0
0.0,0.0,0.0,0.0,0.0,0.0,0.0,0.0,2021-4-21 0:0:0
0.0,0.0,0.0,0.0,0.0,0.0,0.0,0.0,2021-4-21 0:0:0
0.0,0.0,0.0,0.0,0.0,0.0,0.0,0.0,2021-4-21 0:0:0
0.0,0.0,0.0,0.0,0.0,0.0,0.0,0.0,2021-4-21 0:0:0
0.0,0.0,0.0,0.0,0.0,0.0,0.0,0.0,2021-4-21 0:0:0
0.0,0.0,0.0,0.0,0.0,0.0,0.0,0.0,2021-4-21 0:0:0
0.0,0.0,0.0,0.0,0.0,0.0,0.0,0.0,2021-4-21 0:0:0
0.0,0.0,0.0,0.0,0.0,0.0,0.0,0.0,2021-4-21 0:0:0
0.0,0.0,0.0,0.0,0.0,0.0,0.0,0.0,2021-4-21 0:0:0
0.0,0.0,0.0,0.0,0.0,0.0,0.0,0.0,2021-4-21 0:0:0
0.0,0.0,0.0,0.0,0.0,0.0,0.0,0.0,2021-4-21 0:0:0
0.0,0.0,0.0,0.0,0.0,0.0,0.0,0.0,2021-4-21 0:0:0
0.0,0.0,0.0,0.0,0.0,0.0,0.0,0.0,2021-4-21 0:0:0
0.0,0.0,0.0,0.0,0.0,0.0,0.0,0.0,2021-4-21 0:0:0
0.0,0.0,0.0,0.0,0.0,0.0,0.0,0.0,2021-4-21 0:0:0
0.0,0.0,0.0,0.0,0.0,0.0,0.0,0.0,2021-4-21 0:0:0
0.0,0.0,0.0,0.0,0.0,0.0,0.0,0.0,2021-4-21 0:0:0
0.0,0.0,0.0,0.0,0.0,0.0,0.0,0.0,2021-4-21 0:0:0
0.0,0.0,0.0,0.0,0.0,0.0,0.0,0.0,2021-4-21 0:0:0
0.0,0.0,0.0,0.0,0.0,0.0,0.0,0.0,2021-4-21 0:0:0
0.0,0.0,0.0,0.0,0.0,0.0,0.0,0.0,2021-4-21 0:0:0
0.0,0.0,0.0,0.0,0.0,0.0,0.0,0.0,2021-4-21 0:0:0
0.0,0.0,0.0,0.0,0.0,0.0,0.0,0.0,2021-4-21 0:0:0
0.0,0.0,0.0,0.0,0.0,0.0,0.0,0.0,2021-4-21 0:0:0
0.0,0.0,0.0,0.0,0.0,0.0,0.0,0.0,2021-4-21 0:0:0
0.0,0.0,0.0,0.0,0.0,0.0,0.0,0.0,2021-4-21 0:0:0
0.0,0.0,0.0,0.0,0.0,0.0,0.0,0.0,2021-4-21 0:0:0
0.0,0.0,0.0,0.0,0.0,0.0,0.0,0.0,2021-4-21 0:0:0
0.0,0.0,0.0,0.0,0.0,0.0,0.0,0.0,2021-4-21 0:0:0
0.0,0.0,0.0,0.0,0.0,0.0,0.0,0.0,2021-4-21 0:0:0
0.0,0.0,0.0,0.0,0.0,0.0,0.0,0.0,2021-4-21 0:0:0
0.0,0.0,0.0,0.0,0.0,0.0,0.0,0.0,2021-4-21 0:0:0
0.0,0.0,0.0,0.0,0.0,0.0,0.0,0.0,2021-4-21 0:0:0
0.0,0.0,0.0,0.0,0.0,0.0,0.0,0.0,2021-4-21 0:0:0
0.0,0.0,0.0,0.0,0.0,0.0,0.0,0.0,2021-4-21 0:0:0
0.0,0.0,0.0,0.0,0.0,0.0,0.0,0.0,2021-4-21 0:0:0
0.0,0.0,0.0,0.0,0.0,0.0,0.0,0.0,2021-4-21 0:0:0
0.0,0.0,0.0,0.0,0.0,0.0,0.0,0.0,2021-4-21 0:0:0
