23.56377,120.47787,-3.628571428571429,1.0,0.0422,0.2830357142857142,15.0,28.335625,2021-4-27 11:2:47
23.56377,120.47787,-3.644761904761905,1.0,0.0434,0.20985119047619047,15.0,28.25526785714285,2021-4-27 11:2:48
23.56377,120.47787,-4.00776119402985,1.0,0.0446,0.15256637168141599,15.0,28.305089285714285,2021-4-27 11:2:48
23.56377,120.47787,-4.478318584070797,1.0,0.0458,0.2763690476190476,11.312684365781712,28.384955752212388,2021-4-27 11:2:48
23.56377,120.47787,-4.5095223880597,1.0,0.037,0.43,40.862686567164175,28.42,2021-4-27 11:2:49
23.56377,120.47787,-4.018885630498533,1.0,0.0397,3.6183928571428567,58.483870967741936,28.45888888888889,2021-4-27 11:2:49
23.56377,120.47787,-3.39,1.0,0.0424,5.819464285714286,57.59821428571429,28.52,2021-4-27 11:2:49
23.56377,120.47787,-2.8452976190476194,1.0,0.0451,5.670298507462688,54.63582089552239,28.52,2021-4-27 11:2:49
23.56377,120.47787,-3.068511904761905,1.0,0.0613,5.079253731343284,54.523809523809526,28.51375,2021-4-27 11:2:50
23.56377,120.47787,-3.327202380952381,1.0,0.06175,4.268839285714286,76.3529411764706,28.424464285714286,2021-4-27 11:2:50
23.56377,120.47787,-3.0671764705882354,1.0,0.0622,4.226529411764705,58.705882352941174,28.42,2021-4-27 11:2:50
23.56377,120.47787,-2.742142857142857,1.0,0.06265,4.315535714285715,58.85714285714285,28.354375,2021-4-27 11:2:51
23.56377,120.47787,-2.5203571428571427,1.0,0.0631,4.393363095238096,50.0,28.385982142857145,2021-4-27 11:2:51
23.56377,120.47787,-2.511641791044776,1.0,0.06355,4.449641791044776,66.92857142857143,28.373660714285723,2021-4-27 11:2:51
23.56377,120.47787,-2.6549253731343283,1.0,0.04100000000000001,4.379253731343283,61.880597014925364,28.33,2021-4-27 11:2:52
23.56377,120.47787,-2.7623460410557183,1.0,0.04490000000000001,4.288064516129032,60.985074626865675,28.356920821114368,2021-4-27 11:2:52
23.56377,120.47787,-2.7629411764705885,1.0,0.04880000000000001,4.388283582089552,70.02898550724638,28.41170694864048,2021-4-27 11:2:52
23.56377,120.47787,-2.708642533936651,1.0,0.05270000000000001,4.36589552238806,53.5918057663126,28.370921450151055,2021-4-27 11:2:52
23.56377,120.47787,-2.654343891402714,1.0,0.07010000000000001,4.343507462686567,56.323216995447645,28.330135951661628,2021-4-27 11:2:53
23.56377,120.47787,-2.7732142857142854,1.0,0.07175000000000001,4.430357142857143,59.0,28.24991071428571,2021-4-27 11:2:53
23.56377,120.47787,-2.642857142857143,1.0,0.0734,4.473988095238095,59.0,28.310446428571428,2021-4-27 11:2:53
23.56377,120.47787,-2.5434626865671643,1.0,0.07505,4.553095238095238,33.285714285714285,28.390803571428574,2021-4-27 11:2:54
23.56377,120.47787,-2.5754925373134334,1.0,0.0767,4.595492537313433,57.03582089552239,28.368686567164175,2021-4-27 11:2:54
23.56377,120.47787,-2.6497640117994097,1.0,0.07835,4.667134328358209,58.7134328358209,28.37141592920354,2021-4-27 11:2:54
23.563790000000008,120.47787,-2.6658208955223883,1.0,0.067,4.551061946902656,59.73372781065089,28.42,2021-4-27 11:2:55
23.563787000000005,120.47787,-2.6532142857142857,1.0,0.0706,4.6407462686567165,65.25,28.42,2021-4-27 11:2:55
23.563784000000005,120.47787,-2.767142857142857,1.0,0.0742,4.981044776119403,59.0,28.433988095238092,2021-4-27 11:2:55
23.563781000000006,120.47787,-2.8564285714285718,1.0,0.0778,4.964107142857143,53.69642857142857,28.52,2021-4-27 11:2:55
23.563751,120.477861,-2.7485714285714287,1.0,0.1183,5.675595238095238,28.637931034482758,28.52,2021-4-27 11:2:56
23.5637525,120.47786249999997,-1.9768965517241377,1.0,0.11575,6.492636103151861,72.60344827586206,28.52,2021-4-27 11:2:56
23.563753999999992,120.477864,-0.4477313432835821,1.0,0.1132,7.819311377245508,77.0,28.45233532934132,2021-4-27 11:2:56
23.563755499999992,120.4778655,1.426369047619048,1.0,0.11065,6.786845238095238,43.51497005988024,28.477142857142855,2021-4-27 11:2:57
23.563757,120.477867,1.9738805970149251,1.0,0.1081,5.670773809523808,46.76785714285713,28.561785714285715,2021-4-27 11:2:57
23.5637585,120.47786850000003,1.304089552238806,1.0,0.10555,7.776298507462687,59.0,28.57776119402985,2021-4-27 11:2:57
23.56375,120.47788000000003,0.6547462686567165,1.0,-0.020000000000000046,7.616179104477613,47.53731343283583,28.52,2021-4-27 11:2:58
23.563753,120.47788000000003,-3.3648387096774197,1.0,-0.004100000000000048,4.4948955223880604,33.99701492537313,28.52,2021-4-27 11:2:58
23.563756,120.47788000000003,-3.630967741935484,2.0,0.011799999999999963,6.635181598062953,47.05192479856759,28.52,2021-4-27 11:2:58
23.563759,120.47788000000003,-3.897096774193548,2.0,0.027699999999999968,8.712663438256659,47.32050134288273,28.52,2021-4-27 11:2:58
23.56378,120.47788000000003,-4.163225806451613,2.0,0.06700000000000003,10.790145278450362,47.58907788719785,28.52,2021-4-27 11:2:59
23.56378,120.47788000000003,-3.3166666666666673,2.0,0.07900000000000001,12.975223880597012,47.85765443151297,28.52,2021-4-27 11:2:59
23.56378,120.47788000000003,-1.2075366568914956,2.0,0.09100000000000001,14.116363636363635,51.37724550898205,28.5458651026393,2021-4-27 11:2:59
23.56378,120.47788000000003,-0.7468588770864947,2.0,0.10300000000000001,12.421126760563377,63.530791788856305,28.602215477996964,2021-4-27 11:3:0
23.56378,120.47788000000003,0.7372078907435508,2.0,0.115,9.17912932138284,79.79999999999998,28.561244309559935,2021-4-27 11:3:0
23.56378,120.47788000000003,2.221274658573596,2.0,0.127,5.937131882202305,78.89090909090908,28.52027314112291,2021-4-27 11:3:0
23.56376,120.47786,3.023820895522388,2.0,0.047000000000000014,6.410635838150288,77.63583815028902,28.600059701492537,2021-4-27 11:3:1
23.563763,120.47786300000003,3.0047839046199702,2.0,0.0728,7.611021897810219,59.42774566473989,28.61,2021-4-27 11:3:1
23.563766,120.477866,2.799120715350224,2.0,0.0986,8.864671532846716,57.0,28.61,2021-4-27 11:3:1
23.563769,120.477869,1.2514492753623188,2.0,0.1244,7.642057971014493,57.0,28.61,2021-4-27 11:3:1
23.56379,120.477881,-0.335820895522388,2.0,0.2096,5.001843434343433,57.0,28.629775784753363,2021-4-27 11:3:2
23.56379,120.4778825,-0.5417910447761194,2.0,0.2255,5.963964646464646,47.08383233532935,28.670134529147976,2021-4-27 11:3:2
23.56379,120.477884,-0.9379710144927536,2.0,0.2414,6.926085858585858,26.4251497005988,28.720347826086957,2021-4-27 11:3:2
23.56379,120.47788550000003,-2.2420289855072464,2.0,0.2573,6.869304347826088,11.0,28.79,2021-4-27 11:3:3
23.56379,120.477887,-5.302898550724638,2.0,0.2732,4.886,12.478260869565215,28.79,2021-4-27 11:3:3
23.56379,120.4778885,-3.91617816091954,2.0,0.2891,6.617327586206896,27.26086956521739,28.79,2021-4-27 11:3:3
23.56377,120.4779,-4.516537313432836,2.0,0.17299999999999988,7.416032906764166,28.0,28.822017937219726,2021-4-27 11:3:4
23.563773,120.4779,-6.101611940298508,2.0,0.20869999999999989,5.946197440585009,44.604790419161674,28.86237668161435,2021-4-27 11:3:4
23.563776,120.4779,-6.836019976949673,2.0,0.2443999999999999,5.0486882969322044,65.7125748502994,28.88,2021-4-27 11:3:4
23.563827,120.4779,-4.269366116019977,1.0,0.8513000000000001,5.892142406261836,61.624615384615375,28.88,2021-4-27 11:3:9
23.56382,120.47791,-4.11838647714176,1.0,0.667,5.941757353869461,60.81692307692308,28.88,2021-4-27 11:3:10
23.56382,120.47791,-3.9674068382635426,1.0,0.6667000000000001,5.991372301477087,60.00923076923077,28.88,2021-4-27 11:3:10
23.56382,120.47791,-3.8164271993853247,1.0,0.6664,6.040987249084712,59.201538461538455,28.88,2021-4-27 11:3:10
23.56382,120.47791,-3.6654475605071064,1.0,0.6661,6.090602196692337,58.393846153846155,28.88,2021-4-27 11:3:10
23.563811,120.47791,-3.514467921628889,1.0,0.6775,6.140217144299962,57.58615384615385,28.88,2021-4-27 11:3:11
23.5638125,120.47791,-3.363488282750672,1.0,0.67525,6.189832091907586,56.77846153846153,28.88,2021-4-27 11:3:11
23.563814,120.47791,-3.2125086438724546,1.0,0.673,6.239447039515213,55.97076923076922,28.88,2021-4-27 11:3:11
23.5638155,120.47791,-3.0615290049942367,1.0,0.6707500000000001,6.289061987122838,55.16307692307693,28.88,2021-4-27 11:3:12
23.563817,120.47791,-4.30644776119403,1.0,0.6685,6.338676934730463,54.355384615384615,28.836875,2021-4-27 11:3:12
23.5638185,120.47791,-6.872403560830862,1.0,0.66625,5.479642857142856,41.5,28.756517857142853,2021-4-27 11:3:12
23.56383,120.47791,-8.388214285714286,1.0,0.657,4.921369047619047,29.0,28.7,2021-4-27 11:3:13
23.56383,120.47791,-8.360991253644313,1.0,0.6558,5.0682142857142845,29.0,28.686133720930233,2021-4-27 11:3:13
23.56383,120.47791,-8.570903790087462,1.0,0.6546000000000001,4.7094767441860474,27.255813953488367,28.607589285714287,2021-4-27 11:3:13
23.56383,120.47791,-8.051988130563796,1.0,0.6534,4.5112797619047615,20.389221556886223,28.52723214285714,2021-4-27 11:3:13
23.563821,120.47791899999997,-7.997650602409639,1.0,0.6612,4.381646706586825,46.437125748502986,28.43826347305389,2021-4-27 11:3:14
23.5638225,120.4779175,-6.741044776119403,1.0,0.6585000000000001,4.25934328358209,48.0,28.491343283582086,2021-4-27 11:3:14
23.563824,120.477916,-4.965267857142857,1.0,0.6558,4.211820895522388,36.940298507462686,28.52,2021-4-27 11:3:14
23.5638255,120.47791449999997,-4.19,1.0,0.6531,4.310059523809524,41.85970149253731,28.52,2021-4-27 11:3:15
23.563827,120.47791299999997,-4.310535714285715,1.0,0.6504,4.327916666666666,63.33035714285714,28.444226190476193,2021-4-27 11:3:15
23.5638285,120.4779115,-4.431071428571429,1.0,0.6477,4.353660714285715,70.02678571428571,28.35625,2021-4-27 11:3:15
23.56384,120.47792,-5.500608695652174,1.0,0.613,4.37047619047619,54.97345132743362,28.403588235294116,2021-4-27 11:3:16
23.56384,120.477917,-7.274521739130433,1.0,0.6151,4.608144927536231,51.78947368421052,28.324193548387097,2021-4-27 11:3:16
23.56384,120.477914,-5.56875,1.0,0.6172,4.9207142857142845,76.0,28.2450146627566,2021-4-27 11:3:16
23.56384,120.477911,-4.658361153262519,1.0,0.6193,5.473538175046555,76.0,28.24,2021-4-27 11:3:16
23.56384,120.477899,-3.8890136570561458,1.0,0.6367,5.965158286778398,71.1927162367223,28.24,2021-4-27 11:3:17
23.56384,120.4778975,-3.2509523809523806,1.0,0.63625,6.238298507462686,66.18512898330805,28.24,2021-4-27 11:3:17
23.56384,120.477896,-3.164642857142857,1.0,0.6358,6.630744047619047,54.77678571428572,28.190178571428568,2021-4-27 11:3:17
23.56384,120.4778945,-3.5523008849557525,1.0,0.63535,6.805250737463127,60.913690476190474,28.18970588235294,2021-4-27 11:3:18
23.56384,120.477893,-4.272380952380953,1.0,0.6349,6.306458333333332,69.0,28.26955223880597,2021-4-27 11:3:18
23.56384,120.4778915,-5.312857142857142,1.0,0.63445,6.241369047619047,55.30357142857143,28.309910714285714,2021-4-27 11:3:18
23.56382,120.4779,-5.12623880597015,1.0,0.5529999999999999,6.1520833333333345,37.077380952380956,28.250446428571426,2021-4-27 11:3:19
23.563823,120.477897,-5.430716417910448,1.0,0.5647,5.836071428571429,59.0,28.330805970149253,2021-4-27 11:3:19
23.563826,120.477894,-5.936507462686567,1.0,0.5763999999999999,5.70134328358209,57.9820895522388,28.411402985074627,2021-4-27 11:3:19
23.563829,120.47789100000003,-7.814417910447761,1.0,0.5881,5.522380952380953,30.22089552238806,28.348,2021-4-27 11:3:19
23.563841,120.47787899999997,-8.504354354354355,1.0,0.5971000000000001,5.393153153153153,60.13134328358209,28.26740298507463,2021-4-27 11:3:20
23.5638425,120.4778775,-7.655523255813952,1.0,0.6092500000000001,5.373691860465116,61.22754491017964,28.293353293413166,2021-4-27 11:3:20
23.563844,120.477876,-5.782314540059345,1.0,0.6214000000000001,5.303412462908011,50.57558139534883,28.287217391304345,2021-4-27 11:3:20
23.5638455,120.47787449999997,-4.814119402985074,1.0,0.6335500000000001,5.297291666666665,45.0,28.27197014925373,2021-4-27 11:3:21
23.563847,120.477873,-6.794985163204747,1.0,0.6457,5.217380952380953,40.84226190476191,28.33,2021-4-27 11:3:21
23.5638485,120.4778715,-8.447164179104476,1.0,0.65785,5.130029761904762,37.79166666666666,28.31714285714285,2021-4-27 11:3:21
23.562819999999995,120.47856000000003,-5.653134328358207,1.0,-39.245,4.906815476190476,48.0,28.243214285714284,2021-4-27 11:3:22
23.562975999999992,120.47845500000003,-6.261474926253686,1.0,-33.2456,4.857692307692307,47.15680473372781,28.323571428571423,2021-4-27 11:3:22
23.563131999999992,120.47835000000002,-4.799074626865672,1.0,-27.246199999999995,4.953134328358209,33.84319526627218,28.33,2021-4-27 11:3:22
23.563288,120.478245,-4.050776119402985,1.0,-21.246799999999997,4.896955223880597,45.58208955223881,28.33,2021-4-27 11:3:22
23.564326,120.477582,-6.861988304093568,1.0,20.344899999999996,4.859970674486802,70.02985074626866,28.275462686567163,2021-4-27 11:3:23
23.564335,120.47756999999997,-9.54883582089552,1.0,20.41225,4.963731343283583,65.62463343108504,28.24,2021-4-27 11:3:23
23.564344,120.47755799999997,-9.121428571428574,1.0,20.4796,4.9725,52.4345238095238,28.24,2021-4-27 11:3:23
23.564353,120.477546,-7.873504273504275,1.0,20.54695,5.156819484240688,59.36309523809525,28.21673295454545,2021-4-27 11:3:24
23.564362,120.477534,-7.631646706586827,1.0,20.6143,5.053667621776505,72.10315186246417,28.15,2021-4-27 11:3:24
23.564371,120.477522,-6.778353293413174,1.0,20.68165,5.11297619047619,57.0,28.15,2021-4-27 11:3:24
23.564340000000005,120.47756999999997,-7.388925373134328,1.0,21.462000000000003,5.189613095238095,55.916666666666664,28.15,2021-4-27 11:3:25
23.564355000000006,120.47754899999997,-5.309643916913946,1.0,21.422400000000003,5.17202380952381,30.91666666666666,28.15,2021-4-27 11:3:25
23.564370000000007,120.477528,-5.836388059701493,1.0,21.382800000000003,5.1328571428571435,45.48809523809524,28.15,2021-4-27 11:3:25
23.564385,120.477507,-6.809047619047618,1.0,21.343200000000003,5.048333333333332,49.0,28.20303571428571,2021-4-27 11:3:25
23.564454,120.477423,-6.413283582089552,1.0,21.3414,4.9688165680473375,39.20895522388059,28.196477611940292,2021-4-27 11:3:26
23.56446,120.4774125,-5.665917159763314,1.0,21.2955,4.862059701492537,41.55029585798817,28.15,2021-4-27 11:3:26
23.564466,120.477402,-5.912,1.0,21.2496,4.782835820895521,58.69461077844311,28.15,2021-4-27 11:3:26
23.564472,120.4773915,-6.554285714285713,1.0,21.2037,4.865462686567164,68.20833333333333,28.135267857142853,2021-4-27 11:3:27
23.564478,120.477381,-8.000714285714285,1.0,21.1578,4.695313432835821,59.0,28.06,2021-4-27 11:3:27
23.564484,120.4773705,-7.209523809523808,1.0,21.1119,4.632244897959184,56.73255813953488,28.06,2021-4-27 11:3:27
23.564430000000005,120.47740999999998,-4.250581395348838,1.0,22.166000000000007,4.756498516320474,30.569767441860467,28.06,2021-4-27 11:3:28
23.564445000000006,120.47739199999998,-3.1178571428571433,1.0,21.9551,4.762559523809524,49.14285714285713,28.06,2021-4-27 11:3:28
23.564460000000008,120.47737399999997,-3.0759036144578316,1.0,21.744200000000006,4.72,53.0,28.06,2021-4-27 11:3:28
23.564475,120.47735599999997,-3.5703857566765573,1.0,21.533300000000004,4.72,39.11904761904761,28.014732142857138,2021-4-27 11:3:28
23.564544,120.477302,-4.464597014925372,1.0,20.0435,4.856268656716416,38.88059701492537,27.97,2021-4-27 11:3:29
23.56455,120.47729,-5.39437125748503,1.0,20.04575,4.7744776119402985,46.0,27.97,2021-4-27 11:3:29
23.564556,120.477278,-6.466676557863502,1.0,20.048,4.692537313432836,46.0,27.97,2021-4-27 11:3:29
23.564562,120.477266,-8.437923976608186,1.0,20.05025,4.737313432835821,46.0,27.97,2021-4-27 11:3:30
23.564568,120.477254,-10.113362573099415,1.0,20.0525,4.703130434782608,42.855072463768124,27.97,2021-4-27 11:3:30
23.564574,120.477242,-12.756047197640118,1.0,20.05475,4.7166371681415935,15.898550724637683,27.97,2021-4-27 11:3:30
23.564540000000008,120.47726999999998,-13.34,1.0,21.432,4.695892857142857,52.976190476190474,27.97,2021-4-27 11:3:31
23.564552,120.47725199999998,-13.445212121212121,1.0,21.228,4.537509293680297,59.0,27.97,2021-4-27 11:3:31
23.564564000000008,120.47723399999997,-13.708848484848483,1.0,21.024,4.448289962825278,59.660606060606064,27.97,2021-4-27 11:3:31
23.564576,120.47721599999997,-13.64220895522388,1.0,20.82,4.35907063197026,60.56969696969697,27.97,2021-4-27 11:3:31
23.564633,120.47714400000002,-12.826388059701491,1.0,19.8726,4.440357142857144,61.0,27.97,2021-4-27 11:3:32
23.5646375,120.477135,-11.486941176470589,1.0,19.7925,4.472029850746269,45.76106194690266,27.99117647058823,2021-4-27 11:3:32
23.564642,120.477126,-10.814285714285715,1.0,19.7124,4.6667256637168135,19.0,28.049253731343278,2021-4-27 11:3:32
23.5646465,120.477117,-10.385714285714284,1.0,19.6323,4.795357142857143,20.428571428571427,27.97133928571428,2021-4-27 11:3:33
23.564651,120.477108,-9.210178571428573,1.0,19.5522,4.686666666666666,30.142857142857146,28.05169642857143,2021-4-27 11:3:33
23.5646555,120.47709900000002,-8.404285714285715,1.0,19.4721,4.630089285714286,58.71428571428572,27.987946428571423,2021-4-27 11:3:33
23.564649999999993,120.47716999999997,-8.72283582089552,1.0,19.868,4.658208955223881,59.35714285714285,27.97,2021-4-27 11:3:34
23.564655999999992,120.47714899999997,-9.233862275449102,1.0,19.7165,4.639701492537314,59.0,28.02292537313433,2021-4-27 11:3:34
23.564661999999995,120.477128,-9.422477876106194,1.0,19.565,4.281492537313433,39.4179104477612,28.016991150442475,2021-4-27 11:3:34
23.564668,120.477107,-9.074227405247811,1.0,19.4135,5.434690265486727,43.70520231213872,27.97,2021-4-27 11:3:34
23.564719000000007,120.477014,-7.808447761194031,1.0,19.1594,4.8294736842105275,61.0,27.97,2021-4-27 11:3:35
23.564717500000008,120.477005,-5.902142857142857,1.0,19.025,7.0242686567164165,53.02985074626866,27.97,2021-4-27 11:3:35
23.564716000000008,120.476996,-5.553928571428571,1.0,18.8906,8.20220238095238,31.0,27.972946428571426,2021-4-27 11:3:35
23.564714500000008,120.476987,-5.291428571428572,1.0,18.756200000000003,5.499851190476192,30.892857142857146,28.053303571428568,2021-4-27 11:3:36
23.564713,120.476978,-6.405,1.0,18.6218,4.0666666666666655,29.107142857142854,28.06,2021-4-27 11:3:36
23.5647115,120.476969,-6.55424778761062,1.0,18.4874,4.009410029498524,29.0,27.99673529411764,2021-4-27 11:3:36
23.564639999999994,120.477,-3.963134328358209,1.0,17.911,5.207053571428571,29.0,28.07692537313433,2021-4-27 11:3:37
23.564648999999992,120.47698500000003,-1.503489736070381,1.0,17.8429,5.6624107142857145,45.63392857142857,28.106071428571425,2021-4-27 11:3:37
23.564657999999994,120.47697,-1.357774480712166,1.0,17.774800000000003,5.584444444444445,56.0,28.06,2021-4-27 11:3:37
23.564667,120.476955,-2.02755223880597,1.0,17.7067,5.152380952380953,45.98805970149254,28.083104477611936,2021-4-27 11:3:37
23.564703,120.47689500000003,-2.762147887323944,2.0,17.4082,4.063283582089552,30.0,28.15,2021-4-27 11:3:38
23.5647075,120.4768875,-4.336091549295775,2.0,17.378499999999995,4.08,30.88292253521127,28.15,2021-4-27 11:3:38
23.564712,120.47688,-5.910035211267606,2.0,17.3488,4.08,35.372359154929576,28.15,2021-4-27 11:3:38
23.5647165,120.4768725,-7.483978873239437,2.0,17.319099999999995,4.08,39.86179577464789,28.15,2021-4-27 11:3:39
23.564721,120.476865,-7.753482142857144,2.0,17.2894,2.773928571428572,44.35123239436619,28.15,2021-4-27 11:3:39
23.5647255,120.4768575,-5.592857142857143,2.0,17.259700000000002,12.304374999999997,58.34821428571429,28.128571428571423,2021-4-27 11:3:39
23.564679999999992,120.4769,-5.524567164179104,3.0,17.151999999999997,12.491875,73.08035714285715,28.07175074183976,2021-4-27 11:3:40
23.564692,120.476885,-6.446955223880598,3.0,17.133999999999997,5.7940476190476184,59.0,28.14837209302325,2021-4-27 11:3:40
23.564703999999992,120.47687,-6.497371134020619,3.0,17.116,6.737596899224807,59.0,28.078604651162788,2021-4-27 11:3:40
23.564716,120.476855,-4.194925373134328,3.0,17.097999999999995,7.915104477611939,33.85714285714286,28.17820895522388,2021-4-27 11:3:40
23.564773,120.476795,-3.357130177514793,3.0,17.1394,9.464526627218936,48.779104477611945,28.19029850746269,2021-4-27 11:3:41
23.5647775,120.4767875,-1.4529341317365267,3.0,17.1115,5.845552238805969,59.0,28.11005917159763,2021-4-27 11:3:41
23.564782,120.47678,3.064855263157894,3.0,17.0836,5.04311010215664,45.07784431137725,28.06,2021-4-27 11:3:41
23.564786500000007,120.4767725,2.981960526315789,4.0,17.0557,6.602701475595914,35.36842105263157,28.06,2021-4-27 11:3:42
23.564791000000007,120.476765,2.899065789473684,4.0,17.027800000000003,8.162292849035186,51.1578947368421,28.06,2021-4-27 11:3:42
23.5647955,120.4767575,1.7620408163265306,4.0,16.9999,6.434318840579711,66.94736842105263,28.06,2021-4-27 11:3:42
23.56479,120.47679999999997,1.114319526627219,4.0,17.168000000000006,5.520535714285714,61.434782608695656,28.06,2021-4-27 11:3:43
23.564796,120.47678499999998,0.7598499166203446,5.0,17.110700000000005,7.288392857142858,59.0,28.05139521956643,2021-4-27 11:3:43
23.564802,120.47676999999997,0.21954974986103393,5.0,17.053400000000003,9.056250000000002,59.0,28.03638688160089,2021-4-27 11:3:43
23.564808,120.47675499999997,-0.3207504168982768,5.0,16.996100000000002,10.824107142857144,59.0,28.021378543635354,2021-4-27 11:3:43
23.564841,120.476704,-0.8610505836575875,5.0,16.842499999999998,12.591964285714289,59.0,28.00637020566981,2021-4-27 11:3:44
23.5648425,120.476695,-1.4013507504168985,5.0,16.801249999999996,14.359821428571427,59.0,27.991361867704278,2021-4-27 11:3:44
23.564844,120.476686,-1.9416509171762089,5.0,16.759999999999998,6.356524216524216,59.0,27.97635352973874,2021-4-27 11:3:44
23.5648455,120.47667700000002,-2.2531428571428567,6.0,16.71875,4.98045584045584,59.0,27.97,2021-4-27 11:3:45
23.564847,120.476668,-1.728380790480238,6.0,16.6775,6.6258,55.119847003824894,27.965333616659578,2021-4-27 11:3:45
23.5648485,120.476659,-0.0007989800254994963,6.0,16.636249999999997,7.817228571428573,48.107522311942205,27.953858903527408,2021-4-27 11:3:45
23.56486,120.47667,1.7267828304292399,6.0,16.933999999999997,9.008657142857144,41.09519762005951,27.942384190395238,2021-4-27 11:3:46
23.56486,120.476658,3.4543646408839783,6.0,16.841899999999995,10.200085714285715,34.0828729281768,27.930909477263068,2021-4-27 11:3:46
23.56486,120.476646,5.181946451338717,6.0,16.749799999999997,11.391514285714289,27.070548236294087,27.919434764130894,2021-4-27 11:3:46
23.56486,120.476634,6.909528261793454,6.0,16.6577,12.58294285714286,20.05822354441139,27.907960050998724,2021-4-27 11:3:46
23.56486,120.476577,8.637110072248195,6.0,16.345100000000002,13.774371428571433,13.045898852528689,27.896485337866554,2021-4-27 11:3:47
23.56486,120.4765725,10.364691882702932,6.0,16.28975,6.683085714285713,6.0335741606459825,27.88501062473438,2021-4-27 11:3:47
23.56486,120.476568,6.720113636363637,6.0,16.234400000000004,9.7088,35.55555555555556,27.88,2021-4-27 11:3:47
23.56486,120.4765635,0.05662857142857136,6.0,16.179050000000004,4.208746438746439,56.0,27.88,2021-4-27 11:3:48
23.56486,120.476559,-1.0253932584269663,6.0,16.123700000000003,5.041457142857142,56.0,27.897692307692303,2021-4-27 11:3:48
23.56486,120.4765545,-0.6040449438202248,6.0,16.068350000000002,7.100857142857143,49.37714285714286,27.97,2021-4-27 11:3:48
23.56486,120.47657999999997,-2.5458139534883726,6.0,16.558,7.0123255813953485,19.339943342776206,27.97,2021-4-27 11:3:49
23.56486,120.47657099999998,-2.30542372881356,6.0,16.420900000000003,5.141898016997168,55.883852691218124,27.901926345609063,2021-4-27 11:3:49
23.56486,120.47656199999997,-2.2137685459940655,6.0,16.283800000000003,4.711589648798522,57.28242074927954,27.88,2021-4-27 11:3:49
23.56486,120.476553,-2.4852818991097925,6.0,16.146700000000003,7.63950092421442,47.57203994293866,27.88,2021-4-27 11:3:49
23.564869,120.476526,-2.25455764075067,6.0,15.4651,8.400026809651475,35.58915834522111,27.846370967741933,2021-4-27 11:3:50
23.5648675,120.47652,-1.171142857142857,6.0,15.41875,2.191028571428572,28.0,27.807228571428567,2021-4-27 11:3:50
23.564866,120.476514,0.35457142857142854,6.0,15.372399999999997,8.653885714285716,28.0,27.871257142857147,2021-4-27 11:3:50
23.5648645,120.476508,-0.4016239316239316,6.0,15.326049999999997,10.656457142857143,28.771428571428565,27.716971428571423,2021-4-27 11:3:51
23.564863,120.476502,0.03753541076487255,6.0,15.2797,7.0744759206798875,51.91428571428571,27.835762711864405,2021-4-27 11:3:51
23.5648615,120.476496,-1.373314121037464,6.0,15.23335,6.914828571428572,55.0,27.88,2021-4-27 11:3:51
23.56483,120.47649,-3.390057142857143,6.0,15.678,9.490857142857145,55.0,27.88,2021-4-27 11:3:52
23.564833,120.476484,-4.403257142857143,6.0,15.558,6.174,38.64571428571429,27.82034285714285,2021-4-27 11:3:52
23.564836,120.476478,-4.464529914529915,6.0,15.438,6.490771428571428,30.522857142857138,27.716971428571423,2021-4-27 11:3:52
23.564839,120.476472,-3.336324786324787,6.0,15.318,8.796485714285714,56.0,27.785885714285712,2021-4-27 11:3:52
23.564851,120.47646599999997,-3.2095428571428566,6.0,14.6535,5.8834285714285715,55.28,27.708742857142852,2021-4-27 11:3:53
23.5648525,120.47646,-2.3957063711911366,6.0,14.62425,8.243867403314917,31.28,27.834873239436615,2021-4-27 11:3:53
23.564854,120.476454,-1.8596755162241887,6.0,14.595,10.213428571428572,50.13675213675214,27.88,2021-4-27 11:3:53
23.5648555,120.476448,-1.517542857142857,6.0,14.56575,5.6568,58.0,27.83770773638968,2021-4-27 11:3:54
23.564857,120.476442,-1.1093162393162392,6.0,14.5365,2.648628571428571,44.457142857142856,27.79,2021-4-27 11:3:54
23.5648585,120.476436,-0.98,6.0,14.50725,8.830142857142858,36.948571428571434,27.79,2021-4-27 11:3:54
23.565169999999995,120.47640999999997,-2.051428571428571,6.0,15.970999999999997,5.358714285714285,55.17714285714285,27.79,2021-4-27 11:3:55
23.565124999999995,120.47640699999998,-2.7390857142857143,6.0,15.717799999999997,6.609401709401709,46.638176638176645,27.79,2021-4-27 11:3:55
23.565079999999995,120.47640399999997,-1.9307932011331443,6.0,15.4646,7.1648,70.56980056980058,27.8571186440678,2021-4-27 11:3:55
23.565035,120.47640099999998,-1.2704237288135591,6.0,15.2114,6.057195467422095,60.04857142857143,27.82645892351274,2021-4-27 11:3:55
23.564765,120.476407,-1.3643313953488372,6.0,13.6721,6.35046511627907,55.0,27.831195335276963,2021-4-27 11:3:56
23.5647575,120.4764025,-1.9682,6.0,13.63325,10.569487179487181,55.0,27.88,2021-4-27 11:3:56
23.564750000000007,120.476398,-2.2927714285714287,6.0,13.5944,7.594102564102563,55.0,27.88,2021-4-27 11:3:56
23.5647425,120.4763935,-1.5813428571428572,6.0,13.55555,7.662478632478632,48.44,27.883095238095237,2021-4-27 11:3:57
23.564735,120.476389,-0.18968253968253967,6.0,13.5167,9.22,14.494505494505495,27.95452380952381,2021-4-27 11:3:57
23.5647275,120.4763845,-0.8637941176470589,6.0,13.47785,7.988579881656805,39.21978021978022,27.97,2021-4-27 11:3:57
23.56559,120.47449,-1.473958333333333,6.0,13.724,7.56125,44.0,27.97,2021-4-27 11:3:58
23.565452,120.47476900000002,-2.3757060518731983,6.0,13.6424,11.210568181818182,37.564841498559076,27.97,2021-4-27 11:3:58
23.565314,120.475048,-3.304871794871795,6.0,13.5608,6.846062322946176,43.19318181818183,27.97,2021-4-27 11:3:58
23.565176,120.475327,-1.6996,6.0,13.4792,2.072971428571428,52.73142857142857,27.97,2021-4-27 11:3:58
23.564174,120.477208,-0.6195999999999999,6.0,13.277,7.155828571428572,49.474285714285706,27.967179487179486,2021-4-27 11:3:59
23.56418,120.47722,-3.0994871794871806,6.0,13.215499999999997,5.852714285714287,73.81714285714285,27.89025641025641,2021-4-27 11:3:59
23.564186,120.47723199999997,-3.2084985835694058,6.0,13.154000000000003,7.73413597733711,60.10285714285714,27.88,2021-4-27 11:3:59
23.564192,120.47724399999997,-2.626801152737752,6.0,13.0925,9.588739255014326,57.274285714285725,27.88,2021-4-27 11:4:0
23.564198,120.47725599999997,-2.086475644699141,6.0,13.031,6.499226361031519,57.0,27.9214,2021-4-27 11:4:0
23.564204,120.477268,-1.192942857142857,6.0,12.9695,4.2945714285714285,44.24,27.941457142857146,2021-4-27 11:4:0
23.564290000000007,120.47742000000002,0.2166666666666666,6.0,12.873999999999997,11.613265306122448,36.91428571428571,27.88,2021-4-27 11:4:1
23.564284000000008,120.477411,-1.7320512820512823,6.0,12.817599999999997,5.735714285714286,56.302857142857135,27.88,2021-4-27 11:4:1
23.564278000000005,120.477402,-3.373428571428572,6.0,12.761199999999997,8.638857142857141,47.274285714285725,27.88,2021-4-27 11:4:1
23.564272,120.47739300000002,-3.1524,6.0,12.704799999999997,9.450229226361031,67.84571428571428,27.88,2021-4-27 11:4:1
23.564221,120.47733899999997,-3.078538681948424,6.0,12.4792,6.733063583815029,60.84,27.825742857142853,2021-4-27 11:4:2
23.5642225,120.4773375,-2.076371428571429,6.0,12.451,4.5927428571428575,51.75428571428571,27.79,2021-4-27 11:4:2
23.564223999999992,120.477336,-0.8196581196581197,6.0,12.4228,10.284857142857144,56.8,27.81854285714285,2021-4-27 11:4:2
23.564225499999992,120.47733449999997,-2.391516853932584,6.0,12.3946,6.0107865168539325,68.0,27.86457865168539,2021-4-27 11:4:3
23.564227,120.47733299999997,-2.956123595505618,6.0,12.3664,10.426516853932583,61.82857142857143,27.788695652173917,2021-4-27 11:4:3
23.5642285,120.4773315,-3.4244767441860464,6.0,12.3382,10.409514285714284,28.307692307692303,27.71043478260869,2021-4-27 11:4:3
23.564320000000006,120.47730000000003,-3.2412,6.0,12.686000000000003,6.494957507082153,51.38461538461539,27.7,2021-4-27 11:4:4
23.564308000000008,120.47730300000002,-2.819942857142857,6.0,12.601400000000003,5.176085714285715,49.21714285714287,27.64,2021-4-27 11:4:4
23.564296000000006,120.47730600000003,-3.442983425414365,6.0,12.516800000000003,9.526629834254145,59.18,27.6,2021-4-27 11:4:4
23.564284000000008,120.47730900000002,-4.541651917404129,6.0,12.432200000000003,6.052307692307691,63.62857142857143,27.628908554572277,2021-4-27 11:4:4
23.564209,120.477321,-3.2634571428571433,6.0,12.1244,8.997371428571427,58.0,27.683142857142855,2021-4-27 11:4:5
23.5642075,120.47732249999997,-1.8320285714285716,6.0,12.077000000000004,8.423085714285714,56.21714285714287,27.6,2021-4-27 11:4:5
23.564206,120.477324,-1.237,6.0,12.0296,4.5132,46.16,27.6,2021-4-27 11:4:5
23.5642045,120.4773255,-0.36837142857142857,6.0,11.9822,6.4495750708215285,70.16,27.67392550143267,2021-4-27 11:4:6
23.564203,120.477327,-0.40424501424501424,6.0,11.9348,6.9368876080691635,61.76,27.640285714285714,2021-4-27 11:4:6
23.5642015,120.4773285,-0.8588,6.0,11.8874,5.800914285714287,55.845714285714294,27.645428571428567,2021-4-27 11:4:6
23.56417,120.4774,-0.7351428571428571,6.0,11.747999999999998,7.320714285714285,55.0,27.7,2021-4-27 11:4:7
23.564173,120.47739099999997,0.22554285714285716,6.0,11.714399999999996,6.8,47.20857142857143,27.683475783475778,2021-4-27 11:4:7
23.564176,120.477382,0.6883999999999999,6.0,11.680799999999996,3.8,32.66285714285714,27.602,2021-4-27 11:4:7
23.564179,120.477373,1.126742857142857,6.0,11.647199999999996,6.12,59.96,27.687714285714286,2021-4-27 11:4:7
23.5642,120.477337,-0.5550427350427347,6.0,11.5209,8.048715083798882,47.96,27.626571428571435,2021-4-27 11:4:8
23.5642,120.4773325,-1.087,6.0,11.50275,7.678070175438593,46.0,27.659142857142854,2021-4-27 11:4:8
23.5642,120.477328,-0.4274285714285714,6.0,11.4846,9.704114285714285,37.98290598290598,27.655270655270648,2021-4-27 11:4:8
23.5642,120.4773235,-0.2361428571428571,6.0,11.46645,8.677371428571428,42.71428571428572,27.6,2021-4-27 11:4:9
23.5642,120.477319,-1.3103703703703704,6.0,11.4483,1.8604000000000005,56.71428571428572,27.616,2021-4-27 11:4:9
23.5642,120.4773145,-0.19925925925925944,6.0,11.43015,8.81182857142857,56.0,27.698285714285714,2021-4-27 11:4:9
23.5642,120.47733999999997,-1.9089142857142851,6.0,11.529000000000002,7.811685714285714,56.0,27.612571428571428,2021-4-27 11:4:10
23.5642,120.477331,-3.0338983050847457,6.0,11.4933,10.06819718309859,56.0,27.673142857142853,2021-4-27 11:4:10
23.5642,120.47732199999997,-3.215909090909091,6.0,11.4576,12.61585714285714,29.38935574229692,27.642296918767503,2021-4-27 11:4:10
23.5642,120.47731299999998,-2.6269767441860465,6.0,11.4219,8.670697674418605,34.831395348837205,27.6,2021-4-27 11:4:10
23.5642,120.47723199999997,-1.9276068376068372,6.0,11.3421,3.8786,57.79142857142857,27.6,2021-4-27 11:4:11
23.5642,120.477235,-2.100085714285714,6.0,11.31375,11.470285714285716,71.0,27.615714285714287,2021-4-27 11:4:11
23.5642,120.47723800000003,-3.737228571428571,6.0,11.285400000000001,6.078857142857143,64.98,27.7,2021-4-27 11:4:11
23.5642,120.477241,-3.799405405405405,6.0,11.25705,9.880215633423179,28.122857142857146,27.7,2021-4-27 11:4:12
23.5642,120.477244,-4.4728529411764715,6.0,11.228700000000002,10.782886297376093,48.04469273743017,27.631085043988268,2021-4-27 11:4:12
23.5642,120.477247,-4.2745,6.0,11.20035,5.228702064896755,54.10787172011661,27.65705882352941,2021-4-27 11:4:12
23.56418,120.47727,-3.447492877492877,6.0,11.295,3.4244,60.09142857142857,27.656,2021-4-27 11:4:13
23.564183,120.47727,-3.1765142857142856,6.0,11.2482,6.938085714285713,64.0,27.573257142857145,2021-4-27 11:4:13
23.564186,120.47727,-3.483942857142857,6.0,11.2014,4.077948717948717,53.92,27.52384615384616,2021-4-27 11:4:13
23.564189,120.47727,-2.4896571428571432,6.0,11.154600000000002,9.342905982905982,30.461538461538456,27.600857142857144,2021-4-27 11:4:13
23.56421,120.477279,-3.2357142857142858,6.0,10.9071,7.293599999999999,45.84615384615385,27.686571428571426,2021-4-27 11:4:14
23.56421,120.4772775,-1.8524,6.0,10.89375,9.449714285714286,55.334285714285706,27.627714285714287,2021-4-27 11:4:14
23.56421,120.477276,-0.4018518518518519,6.0,10.8804,11.594,68.99714285714286,27.6,2021-4-27 11:4:14
23.56421,120.4772745,-0.6384000000000001,6.0,10.86705,9.454171428571428,64.43142857142857,27.643714285714285,2021-4-27 11:4:15
23.56421,120.477273,-1.8363428571428568,6.0,10.853700000000002,3.0574285714285714,57.0,27.7,2021-4-27 11:4:15
23.56421,120.4772715,-1.2397142857142855,6.0,10.84035,9.854571428571429,48.22285714285713,27.7,2021-4-27 11:4:15
23.56423,120.47728,-2.0111428571428567,6.0,11.156,6.767543859649124,29.337142857142855,27.700514285714284,2021-4-27 11:4:16
23.564227,120.477277,-3.623757062146893,6.0,11.0933,9.617062146892655,57.622857142857136,27.77765714285714,2021-4-27 11:4:16
23.564224,120.477274,-5.900951008645532,6.0,11.0306,10.352,71.53142857142858,27.79,2021-4-27 11:4:16
23.564221,120.477271,-5.63,6.0,10.967899999999998,7.3794571428571425,62.051428571428566,27.79,2021-4-27 11:4:16
23.564389,120.47682699999997,-4.105714285714286,6.0,12.450500000000003,6.790342857142857,53.64957264957265,27.751025641025638,2021-4-27 11:4:17
23.5643575,120.4768975,-3.2131428571428566,6.0,12.13025,8.794719101123595,51.0,27.7,2021-4-27 11:4:17
23.564326,120.47696800000003,-2.192905982905983,6.0,11.809999999999997,5.07,45.3,27.7,2021-4-27 11:4:17
23.5642945,120.4770385,-3.0219658119658117,6.0,11.48975,9.400434782608697,33.47142857142857,27.700254957507077,2021-4-27 11:4:18
23.564263,120.477109,-3.05628895184136,6.0,11.1695,8.805909090909092,56.61428571428571,27.776742209631728,2021-4-27 11:4:18
23.5642315,120.4771795,-2.8941379310344826,6.0,10.84925,6.3294842406876795,55.31908831908832,27.79,2021-4-27 11:4:18
23.564090000000007,120.47766,-2.835356125356125,6.0,8.868,6.4184,49.454545454545446,27.84113636363636,2021-4-27 11:4:19
23.564075,120.47766900000002,-2.189056603773585,6.0,8.7969,7.573270270270272,61.81142857142857,27.88,2021-4-27 11:4:19
23.56406,120.477678,-0.9299109792284864,6.0,8.725799999999998,4.795519287833829,66.44257703081233,27.859169139465877,2021-4-27 11:4:19
23.564045000000007,120.477687,-1.196326530612245,6.0,8.6547,10.572967359050445,55.0,27.811516034985427,2021-4-27 11:4:19
23.563949,120.477732,-3.0330612244897956,6.0,7.4379,8.346809116809116,51.64,27.968950437317787,2021-4-27 11:4:20
23.5639475,120.477735,-3.6689142857142856,6.0,7.55775,8.245128205128204,27.64,27.97,2021-4-27 11:4:20
23.563946,120.477738,-1.4173142857142855,6.0,7.6776,9.489714285714285,46.13390313390314,27.97,2021-4-27 11:4:20
23.5639445,120.477741,-0.024514285714285714,6.0,7.79745,7.837257142857142,50.0,27.97,2021-4-27 11:4:21
23.563943,120.477744,0.8317948717948717,6.0,7.9173,6.099142857142858,40.17714285714285,27.9322,2021-4-27 11:4:21
23.5639415,120.477747,1.7321428571428572,6.0,8.03715,10.327714285714286,32.0,27.904942857142853,2021-4-27 11:4:21
23.56399,120.47771,-0.1255240793201133,6.0,8.431999999999999,5.765042253521127,30.96296296296296,27.957948717948717,2021-4-27 11:4:22
23.563981,120.477719,-1.3918130311614731,6.0,8.510599999999998,11.02138028169014,30.051282051282048,27.881025641025637,2021-4-27 11:4:22
23.563972,120.477728,-0.5017241379310344,6.0,8.589199999999998,10.874729344729344,45.43589743589743,27.955897435897437,2021-4-27 11:4:22
23.563963,120.47773700000002,1.6063636363636364,6.0,8.667799999999998,6.871838440111421,46.0,27.97,2021-4-27 11:4:22
23.563918,120.477773,2.286342857142857,6.0,9.3998,5.704358974358975,36.48,28.019885714285714,2021-4-27 11:4:23
23.563915,120.4777775,0.6725714285714286,6.0,9.3695,9.833589743589744,32.0,28.097028571428567,2021-4-27 11:4:23
23.563912,120.477782,-2.5945142857142858,6.0,9.339200000000002,5.490914285714285,30.427350427350426,28.15,2021-4-27 11:4:23
23.563909,120.4777865,-6.317393767705384,6.0,9.3089,8.996628571428571,28.0,28.160963172804525,2021-4-27 11:4:24
23.563906,120.477791,-6.8273087818696885,6.0,9.2786,7.937492877492877,28.0,28.237450424929172,2021-4-27 11:4:24
23.563903,120.47779550000003,-6.28650429799427,6.0,9.2483,5.731815561959654,28.0,28.315,2021-4-27 11:4:24
23.563940000000006,120.47778999999997,-6.116162464985995,6.0,9.836,5.951851851851852,50.81481481481481,28.33,2021-4-27 11:4:25
23.563931000000007,120.47779599999997,-6.300058139534884,6.0,9.713000000000001,7.088953488372093,56.0,28.378260869565217,2021-4-27 11:4:25
23.563922000000005,120.47780199999997,-6.483,6.0,9.59,4.544285714285714,40.75428571428571,28.42,2021-4-27 11:4:25
23.563913000000007,120.477808,-6.248914285714286,6.0,9.467,4.992934472934473,27.0,28.42,2021-4-27 11:4:25
23.563868,120.477841,-5.485056818181818,6.0,9.344,5.668148148148148,27.0,28.40974358974359,2021-4-27 11:4:26
23.563865,120.4778425,-6.354375,6.0,9.221,4.309088319088319,27.0,28.33282051282051,2021-4-27 11:4:26
23.563862,120.477844,-5.3273045822102425,6.0,9.098,5.655714285714286,27.0,28.399919354838712,2021-4-27 11:4:26
23.563859,120.4778455,-5.123333333333332,6.0,8.974999999999998,7.440805970149253,16.73109243697479,28.42,2021-4-27 11:4:27
23.563856,120.477847,-4.262093023255814,5.0,8.852,4.808604651162791,43.43313953488372,28.42,2021-4-27 11:4:27
23.563853,120.4778485,-2.5192466367713005,5.0,8.729,4.17855605381166,52.34439461883409,28.432286995515692,2021-4-27 11:4:27
23.56389,120.47790000000002,-1.0690224215246635,5.0,8.8,4.923847533632288,41.313004484304926,28.45919282511211,2021-4-27 11:4:28
23.563881,120.47789400000002,0.38120179372197377,5.0,8.6479,5.669139013452915,30.281614349775783,28.48609865470852,2021-4-27 11:4:28
23.563872,120.47788800000002,1.8314260089686103,5.0,8.4958,6.414430493273542,19.25022421524664,28.51300448430493,2021-4-27 11:4:28
23.563863,120.477882,2.6524270711785296,4.0,8.343699999999998,6.711728971962616,18.936619718309856,28.470492957746476,2021-4-27 11:4:28
23.563818,120.47784,3.163512252042007,4.0,7.5031,6.697710280373832,19.992957746478872,28.40359154929577,2021-4-27 11:4:29
23.563815,120.47784,3.674597432905484,4.0,7.46575,6.683691588785047,20.93855157278713,28.336690140845064,2021-4-27 11:4:29
23.563812,120.47784,3.219032258064516,4.0,7.4284,8.105547445255473,19.621799561082664,28.312223847841988,2021-4-27 11:4:29
23.563809,120.47784,2.541612903225807,4.0,7.39105,7.645693430656933,18.3050475493782,28.292472567666426,2021-4-27 11:4:30
23.563806,120.47784,1.8641935483870973,4.0,7.3537,7.185839416058394,16.98829553767374,28.27272128749085,2021-4-27 11:4:30
23.563803,120.47784,1.1867741935483869,4.0,7.31635,6.7259854014598535,15.671543525969277,28.252970007315295,2021-4-27 11:4:30
23.563840000000006,120.47784,0.8207317073170732,4.0,7.472,5.9293430656934305,15.0,28.24,2021-4-27 11:4:31
23.563831000000008,120.47784,1.3109756097560976,4.0,7.4057,5.294306569343067,16.149253731343283,28.24,2021-4-27 11:4:31
23.563822000000005,120.47784,0.4921428571428571,4.0,7.3394,6.069553571428571,26.0,28.161820895522386,2021-4-27 11:4:31
23.563813000000007,120.47784,-0.4907418397626112,4.0,7.2731,5.585,26.0,28.15,2021-4-27 11:4:31
23.563768,120.477849,-0.7013946587537092,4.0,7.1483,6.70893175074184,26.0,28.15,2021-4-27 11:4:32
23.563765,120.4778475,-0.3176142131979696,4.0,7.09175,8.87907444668008,60.87240356083086,28.166629441624362,2021-4-27 11:4:32
23.563762,120.47784600000003,0.2306091370558375,4.0,7.0352,8.396177062374246,74.00302114803625,28.194040609137055,2021-4-27 11:4:32
23.563759,120.4778445,0.7788324873096447,4.0,6.97865,7.91327967806841,67.65861027190333,28.221451776649744,2021-4-27 11:4:33
23.563756,120.477843,0.5117391304347826,4.0,6.9221,7.631043478260869,61.314199395770395,28.24,2021-4-27 11:4:33
23.563753,120.4778415,-1.979565217391304,4.0,6.86555,6.4049565217391295,57.0,28.24,2021-4-27 11:4:33
23.56379,120.47783,-2.475217391304348,4.0,6.144000000000001,8.549710144927538,52.79710144927536,28.24,2021-4-27 11:4:34
23.563781,120.47783,-2.334782608695652,4.0,6.187200000000001,8.679652173913043,28.405797101449277,28.24,2021-4-27 11:4:34
23.563772,120.47783,-2.6013452914798205,4.0,6.2304,7.620910240202275,52.7536231884058,28.204835329341318,2021-4-27 11:4:34
23.563763,120.47783,-2.978026905829596,4.0,6.273600000000001,6.8358280657395705,53.279521674140504,28.164416167664672,2021-4-27 11:4:34
23.563718,120.477848,-4.217398843930636,4.0,6.666,6.085664739884392,50.140508221225694,28.09979768786127,2021-4-27 11:4:35
23.563715,120.47784499999997,-4.7584057971014495,4.0,6.651,5.998959537572254,61.73333333333333,28.098236994219647,2021-4-27 11:4:35
23.563712,120.477842,-3.823333333333333,4.0,6.635999999999999,6.6246666666666645,72.0,28.15,2021-4-27 11:4:35
23.563709,120.477839,-3.9869587109768374,4.0,6.621,6.134463768115942,59.53623188405797,28.14492447129909,2021-4-27 11:4:36
23.563706,120.477836,-3.875176233635448,4.0,6.606,5.806938569989929,29.221327967806843,28.117734138972807,2021-4-27 11:4:36
23.563703,120.477833,-3.763393756294058,4.0,6.590999999999999,5.7042195367573,30.42857142857143,28.090543806646522,2021-4-27 11:4:36
23.563740000000006,120.47783,-3.651611278952669,4.0,6.354,5.601500503524673,31.635814889336014,28.06335347432024,2021-4-27 11:4:37
23.563731000000008,120.477827,-3.4411560693641614,4.0,6.3723,5.68421965317919,32.8430583501006,27.991589595375718,2021-4-27 11:4:37
23.563722000000006,120.477824,-1.8405763688760803,4.0,6.3906,5.782543352601155,33.0,27.97,2021-4-27 11:4:37
23.563713000000007,120.477821,-0.4762138728323699,4.0,6.4089,5.955953757225433,33.0,27.97,2021-4-27 11:4:37
23.563677,120.477809,-0.2944219653179191,4.0,6.4704,2.54328530259366,26.161849710982658,27.97,2021-4-27 11:4:38
23.5636725,120.4778075,-0.5647277936962751,4.0,6.4815,7.589190751445086,19.0,27.97,2021-4-27 11:4:38
23.563668,120.477806,-1.0671098265895955,4.0,6.4926,4.505730659025788,20.76,27.97,2021-4-27 11:4:38
23.5636635,120.4778045,-1.7087283236994222,4.0,6.5037,6.140982658959539,27.0,27.97,2021-4-27 11:4:39
23.563659,120.477803,-2.746869565217392,4.0,6.5148,6.286878612716761,27.0,27.97,2021-4-27 11:4:39
23.5636545,120.4778015,-2.73014450867052,4.0,6.5259,6.176416184971099,28.630057803468205,27.97,2021-4-27 11:4:39
23.56366,120.47785,-2.4659850746268654,4.0,6.499,6.707038391224862,48.09826589595375,27.995791044776123,2021-4-27 11:4:40
23.563654,120.47784099999997,-2.3361343283582086,4.0,6.5158,5.357861060329069,61.80654761904761,28.036089552238806,2021-4-27 11:4:40
23.563648,120.477832,-2.0786607142857143,4.0,6.5326,4.279,69.39583333333333,28.06,2021-4-27 11:4:40
23.563642,120.477823,-1.569732142857143,4.0,6.5494,4.448090909090909,66.0627802690583,28.06,2021-4-27 11:4:40
23.563627000000007,120.47776900000002,-1.2482947976878611,4.0,6.6031,4.617181818181818,45.883408071748875,28.06,2021-4-27 11:4:41
23.5636225,120.4777675,-2.678930635838151,4.0,6.61375,7.058439306358382,29.0,28.058695652173917,2021-4-27 11:4:41
23.563618,120.477766,-3.1291304347826085,4.0,6.6244,6.846840579710146,28.98843930635838,27.98043478260869,2021-4-27 11:4:41
23.5636135,120.4777645,-1.7114814814814812,4.0,6.63505,7.137435897435898,28.121387283237,28.03647727272727,2021-4-27 11:4:42
23.563609000000007,120.477763,-0.6382440476190476,4.0,6.6457,7.878054545454545,50.051282051282044,28.06,2021-4-27 11:4:42
23.5636045,120.47776150000003,-0.05788690476190472,3.0,6.65635,5.4398727272727285,61.39344262295081,28.06,2021-4-27 11:4:42
23.56363,120.47779,0.4813063063063062,3.0,6.594000000000001,3.7843602865916064,66.31147540983606,28.07388513513513,2021-4-27 11:4:43
23.563621,120.477784,0.9542792792792794,3.0,6.615600000000001,4.244953940634596,68.10868377935553,28.10429054054054,2021-4-27 11:4:43
23.563611999999992,120.477778,1.4272522522522524,3.0,6.637200000000001,4.705547594677585,66.14254505734571,28.13469594594595,2021-4-27 11:4:43
23.563603,120.477772,1.9002252252252252,3.0,6.658800000000001,5.166141248720574,64.17640633533588,28.165101351351346,2021-4-27 11:4:43
23.563576,120.47773899999997,2.373198198198198,3.0,6.671399999999999,5.626734902763562,62.21026761332605,28.19550675675676,2021-4-27 11:4:44
23.56357,120.4777375,2.846171171171171,3.0,6.694499999999999,6.087328556806551,60.24412889131622,28.22591216216216,2021-4-27 11:4:44
23.563564,120.477736,1.988,3.0,6.717599999999999,6.5479222108495385,58.27799016930639,28.24,2021-4-27 11:4:44
23.563558,120.47773449999997,-0.41200000000000075,3.0,6.7407,6.681175373134328,60.33081570996979,28.24,2021-4-27 11:4:45
23.563552,120.47773299999997,-2.6545833333333326,3.0,6.763799999999999,6.709160447761192,69.84743202416918,28.24,2021-4-27 11:4:45
23.563546,120.4777315,-1.6813690476190477,3.0,6.786899999999999,6.437448071216617,74.93768545994065,28.24,2021-4-27 11:4:45
23.563540000000007,120.47776,-1.879823529411765,3.0,6.924,4.7224046920821126,54.17699115044248,28.24,2021-4-27 11:4:46
23.563534000000008,120.477754,-1.9754166666666664,3.0,6.930000000000001,6.13110447761194,63.02654867256638,28.170625,2021-4-27 11:4:46
23.563528000000005,120.47774800000002,-2.3988095238095237,3.0,6.936000000000001,7.085773809523809,64.0,28.09026785714285,2021-4-27 11:4:46
23.563522000000006,120.477742,-2.077142857142857,3.0,6.942000000000001,5.546309523809524,64.0,28.009910714285713,2021-4-27 11:4:46
23.563516,120.477718,-1.701454005934718,3.0,6.9192,4.203442136498516,37.82789317507417,27.97,2021-4-27 11:4:47
23.56351,120.477715,-2.4701483679525222,3.0,6.93,8.311999999999998,32.210682492581604,27.97,2021-4-27 11:4:47
23.563504,120.477712,-3.6550588235294112,3.0,6.9408,5.399735294117647,57.76470588235295,27.97,2021-4-27 11:4:47
23.563498,120.477709,-4.366112759643917,3.0,6.9516,7.579147058823528,77.0,27.95985163204748,2021-4-27 11:4:48
23.563492,120.477706,-4.85572700296736,3.0,6.9624,7.554777448071218,70.45697329376856,27.88,2021-4-27 11:4:48
23.563486,120.477703,-4.930552325581395,3.0,6.9732,4.369302325581396,28.0,27.88,2021-4-27 11:4:48
23.5635,120.47772000000002,-5.163145400593471,3.0,6.936000000000001,4.941899109792285,28.0,27.94906976744186,2021-4-27 11:4:49
23.563491,120.47771400000002,-5.471513353115728,3.0,6.954000000000001,5.735964391691395,28.0,28.028753709198813,2021-4-27 11:4:49
23.563482,120.47770800000002,-5.624735294117647,3.0,6.972,5.605806451612903,22.611275964391687,28.011127596439167,2021-4-27 11:4:49
23.563473,120.477702,-5.485952380952381,3.0,6.99,6.854642857142856,20.0,27.97,2021-4-27 11:4:49
23.563437000000008,120.477678,-5.020029761904762,3.0,7.013399999999999,6.531374269005849,20.0,27.94160714285714,2021-4-27 11:4:50
23.563432500000005,120.477675,-4.086744868035191,3.0,7.030499999999999,4.420357142857142,19.665689149560116,27.916950146627563,2021-4-27 11:4:50
23.563428,120.477672,-2.264047619047619,3.0,7.047599999999999,7.098928571428571,27.690476190476193,28.06,2021-4-27 11:4:50
23.5634235,120.477669,-3.9158333333333326,3.0,7.064699999999999,4.908333333333332,59.0,28.06,2021-4-27 11:4:51
23.563419000000007,120.47766600000003,-5.567619047619047,3.0,7.0818,6.383571428571429,58.92878338278933,27.98151785714285,2021-4-27 11:4:51
23.5634145,120.477663,-6.28094117647059,3.0,7.0989,6.97555882352941,48.24629080118694,27.97,2021-4-27 11:4:51
23.563459999999992,120.47769999999997,-6.550504451038576,3.0,6.748000000000001,6.407283582089552,70.38235294117646,28.028219584569733,2021-4-27 11:4:52
23.563448,120.477691,-5.835,3.0,6.8203000000000005,6.294413407821231,63.21169916434541,28.014623955431755,2021-4-27 11:4:52
23.563435999999992,120.47768199999997,-4.909136904761905,3.0,6.892600000000001,5.986298507462687,56.976190476190474,28.002678571428568,2021-4-27 11:4:52
23.563424,120.47767299999997,-5.131904761904762,3.0,6.964900000000001,3.906815476190476,58.223880597014926,28.06,2021-4-27 11:4:52
23.563367,120.477628,-5.287596439169138,3.0,7.417899999999999,7.557647058823528,54.74480712166173,28.06,2021-4-27 11:4:53
23.5633625,120.477625,-4.228249258160238,3.0,7.42675,5.351764705882354,53.776470588235284,28.06370588235294,2021-4-27 11:4:53
23.563358,120.477622,-3.9165882352941175,3.0,7.4356,6.650558823529411,77.0,28.143117647058823,2021-4-27 11:4:53
23.5633535,120.477619,-3.7279228486646887,3.0,7.444449999999998,7.094362017804154,77.0,28.076824925816023,2021-4-27 11:4:54
23.563349,120.477616,-2.684747774480712,3.0,7.4533,5.227062314540058,35.308605341246285,28.12329376854599,2021-4-27 11:4:54
23.5633445,120.477613,-1.5125816023738874,3.0,7.46215,4.440563798219585,57.409495548961424,28.15,2021-4-27 11:4:54
23.563390000000005,120.47765000000003,-1.1924107142857143,3.0,7.198,5.924955489614244,69.0,28.15,2021-4-27 11:4:55
23.563378000000007,120.47764100000002,-1.190625,3.0,7.247800000000002,4.371441176470589,48.76190476190476,28.11625,2021-4-27 11:4:55
23.563366000000006,120.477632,-0.5658381502890175,3.0,7.297600000000002,6.868157894736842,36.11504424778761,28.083893805309728,2021-4-27 11:4:55
23.563354000000007,120.47762300000002,-0.936053412462908,3.0,7.3474,5.683947368421053,55.00872093023256,28.15,2021-4-27 11:4:55
23.563306,120.47758700000003,-2.841097922848665,3.0,7.5259,5.121038575667654,76.0,28.151875,2021-4-27 11:4:56
23.5633,120.4775825,-3.883333333333333,3.0,7.554249999999999,5.182380952380953,76.0,28.232232142857146,2021-4-27 11:4:56
23.563294,120.477578,-3.328273809523809,3.0,7.5825999999999985,4.421607142857143,76.0,28.24,2021-4-27 11:4:56
23.563288,120.4775735,-2.697857142857143,3.0,7.61095,4.37077380952381,28.52835820895522,28.17686567164179,2021-4-27 11:4:57
23.563282,120.477569,-2.5674566473988443,3.0,7.639299999999999,4.75150289017341,49.409495548961424,28.20294117647059,2021-4-27 11:4:57
23.563276,120.47756450000003,-1.9232142857142855,3.0,7.66765,4.124642857142857,58.6,28.24,2021-4-27 11:4:57
23.563290000000006,120.47759,-0.9481305637982196,3.0,7.538999999999999,6.24593471810089,57.0,28.271513353115726,2021-4-27 11:4:58
23.563281000000007,120.47758099999997,-1.4740652818991098,3.0,7.590899999999999,5.473115727002968,45.501483679525215,28.33,2021-4-27 11:4:58
23.563272000000005,120.477572,-2.2417804154302674,3.0,7.6427999999999985,5.749080118694361,26.0,28.31824925816024,2021-4-27 11:4:58
23.563263,120.477563,-2.811513353115727,3.0,7.6947,5.9629080118694375,27.059347181008903,28.24,2021-4-27 11:4:58
23.563236,120.47752700000002,-1.85053412462908,3.0,7.9797,4.340771513353116,33.83468834688347,28.24,2021-4-27 11:4:59
23.56323,120.47752250000002,-1.8783468834688344,3.0,7.99275,4.533586956521739,51.72086720867209,28.24,2021-4-27 11:4:59
23.563224,120.477518,-1.899850746268657,3.0,8.0058,5.725970149253731,55.729166666666664,28.186160714285712,2021-4-27 11:4:59
23.563218,120.4775135,-3.094807121661721,3.0,8.01885,5.53775147928994,56.0,28.194196428571427,2021-4-27 11:5:0
23.563212,120.477509,-4.205786350148368,3.0,8.0319,6.7324035608308614,41.112759643916924,28.24,2021-4-27 11:5:0
23.563206,120.47750450000002,-2.9375370919881307,3.0,8.04495,5.957952522255192,46.37091988130564,28.215430267062317,2021-4-27 11:5:0
23.56322,120.47750999999998,-2.876290801186944,3.0,8.003,4.819999999999999,69.71216617210682,28.164688427299694,2021-4-27 11:5:1
23.563211,120.47750399999997,-2.751661721068249,3.0,8.0243,6.32,57.0,28.24,2021-4-27 11:5:1
23.563202,120.47749799999997,-1.418,3.0,8.0456,5.160565476190476,57.0,28.24,2021-4-27 11:5:1
23.563193,120.47749199999997,-1.8025149700598804,3.0,8.0669,5.227827380952381,57.0,28.16526785714285,2021-4-27 11:5:1
23.563157000000007,120.477468,-4.002373887240356,3.0,8.168299999999999,5.516388059701493,24.6547619047619,28.215089285714285,2021-4-27 11:5:2
23.5631525,120.47746500000002,-4.414925373134328,3.0,8.176249999999998,5.785731343283583,42.88059701492537,28.24,2021-4-27 11:5:2
23.563148,120.477462,-3.7201754385964914,3.0,8.1842,5.909096209912536,51.0,28.24,2021-4-27 11:5:2
23.5631435,120.477459,-3.5159459459459455,3.0,8.192149999999998,6.671525851197982,40.50437317784257,28.22162444113264,2021-4-27 11:5:3
23.563139000000007,120.477456,-3.5880180180180177,3.0,8.200099999999999,6.641261034047919,34.26190476190476,28.181385991058118,2021-4-27 11:5:3
23.5631345,120.477453,-3.7185959885386817,3.0,8.20805,6.610996216897855,41.40476190476191,28.132979942693407,2021-4-27 11:5:3
23.56316,120.47749,-4.208567335243552,3.0,8.181,6.074613180515759,51.66954022988505,28.06,2021-4-27 11:5:4
23.563151,120.47748099999997,-3.841120689655172,3.0,8.194199999999999,5.64,71.17191977077364,28.06,2021-4-27 11:5:4
23.563141999999992,120.477472,-3.756158192090396,3.0,8.2074,6.029239436619717,56.55873925501433,27.991864406779655,2021-4-27 11:5:4
23.563133,120.477463,-3.6954285714285713,3.0,8.2206,5.8365329512893975,56.50985915492957,28.025186246418336,2021-4-27 11:5:4
23.563097,120.477418,-5.9747025495750705,3.0,8.286000000000001,3.507020057306591,57.0,27.975625,2021-4-27 11:5:5
23.5630925,120.477415,-9.1708,3.0,8.290500000000002,6.469121813031162,51.88951841359773,27.908974358974362,2021-4-27 11:5:5
23.563088,120.477412,-8.226647564469914,3.0,8.295000000000002,5.266171428571429,54.88,27.97,2021-4-27 11:5:5
23.5630835,120.477409,-7.805444126074499,3.0,8.2995,7.191174785100287,74.0,27.976724137931033,2021-4-27 11:5:6
23.563079,120.477406,-6.627356321839081,3.0,8.304,6.98409742120344,72.30747922437673,28.13189655172413,2021-4-27 11:5:6
23.5630745,120.47740300000002,-4.692348066298342,3.0,8.3085,5.006198347107438,33.24930747922438,28.15,2021-4-27 11:5:6
23.563100000000006,120.47743999999997,-3.4104,3.0,8.293,4.166290909090908,47.16,28.15,2021-4-27 11:5:7
23.563091000000007,120.477431,-2.6904000000000003,3.0,8.300499999999998,4.340836363636363,60.68592592592593,28.15,2021-4-27 11:5:7
23.563082000000005,120.477422,-2.3278518518518525,3.0,8.308,4.60065,69.13037037037037,28.15,2021-4-27 11:5:7
23.563073,120.47741299999997,-2.638962962962963,3.0,8.3155,5.10315,65.15703703703704,28.15,2021-4-27 11:5:7
23.563037,120.477368,-3.0194285714285716,3.0,8.3383,5.60565,44.26814814814816,28.13633237822349,2021-4-27 11:5:8
23.5630325,120.477365,-4.048,3.0,8.343250000000001,6.45246418338109,27.0,28.06,2021-4-27 11:5:8
23.563028,120.47736200000003,-3.350344827586207,3.0,8.3482,6.764383954154727,27.025787965616043,28.06,2021-4-27 11:5:8
23.5630235,120.477359,-1.4704,3.0,8.353150000000001,5.393954154727793,29.604584527220634,28.06,2021-4-27 11:5:9
23.563019,120.477356,1.2570809248554915,3.0,8.3581,4.3550867052023134,49.70689655172415,28.006829971181563,2021-4-27 11:5:9
23.5630145,120.477353,0.7257879656160462,3.0,8.363050000000001,6.305953757225432,53.44827586206896,28.051724137931032,2021-4-27 11:5:9
23.56304,120.47738999999997,-3.9466666666666654,3.0,8.332999999999998,4.686551724137932,51.0,28.121714285714283,2021-4-27 11:5:10
23.563031,120.47738099999998,-7.353802816901408,3.0,8.343199999999998,7.159657142857142,51.0,28.06,2021-4-27 11:5:10
23.563022,120.477372,-6.272112676056339,3.0,8.3534,7.213014084507042,48.16091954022988,28.058968481375352,2021-4-27 11:5:10
23.563013,120.477363,-4.892263610315187,3.0,8.363599999999998,6.843419540229886,32.285714285714285,27.981604584527215,2021-4-27 11:5:10
23.562977000000007,120.477327,-3.9222403560830865,3.0,8.417899999999998,6.5681818181818175,53.71428571428572,27.935949554896137,2021-4-27 11:5:11
23.5629725,120.47732250000003,-3.0809940652818995,3.0,8.42075,4.6863636363636365,46.4480712166172,27.895890207715134,2021-4-27 11:5:11
23.562968,120.477318,-2.162085798816568,3.0,8.4236,3.732125,33.98516320474778,27.831733333333332,2021-4-27 11:5:11
23.5629635,120.4773135,-1.172440828402367,3.0,8.42645,3.990875,36.189349112426044,27.75173333333333,2021-4-27 11:5:12
23.562959,120.477309,-0.8573142857142858,3.0,8.429300000000001,4.249625,48.171597633136095,27.7,2021-4-27 11:5:12
23.5629545,120.4773045,-2.2872779369627505,3.0,8.43215,7.8294301994302,56.0,27.7,2021-4-27 11:5:12
23.56298,120.47731,-3.035128939828081,3.0,8.392000000000001,7.104355300859599,51.91428571428571,27.698311111111106,2021-4-27 11:5:13
23.562971,120.477304,-3.276355555555556,3.0,8.4013,6.5756,30.1780415430267,27.61386666666666,2021-4-27 11:5:13
23.562961999999995,120.477298,-3.485244444444444,3.0,8.410600000000002,6.69935,40.86053412462908,27.529422222222223,2021-4-27 11:5:13
23.562953,120.477292,-3.063638968481375,3.0,8.419900000000002,5.253448275862068,51.54302670623145,27.51,2021-4-27 11:5:13
23.562917,120.477268,-2.3574796747967484,3.0,8.419299999999998,3.871084010840109,54.0,27.51,2021-4-27 11:5:14
23.5629125,120.477265,-1.409914285714286,3.0,8.43025,6.41005698005698,41.96571428571429,27.480685714285723,2021-4-27 11:5:14
23.562908,120.477262,-0.07212034383954155,3.0,8.441199999999998,3.747335243553009,37.28,27.42,2021-4-27 11:5:14
23.5629035,120.477259,0.06541547277936963,3.0,8.452149999999998,6.455071633237822,55.045845272206314,27.42,2021-4-27 11:5:15
23.562899,120.477256,-1.5176854599406526,3.0,8.4631,6.600563636363637,46.0,27.42,2021-4-27 11:5:15
23.5628945,120.477253,-3.1601186943620174,3.0,8.47405,6.213290909090908,46.0,27.42,2021-4-27 11:5:15
23.562960000000007,120.47727,-3.6448275862068966,3.0,8.344000000000001,5.969137931034482,46.0,27.35810888252149,2021-4-27 11:5:16
23.562945,120.47726400000002,-3.0967908309455594,3.0,8.376100000000001,5.331465517241379,46.0,27.28060344827586,2021-4-27 11:5:16
23.56293,120.47725800000002,-2.3778,3.0,8.4082,4.909051724137931,29.034383954154727,27.276876790830944,2021-4-27 11:5:16
23.562915000000007,120.477252,-2.365028571428572,3.0,8.4403,5.752114285714286,15.0,27.305828571428567,2021-4-27 11:5:16
23.562846,120.477228,-3.2193606393606395,3.0,8.5912,4.3188,18.417142857142853,27.236047904191608,2021-4-27 11:5:17
23.56284,120.477225,-3.5250549450549453,3.0,8.603499999999999,5.0205988023952095,29.72027972027972,27.209101796407182,2021-4-27 11:5:17
23.562834,120.477222,-3.83074925074925,3.0,8.615799999999998,5.766107784431137,42.00799200799201,27.182155688622757,2021-4-27 11:5:17
23.562828,120.477219,-4.136443556443556,3.0,8.628099999999998,6.511616766467066,54.29570429570429,27.155209580838317,2021-4-27 11:5:18
23.562822,120.477216,-3.951404011461318,3.0,8.640399999999998,6.8623142857142865,66.58341658341658,27.21240687679083,2021-4-27 11:5:18
23.562816,120.477213,-4.098148148148148,3.0,8.652699999999998,6.364257142857142,60.04857142857143,27.190371428571428,2021-4-27 11:5:18
23.56283,120.47722999999998,-3.610742857142857,3.0,8.684999999999999,4.5899714285714275,56.545714285714276,27.113228571428568,2021-4-27 11:5:19
23.562821,120.47722399999998,-2.060355029585798,3.0,8.694299999999998,9.282314285714286,57.0,27.06,2021-4-27 11:5:19
23.562812,120.47721799999998,-2.3266272189349118,3.0,8.703599999999998,10.330498753117206,53.23076923076923,27.06,2021-4-27 11:5:19
23.562803,120.47721199999998,-2.592899408284024,3.0,8.712899999999998,10.121022443890272,40.80473372781065,27.064126074498567,2021-4-27 11:5:19
23.562767000000008,120.477188,-2.967085714285714,3.0,8.7474,8.181028571428572,29.68571428571429,27.141489971346704,2021-4-27 11:5:20
23.562762500000005,120.477185,-1.760857142857143,3.0,8.752500000000001,6.180968660968661,43.4,27.081538461538464,2021-4-27 11:5:20
23.562758,120.47718200000003,-2.048223495702006,3.0,8.757600000000002,6.59650429799427,69.22857142857143,27.06,2021-4-27 11:5:20
23.562753500000007,120.477179,-2.3976217765042978,3.0,8.7627,5.736103151862465,77.0,27.06,2021-4-27 11:5:21
23.562749000000007,120.477176,-2.216235294117647,3.0,8.767800000000001,4.450024813895782,53.69340974212033,27.044382352941167,2021-4-27 11:5:21
23.5627445,120.477173,-3.257411764705882,3.0,8.7729,4.758957816377171,31.951541850220263,27.004676470588237,2021-4-27 11:5:21
23.56279,120.47718999999998,-4.2556,3.0,8.765999999999998,5.067890818858561,42.08370044052863,26.97,2021-4-27 11:5:22
23.562778,120.47718399999998,-4.3756,3.0,8.772899999999998,5.5124,49.87833827893175,26.97,2021-4-27 11:5:22
23.562766,120.47717799999998,-4.4956,3.0,8.779799999999998,5.8274,40.531157270029674,26.97,2021-4-27 11:5:22
23.562754,120.47717199999997,-3.677679083094556,3.0,8.786699999999998,4.100574712643678,31.183976261127597,26.902241379310343,2021-4-27 11:5:22
23.562688,120.477157,-2.1424216524216524,3.0,8.809800000000001,3.2017714285714285,53.954285714285724,26.935028571428568,2021-4-27 11:5:23
23.562685,120.4771525,-1.6436296296296293,3.0,8.814000000000002,6.095685785536158,52.30857142857143,26.92639586410635,2021-4-27 11:5:23
23.562682,120.477148,-2.6658518518518526,3.0,8.818200000000001,6.1106483790523685,53.66863905325444,26.846632200886262,2021-4-27 11:5:23
23.562679,120.4771435,-3.8200854700854703,3.0,8.822400000000002,6.125610972568579,67.8698224852071,26.81243553008596,2021-4-27 11:5:24
23.562676,120.477139,-5.390371428571428,3.0,8.8266,5.918,65.96,26.88,2021-4-27 11:5:24
23.562673,120.4771345,-5.398942857142857,3.0,8.830800000000002,5.771771428571428,30.74857142857143,26.88,2021-4-27 11:5:24
23.562710000000006,120.47713999999998,-6.016171428571429,3.0,8.804999999999998,5.9076,45.32,26.731885714285717,2021-4-27 11:5:25
23.562701000000008,120.47713399999998,-5.398641358641358,3.0,8.8137,5.772197802197802,68.88,26.7,2021-4-27 11:5:25
23.562692000000006,120.47712799999998,-4.241798201798201,3.0,8.8224,5.085884115884116,67.3986013986014,26.7,2021-4-27 11:5:25
23.562683000000007,120.47712199999998,-3.0849550449550445,3.0,8.8311,4.39957042957043,59.006993006993014,26.7,2021-4-27 11:5:25
23.562656,120.477116,-3.1248,3.0,8.8398,3.713256743256744,50.615384615384606,26.664928366762172,2021-4-27 11:5:26
23.56265,120.47711,-4.7553142857142845,3.0,8.848499999999998,7.172750716332379,56.8,26.654742857142853,2021-4-27 11:5:26
23.562644,120.477104,-4.768539325842696,3.0,8.8572,5.7206,69.38571428571429,26.79,2021-4-27 11:5:26
23.562638,120.477098,-4.482022471910112,3.0,8.8659,5.668932584269664,54.01685393258426,26.79,2021-4-27 11:5:27
23.562632,120.47709200000003,-3.691805157593123,3.0,8.8746,5.921,45.58988764044944,26.79,2021-4-27 11:5:27
23.562626,120.47708600000003,-2.192033898305085,3.0,8.8833,4.925552407932011,45.0,26.79,2021-4-27 11:5:27
23.56264,120.4771,-1.7571428571428571,3.0,8.854,4.547578347578347,36.56657223796033,26.835771428571423,2021-4-27 11:5:28
23.562631,120.477091,-2.6142857142857134,3.0,8.868399999999998,6.299715099715098,32.0,26.88,2021-4-27 11:5:28
23.562622,120.477082,-3.473381088825215,3.0,8.882799999999998,5.3028,30.56,26.89985673352436,2021-4-27 11:5:28
23.562613,120.477073,-4.326923076923077,3.0,8.897199999999998,6.542292263610315,28.0,26.966272189349112,2021-4-27 11:5:28
23.562577000000008,120.477028,-4.096153846153846,3.0,8.970999999999998,5.968436363636363,29.15214180206795,26.926331360946744,2021-4-27 11:5:29
23.5625725,120.477025,-3.865384615384616,3.0,8.975499999999998,4.642981818181817,42.44608567208272,26.88639053254438,2021-4-27 11:5:29
23.562568,120.477022,-3.7320512820512817,3.0,8.979999999999999,5.700541310541311,55.74002954209749,26.944431818181812,2021-4-27 11:5:29
23.562563500000007,120.477019,-3.105042735042735,3.0,8.9845,6.711428571428571,49.462857142857146,26.97,2021-4-27 11:5:30
23.562559000000007,120.477016,-2.3104,3.0,8.989,4.875156695156695,46.0,26.931282051282047,2021-4-27 11:5:30
23.5625545,120.477013,-2.1805714285714286,3.0,8.9935,3.417142857142857,40.04,26.905787965616046,2021-4-27 11:5:30
23.56258,120.47705,-3.327106017191977,3.0,8.962000000000002,4.779111747851002,32.0,26.97,2021-4-27 11:5:31
23.562571,120.47704099999997,-5.716790830945558,3.0,8.971900000000002,4.925243553008595,31.017191977077363,26.970133531157266,2021-4-27 11:5:31
23.562562,120.477032,-7.849259259259259,3.0,8.981800000000002,4.9252875,25.0,27.010192878338277,2021-4-27 11:5:31
23.562553,120.477023,-9.96037037037037,3.0,8.991700000000002,4.8240375,39.22222222222222,27.05025222551929,2021-4-27 11:5:31
23.562517,120.476987,-10.65,3.0,9.0331,4.63409742120344,53.44444444444445,27.001628571428565,2021-4-27 11:5:32
23.5625125,120.47698250000002,-10.663151862464183,3.0,9.03775,4.562750716332379,57.0,27.015644699140395,2021-4-27 11:5:32
23.562508,120.476978,-10.36877037037037,3.0,9.0424,4.640114613180516,57.0,27.06,2021-4-27 11:5:32
23.5625035,120.4769735,-9.47099259259259,3.0,9.04705,4.546690909090909,57.0,27.06,2021-4-27 11:5:33
23.562499,120.476969,-8.48685925925926,3.0,9.0517,4.488947368421053,57.0,27.066953937592867,2021-4-27 11:5:33
23.5624945,120.4769645,-6.695748148148148,3.0,9.05635,8.831052631578947,57.77265973254085,27.107072808320954,2021-4-27 11:5:33
23.562520000000006,120.47698999999997,-4.904637037037038,3.0,9.028,13.17315789473684,62.23031203566121,27.147191679049037,2021-4-27 11:5:34
23.562511000000008,120.476981,-3.471007407407407,3.0,9.0376,13.773054545454544,66.68796433878157,27.15,2021-4-27 11:5:34
23.562502000000006,120.476972,-2.1021185185185183,3.0,9.0472,7.320327272727272,62.87887740029542,27.15,2021-4-27 11:5:34
23.562493000000007,120.47696299999997,-0.5271428571428571,3.0,9.0568,4.4192,58.447562776957156,27.202457142857146,2021-4-27 11:5:34
23.562457,120.476927,-0.03051575931232092,3.0,9.1006,6.653724928366761,50.65142857142857,27.2004,2021-4-27 11:5:35
23.5624525,120.4769225,-0.5864985163204748,3.0,9.1045,14.655769712140176,58.19484240687679,27.15,2021-4-27 11:5:35
23.562448,120.476918,0.40163204747774495,3.0,9.1084,10.743379224030038,71.4020771513353,27.15,2021-4-27 11:5:35
23.5624435,120.4769135,1.3921776504297996,3.0,9.1123,6.830988735919901,63.83531157270029,27.15,2021-4-27 11:5:36
23.562439,120.476909,2.5010601719197707,3.0,9.116200000000001,7.893438395415472,57.0,27.15,2021-4-27 11:5:36
23.5624345,120.4769045,2.1307703703703704,3.0,9.1201,9.66740926157697,57.0,27.15,2021-4-27 11:5:36
23.56248,120.47693000000002,1.5129925925925927,3.0,9.042,7.1705381727158946,40.77414561664191,27.15,2021-4-27 11:5:37
23.562468,120.476921,1.7877586206896547,3.0,9.0582,5.328767908309456,23.38930163447251,27.20338108882521,2021-4-27 11:5:37
23.562456,120.476912,0.19739259259259256,3.0,9.0744,9.221727272727271,45.20571428571429,27.261097922848666,2021-4-27 11:5:37
23.562444,120.47690300000002,-4.420385185185186,3.0,9.0906,8.485363636363635,66.33283803863299,27.301157270029677,2021-4-27 11:5:37
23.562387000000005,120.476876,-8.155431034482758,3.0,9.1716,7.749,70.79049034175334,27.33,2021-4-27 11:5:38
23.562382500000005,120.47687,-8.240172413793102,3.0,9.177,8.112270114942529,69.90830945558739,27.339051724137928,2021-4-27 11:5:38
23.562378,120.476864,-7.153965517241379,3.0,9.1824,5.638362068965518,57.0,27.41663793103448,2021-4-27 11:5:38
23.562373500000007,120.476858,-6.135840455840456,3.0,9.1878,6.5532571428571424,57.0,27.42,2021-4-27 11:5:39
23.562369000000007,120.476852,-6.3912,3.0,9.193200000000001,7.1776285714285715,48.04285714285713,27.48094285714286,2021-4-27 11:5:39
23.5623645,120.476846,-4.607573964497042,3.0,9.1986,7.0495755305867664,62.78571428571429,27.51,2021-4-27 11:5:39
23.56239,120.47683999999998,-0.6401183431952662,3.0,9.178,7.7274781523096125,64.14814814814815,27.51,2021-4-27 11:5:40
23.562381,120.47683399999997,1.633679525222552,3.0,9.187299999999999,8.447952559300873,53.037037037037045,27.51,2021-4-27 11:5:40
23.562372,120.47682799999997,-0.30697329376854565,3.0,9.1966,7.946079900124845,43.88461538461539,27.51,2021-4-27 11:5:40
23.562363,120.47682199999997,-2.168974358974359,3.0,9.2059,7.444207240948814,38.115384615384606,27.500974212034386,2021-4-27 11:5:40
23.562327,120.47681600000003,-2.1433333333333326,3.0,9.235,6.848857142857144,35.33142857142857,27.423610315186245,2021-4-27 11:5:41
23.5623225,120.47681,-1.2227714285714288,3.0,9.241,4.619657142857143,55.90285714285713,27.42,2021-4-27 11:5:41
23.562318,120.476804,-1.5664444444444443,3.0,9.247,4.133146067415731,52.942857142857136,27.42,2021-4-27 11:5:41
23.5623135,120.476798,-2.4997777777777777,3.0,9.253,4.751123595505618,44.72,27.42,2021-4-27 11:5:42
23.562309,120.476792,-3.1576571428571434,3.0,9.259,5.314899713467049,35.38666666666668,27.42,2021-4-27 11:5:42
23.5623045,120.476786,-3.2769714285714286,3.0,9.265,4.925714285714284,42.81142857142857,27.47708571428572,2021-4-27 11:5:42
23.562330000000006,120.47682000000003,-2.932063037249284,3.0,9.225,6.1615186246418325,53.57428571428571,27.58431428571429,2021-4-27 11:5:43
23.562321000000008,120.47680800000002,-2.9492550143266483,3.0,9.2379,4.107077363896848,50.73352435530085,27.50716332378224,2021-4-27 11:5:43
23.562312000000006,120.47679600000002,-1.9878510028653291,3.0,9.2508,5.522664756446991,73.4,27.4297994269341,2021-4-27 11:5:43
23.562303000000007,120.47678400000002,-2.6327145708582838,3.0,9.2637,6.12784,55.40000000000001,27.42,2021-4-27 11:5:43
23.562267,120.47672699999997,-3.707564870259481,3.0,9.300899999999999,6.25984,47.54,27.42,2021-4-27 11:5:44
23.5622625,120.4767225,-4.78241516966068,3.0,9.309749999999998,6.39184,41.24,27.42,2021-4-27 11:5:44
23.562258,120.476718,-5.818137535816618,3.0,9.318599999999998,5.7974,34.94,27.461518624641837,2021-4-27 11:5:44
23.5622535,120.4767135,-5.742234957020057,3.0,9.32745,3.655186246418338,43.42857142857143,27.4812,2021-4-27 11:5:45
23.562249,120.47670900000003,-3.334670487106017,3.0,9.3363,7.17243553008596,55.108882521489974,27.43598853868195,2021-4-27 11:5:45
23.5622445,120.4767045,-2.8189111747851006,3.0,9.345149999999999,3.9833237822349568,51.0,27.511730769230766,2021-4-27 11:5:45
23.562310000000007,120.47677,-3.476474074074074,3.0,9.161,4.2902375,50.47774480712165,27.551671597633135,2021-4-27 11:5:46
23.562295,120.476755,-4.1786962962962955,3.0,9.198800000000002,5.0889875,36.23442136498517,27.5916124260355,2021-4-27 11:5:46
23.56228,120.47674,-3.3866475644699134,3.0,9.2366,7.219224137931033,21.991097922848667,27.668103448275858,2021-4-27 11:5:46
23.562265000000007,120.476725,-3.3852136752136754,3.0,9.274400000000002,8.494771428571429,50.82571428571428,27.646,2021-4-27 11:5:46
23.562187,120.47664699999997,-4.539485714285713,3.0,9.5039,8.143342857142857,66.0,27.6,2021-4-27 11:5:47
23.5621825,120.4766425,-5.134412607449857,3.0,9.50975,2.8651714285714287,51.08309455587393,27.648452722063045,2021-4-27 11:5:47
23.562178,120.476638,-3.67,3.0,9.5156,5.714571428571428,35.29142857142857,27.78466666666666,2021-4-27 11:5:47
23.5621735,120.4766335,-4.27,3.0,9.52145,5.326976320582877,57.0,27.744666666666667,2021-4-27 11:5:48
23.562169,120.476629,-4.87,3.0,9.5273,4.479981785063752,57.0,27.704666666666657,2021-4-27 11:5:48
23.5621645,120.47662450000003,-4.948739255014327,3.0,9.53315,4.601031518624641,57.0,27.7,2021-4-27 11:5:48
23.56219,120.47665,-5.978304597701149,3.0,9.479999999999999,4.786551724137932,35.758620689655174,27.63810888252149,2021-4-27 11:5:49
23.562181,120.476641,-6.525273264401771,3.0,9.494699999999998,4.092381546134663,44.42857142857143,27.624704142011844,2021-4-27 11:5:49
23.562172,120.476632,-5.865007385524373,3.0,9.509399999999998,4.739513715710723,58.90398818316101,27.669082840236687,2021-4-27 11:5:49
23.562163,120.476623,-4.89631111111111,3.0,9.524099999999999,5.386645885286783,67.76661742983752,27.71213333333333,2021-4-27 11:5:49
23.562136,120.476596,-2.8340888888888887,3.0,9.5613,5.57,70.57185185185185,27.75213333333333,2021-4-27 11:5:50
23.562130000000007,120.47659,-0.7718666666666669,3.0,9.572250000000002,5.57,59.0162962962963,27.785897435897436,2021-4-27 11:5:50
23.562124,120.476584,-0.8430285714285713,3.0,9.5832,3.936074498567336,48.72,27.708974358974363,2021-4-27 11:5:50
23.562118,120.476578,1.9336103151862456,3.0,9.59415,4.78378223495702,64.14857142857143,27.7,2021-4-27 11:5:51
23.562112,120.476572,1.9521776504297996,3.0,9.6051,5.607106017191977,66.0,27.7,2021-4-27 11:5:51
23.562106,120.476566,0.60538,3.0,9.61605,5.154285714285715,43.20630372492837,27.71503,2021-4-27 11:5:51
23.56212,120.4766,-0.09661999999999994,3.0,9.575999999999999,4.626813186813187,27.506,27.74203,2021-4-27 11:5:52
23.562111,120.476588,-0.79862,3.0,9.594599999999998,4.09934065934066,24.806,27.76903,2021-4-27 11:5:52
23.562101999999992,120.476576,-1.2931142857142857,3.0,9.613199999999999,3.837936962750717,22.106,27.79,2021-4-27 11:5:52
23.562093,120.476564,-0.5474,3.0,9.631799999999998,8.299255014326647,25.091428571428565,27.785616045845266,2021-4-27 11:5:52
23.562075,120.476516,-3.5775358166189113,3.0,9.688200000000002,5.74512893982808,48.10028653295128,27.708252148997126,2021-4-27 11:5:53
23.5620675,120.47651,-3.3350143266475643,3.0,9.7005,5.428395415472778,68.73065902578796,27.55409742120344,2021-4-27 11:5:53
23.56206,120.476504,-4.491111111111112,3.0,9.7128,5.829485714285713,59.557142857142864,27.628885714285715,2021-4-27 11:5:53
23.5620525,120.476498,-5.139763313609468,3.0,9.7251,6.124576059850373,56.62,27.7,2021-4-27 11:5:54
23.562045,120.476492,-3.9726035502958585,3.0,9.737400000000001,6.3377930174563595,49.34171597633135,27.7,2021-4-27 11:5:54
23.5620375,120.476486,-2.8601714285714284,3.0,9.7497,6.551009975062344,35.58431952662721,27.7,2021-4-27 11:5:54
23.56204,120.47647999999998,-2.0969714285714285,3.0,9.771999999999998,5.264600000000001,39.26,27.7,2021-4-27 11:5:55
23.562031,120.47647399999997,-3.8798285714285714,3.0,9.782799999999998,5.0744159544159535,73.36857142857141,27.7,2021-4-27 11:5:55
23.562021999999995,120.47646799999997,-3.713195266272189,3.0,9.793599999999998,4.9085636363636365,46.79714285714285,27.739008875739643,2021-4-27 11:5:55
23.562013,120.47646199999997,-3.3137869822485206,3.0,9.804399999999998,4.1612909090909085,58.053254437869825,27.77894970414201,2021-4-27 11:5:55
23.561986,120.476447,-3.3716568047337274,3.0,9.845800000000002,3.8538545454545456,70.47928994082841,27.818890532544376,2021-4-27 11:5:56
23.56198,120.4764425,-3.686745562130177,3.0,9.8515,4.0284,67.69501466275659,27.858831360946745,2021-4-27 11:5:56
23.561974,120.476438,-3.189213483146067,3.0,9.857200000000002,4.202945454545455,58.897360703812325,27.88,2021-4-27 11:5:56
23.561968,120.4764335,-1.8457142857142856,3.0,9.8629,6.384285714285715,51.34,27.901794871794866,2021-4-27 11:5:57
23.561962,120.476429,-2.362292263610315,3.0,9.8686,5.044857142857143,53.40285714285713,27.97,2021-4-27 11:5:57
23.561956,120.4764245,-5.43106017191977,3.0,9.8743,5.584040114613181,71.36,27.97,2021-4-27 11:5:57
23.561990000000005,120.47644999999997,-6.558717948717948,3.0,9.811999999999998,5.8636676217765045,47.36,27.97,2021-4-27 11:5:58
23.561978000000007,120.476441,-5.378181818181818,3.0,9.827899999999998,4.834545454545455,53.29799426934098,27.90991477272727,2021-4-27 11:5:58
23.561966000000005,120.476432,-3.462,3.0,9.843799999999998,3.6726,68.92067988668555,27.92705714285714,2021-4-27 11:5:58
23.561954000000007,120.47642299999997,-1.8055873925501436,3.0,9.859699999999998,5.926885714285714,66.14613180515761,27.97,2021-4-27 11:5:58
23.561897,120.476387,-1.0030118694362018,3.0,9.9476,4.453209169054441,54.73714285714286,27.98108308605341,2021-4-27 11:5:59
23.5618925,120.47638250000003,-2.645445103857567,3.0,9.9515,4.27261576971214,48.56315007429421,28.021142433234424,2021-4-27 11:5:59
23.561888,120.476378,-4.287878338278931,3.0,9.955400000000001,4.689386733416771,39.64784546805349,28.06,2021-4-27 11:5:59
23.5618835,120.4763735,-3.283896848137536,3.0,9.9593,5.253620689655173,31.48441926345609,28.06,2021-4-27 11:6:0
23.561879,120.476369,-1.2215297450424927,3.0,9.9632,5.662937853107344,47.63172804532577,28.06,2021-4-27 11:6:0
23.5618745,120.4763645,-2.4628205128205125,3.0,9.9671,5.3968,50.72934472934473,28.06,2021-4-27 11:6:0
23.5619,120.47639000000002,-4.2866857142857135,3.0,9.943,3.806771428571429,64.47142857142859,28.100371428571428,2021-4-27 11:6:1
23.561891,120.476381,-4.295999999999999,3.0,9.9511,6.545,65.58571428571429,28.1225641025641,2021-4-27 11:6:1
23.561882,120.476372,-4.9496275071633224,3.0,9.959200000000001,4.483352435530086,55.9,28.088882521489964,2021-4-27 11:6:1
23.561873,120.47636300000002,-3.539885386819484,3.0,9.9673,6.150974212034384,56.108882521489974,28.24093333333333,2021-4-27 11:6:1
23.561846,120.476327,-4.765830860534125,3.0,9.987999999999998,6.3252,46.311572700296736,28.28093333333333,2021-4-27 11:6:2
23.561840000000007,120.4763225,-6.150103857566767,3.0,9.993999999999998,6.177927272727274,61.89020771513353,28.320933333333333,2021-4-27 11:6:2
23.561834,120.476318,-6.185632183908045,3.0,9.999999999999998,6.091666666666666,77.46884272997033,28.33,2021-4-27 11:6:2
23.561828,120.4763135,-5.218397790055248,3.0,10.005999999999998,5.315263157894737,45.66666666666668,28.284127423822714,2021-4-27 11:6:3
23.561822,120.47630899999997,-3.9255142857142857,3.0,10.011999999999999,3.89421052631579,36.64088397790056,28.271719197707732,2021-4-27 11:6:3
23.561816,120.4763045,-3.117,3.0,10.018,5.465828571428571,45.0,28.311025641025637,2021-4-27 11:6:3
23.56185,120.47633,-4.445571428571428,3.0,10.004,3.9576923076923074,42.370786516853926,28.23695588235294,2021-4-27 11:6:4
23.561838,120.47632099999997,-4.529147058823529,3.0,10.013,4.529304347826087,32.545994065281896,28.19725,2021-4-27 11:6:4
23.561826,120.476312,-4.608558823529411,3.0,10.022,5.341726708074534,42.78338278931751,28.15754411764706,2021-4-27 11:6:4
23.561814,120.476303,-2.8667048710601724,3.0,10.031,5.953448275862068,53.020771513353125,28.21266475644699,2021-4-27 11:6:4
23.561766,120.476267,-1.6202865329512894,3.0,10.047199999999998,5.972571428571428,68.17478510028653,28.24,2021-4-27 11:6:5
23.561760000000007,120.4762625,-1.1824786324786325,3.0,10.054999999999998,5.902142857142858,64.07428571428571,28.20271428571428,2021-4-27 11:6:5
23.561754,120.476258,-1.3958452722063037,3.0,10.0628,4.444011461318052,55.59025787965616,28.15,2021-4-27 11:6:5
23.561748,120.4762535,-3.9852444444444446,3.0,10.0706,6.137421203438397,52.58285714285713,28.14387573964497,2021-4-27 11:6:6
23.561742,120.47624900000002,-4.2030222222222235,3.0,10.078399999999998,5.752,46.5764192139738,28.103934911242604,2021-4-27 11:6:6
23.561736,120.4762445,-4.4208,3.0,10.0862,5.032,50.50655021834061,28.063994082840235,2021-4-27 11:6:6
23.561769999999992,120.47626999999997,-5.268674033149172,3.0,9.990000000000002,5.136546961325966,54.43668122270742,27.9928729281768,2021-4-27 11:6:7
23.561758,120.476261,-6.113954154727794,3.0,10.0134,5.0316091954022975,51.32857142857143,27.97,2021-4-27 11:6:7
23.561745999999992,120.476252,-5.822120343839542,3.0,10.0368,3.2385057471264367,60.083094555873934,28.01100286532951,2021-4-27 11:6:7
23.561734,120.47624299999997,-4.643485714285713,3.0,10.0602,6.5971346704871054,61.56733524355301,28.03163323782235,2021-4-27 11:6:7
23.561686,120.476207,-4.571715976331361,3.0,10.1889,3.6934097421203447,55.93428571428571,27.978109305760707,2021-4-27 11:6:8
23.56168,120.47620250000003,-5.419349112426035,3.0,10.19475,4.460249376558603,55.46893491124261,28.017991137370757,2021-4-27 11:6:8
23.561674,120.476198,-6.26698224852071,3.0,10.2006,5.126084788029925,42.59911242603551,28.057872968980796,2021-4-27 11:6:8
23.561668,120.4761935,-7.3754285714285714,3.0,10.20645,4.718595988538682,29.7292899408284,27.986762177650434,2021-4-27 11:6:9
23.561662,120.476189,-6.928,3.0,10.2123,4.57802857142857,51.64,27.97,2021-4-27 11:6:9
23.561656,120.4761845,-5.316571428571429,3.0,10.21815,5.088342857142857,57.0,27.922564102564102,2021-4-27 11:6:9
23.561690000000006,120.47621000000002,-4.701346704871059,3.0,10.235,4.273409742120345,55.954285714285724,27.914555873925497,2021-4-27 11:6:10
23.561678000000008,120.476201,-6.565169366715758,3.0,10.2392,5.747723880597015,51.57020057306591,27.97,2021-4-27 11:6:10
23.561666000000006,120.476192,-8.557805596465393,3.0,10.2434,5.0425,47.360824742268036,27.97,2021-4-27 11:6:10
23.561654000000008,120.47618300000002,-10.550441826215021,3.0,10.2476,4.3372761194029845,52.22091310751104,27.968452722063038,2021-4-27 11:6:10
23.561597,120.476147,-9.247879656160459,3.0,10.2671,4.684828571428572,56.842857142857135,27.891088825214894,2021-4-27 11:6:11
23.5615925,120.4761425,-7.593343195266272,3.0,10.26875,5.601797752808989,47.41428571428571,27.811669128508118,2021-4-27 11:6:11
23.561588,120.476138,-5.898076923076923,3.0,10.270399999999999,5.126142322097378,46.0,27.731905465288033,2021-4-27 11:6:11
23.5615835,120.4761335,-4.023839541547278,3.0,10.272049999999998,4.6653142857142855,46.0,27.746551724137927,2021-4-27 11:6:12
23.561579,120.47612899999997,-3.040338983050847,3.0,10.273699999999998,5.140764872521246,58.85714285714285,27.718951841359768,2021-4-27 11:6:12
23.5615745,120.4761245,-3.6373142857142855,3.0,10.27535,3.813988603988604,66.21246458923513,27.622571428571426,2021-4-27 11:6:12
23.561620000000005,120.47615,-2.9212,3.0,10.23,6.027663817663818,57.78,27.691737891737887,2021-4-27 11:6:13
23.561608000000007,120.47614099999997,-3.7612,3.0,10.2387,5.5648857142857135,56.151428571428575,27.60626780626781,2021-4-27 11:6:13
23.561596000000005,120.476132,-7.143237822349569,3.0,10.2474,5.975128939828081,46.72285714285713,27.67965616045845,2021-4-27 11:6:13
23.561584000000007,120.476123,-9.135896414342627,3.0,10.256100000000002,6.52264940239044,54.730659025787965,27.677191235059755,2021-4-27 11:6:13
23.561527,120.476078,-10.27135458167331,3.0,10.3035,5.981812749003983,59.49800796812749,27.647310756972114,2021-4-27 11:6:14
23.5615225,120.476075,-11.406812749003983,3.0,10.30575,5.44097609561753,62.78486055776892,27.617430278884463,2021-4-27 11:6:14
23.561518,120.476072,-11.262542857142858,3.0,10.308,4.8357142857142845,66.07171314741035,27.6,2021-4-27 11:6:14
23.5615135,120.47606900000002,-9.176034482758624,3.0,10.310250000000002,4.935028735632184,64.08045977011494,27.621776504297994,2021-4-27 11:6:15
23.561509,120.476066,-9.929340974212035,3.0,10.3125,4.995373563218391,57.0,27.692263610315187,2021-4-27 11:6:15
23.5615045,120.476063,-11.863438395415471,3.0,10.31475,7.190601719197708,57.0,27.606303724928367,2021-4-27 11:6:15
23.56155,120.4761,-10.99348148148148,3.0,10.284000000000002,7.4224727272727264,57.0,27.56298816568048,2021-4-27 11:6:16
23.561538,120.476091,-9.615703703703705,2.0,10.2912,6.429745454545454,56.592319054652876,27.52304733727811,2021-4-27 11:6:16
23.561526,120.476082,-8.830843187660669,2.0,10.2984,5.977803847958704,56.149187592319045,27.519356664951108,2021-4-27 11:6:16
23.561514,120.47607299999997,-8.446781491002572,2.0,10.3056,6.05241670577194,54.411177644710584,27.533252702007204,2021-4-27 11:6:16
23.561457000000008,120.476037,-8.062719794344474,2.0,10.3416,6.127029563585173,52.01596806387226,27.547148739063303,2021-4-27 11:6:17
23.5614525,120.4760325,-7.678658097686374,2.0,10.344,6.201642421398405,49.620758483033924,27.561044776119406,2021-4-27 11:6:17
23.561448,120.47602800000003,-7.294596401028277,2.0,10.3464,6.276255279211638,47.22554890219561,27.574940813175502,2021-4-27 11:6:17
23.5614435,120.4760235,-6.91053470437018,2.0,10.3488,6.350868137024872,44.830339321357286,27.588836850231598,2021-4-27 11:6:18
23.561439000000007,120.476019,-6.778467153284671,2.0,10.3512,7.2218,42.43512974051896,27.587111650485443,2021-4-27 11:6:18
23.5614345,120.4760145,-8.61788321167883,2.0,10.3536,5.9618,40.03992015968064,27.521577669902914,2021-4-27 11:6:18
23.561479999999992,120.47604000000003,-6.567749287749288,2.0,10.309999999999999,7.583514285714285,68.65714285714286,27.51,2021-4-27 11:6:19
23.561468,120.47603100000002,-5.155673037820252,2.0,10.319299999999998,9.575524603497357,62.1,27.51,2021-4-27 11:6:19
23.561384,120.475968,-5.59121594143961,2.0,10.3844,8.127984953233021,58.62261081740545,27.51,2021-4-27 11:6:21
23.5613645,120.4759545,-5.653436356242374,2.0,10.4003,7.92119357462383,58.86661244408295,27.51,2021-4-27 11:6:21
23.561410000000006,120.47596,-5.715656771045139,2.0,10.395,7.714402196014642,59.11061407076048,27.51,2021-4-27 11:6:22
23.561398000000008,120.475954,-5.777877185847905,2.0,10.3989,7.50761081740545,59.35461569743799,27.51,2021-4-27 11:6:22
23.561386000000006,120.475948,-5.8400976006506715,2.0,10.4028,7.300819438796258,59.59861732411548,27.51,2021-4-27 11:6:22
23.561374000000008,120.475942,-5.902318015453436,2.0,10.4067,7.094028060187068,59.842618950792996,27.51,2021-4-27 11:6:22
23.561317,120.47592699999997,-5.9645384302562015,2.0,10.417799999999998,6.8872366815778765,60.08662057747051,27.51,2021-4-27 11:6:23
23.5613125,120.4759225,-6.026758845058967,2.0,10.420499999999999,6.680445302968686,60.33062220414802,27.51,2021-4-27 11:6:23
23.561308,120.475918,-6.088979259861731,2.0,10.4232,6.473653924359496,60.57462383082554,27.51,2021-4-27 11:6:23
23.5613035,120.4759135,-6.119517924874587,2.0,10.425899999999999,6.198972225620947,60.81862545750305,27.51618546611206,2021-4-27 11:6:24
23.561218000000007,120.475828,-3.9575211060809985,2.0,10.4772,5.989746727028019,29.507585025691213,27.962478590653287,2021-4-27 11:6:29
23.561138,120.4757735,-3.843731799828704,2.0,10.62835,5.9787348586810225,27.782603376559827,27.98596770247125,2021-4-27 11:6:30
23.561132,120.47576899999997,-3.7299424935764094,2.0,10.6339,5.967722990334026,26.057621727428437,28.00945681428921,2021-4-27 11:6:30
23.561126,120.4757645,-3.616153187324116,2.0,10.63945,5.9567111219870315,24.332640078297043,28.032945926107168,2021-4-27 11:6:30
23.561160000000008,120.47579,-3.502363881071822,2.0,10.58,5.945699253640035,22.607658429165646,28.056435037925127,2021-4-27 11:6:31
23.561148,120.47578099999997,-3.3885745748195277,2.0,10.595300000000002,5.93468738529304,20.882676780034245,28.079924149743086,2021-4-27 11:6:31
23.561136000000005,120.475772,-3.2747852685672334,2.0,10.6106,5.923675516946042,19.157695130902862,28.103413261561045,2021-4-27 11:6:31
23.561124000000007,120.475763,-3.160995962314939,2.0,10.6259,5.912663648599045,17.432713481771472,28.126902373379004,2021-4-27 11:6:31
23.561076,120.475727,-3.0472066560626443,2.0,10.6925,5.90165178025205,15.707731832640077,28.149931778903007,2021-4-27 11:6:32
23.56107,120.4757225,-3.0235557913887208,2.0,10.69925,5.901016949152543,14.001273460477245,28.14583851308329,2021-4-27 11:6:32
23.56046400000002,120.47526799999987,-1.250390236506974,2.0,11.381,6.1398817500985405,26.863224280646435,27.732418665292133,2021-4-27 11:7:2
23.560308,120.4751035,-1.2328341419041844,2.0,11.1516,6.142246748127711,26.990570328370882,27.728325399472418,2021-4-27 11:7:3
23.560302,120.475099,-1.215278047301395,2.0,11.1534,6.14461174615688,27.117916376095327,27.724232133652706,2021-4-27 11:7:3
23.560296,120.4750945,-1.197721952698605,2.0,11.1552,6.146976744186047,27.24526242381977,27.720138867832997,2021-4-27 11:7:3
23.56033,120.47512,-1.1801658580958156,2.0,11.145000000000003,6.149341742215215,27.372608471544225,27.71604560201328,2021-4-27 11:7:4
23.560318,120.475111,-1.1626097634930257,2.0,11.1486,6.151706740244382,27.49995451926867,27.71195233619357,2021-4-27 11:7:4
23.560306,120.475102,-1.1450536688902366,2.0,11.152200000000002,6.154071738273551,27.62730056699312,27.707859070373846,2021-4-27 11:7:4
23.560294,120.47509299999997,-1.127497574287447,2.0,11.155800000000003,6.15643673630272,27.75464661471756,27.703765804554138,2021-4-27 11:7:4
23.560237000000008,120.475057,-1.1097992415792997,2.0,11.172899999999998,6.158801734331889,27.88199266244201,27.70243641231593,2021-4-27 11:7:5
23.560232500000005,120.4750525,-1.0495717153691726,2.0,11.17425,6.1220198019802,28.06871932173137,27.732891566265057,2021-4-27 11:7:5
23.5601425,120.47496249999998,0.1549788088333703,1.0,11.201250000000002,5.290336633663367,46.810352521195895,28.341994645247652,2021-4-27 11:7:11
23.560094,120.474944,0.2152063350434976,1.0,11.2114,5.2487524752475245,47.74743418116912,28.372449799196783,2021-4-27 11:7:11
23.560088,120.474938,0.2754338612536246,1.0,11.2138,5.207168316831683,48.68451584114234,28.402904953145917,2021-4-27 11:7:12
23.560082,120.474932,0.33566138746375174,1.0,11.2162,5.165584158415841,49.62159750111558,28.433360107095048,2021-4-27 11:7:12
23.560076,120.474926,0.3958889136738791,1.0,11.2186,5.1240000000000006,50.5586791610888,28.46381526104417,2021-4-27 11:7:12
23.560110000000005,120.47494,0.4561164398840061,1.0,11.197000000000001,5.08241584158416,51.49576082106202,28.494270414993306,2021-4-27 11:7:13
23.560098000000007,120.474931,0.5163439660941334,1.0,11.203,5.040831683168316,52.43284248103525,28.52472556894244,2021-4-27 11:7:13
23.560086000000005,120.474922,0.5765714923042604,1.0,11.209,4.999247524752476,53.369924141008475,28.555180722891564,2021-4-27 11:7:13
23.560074000000007,120.47491299999997,0.6367990185143875,1.0,11.215,4.957663366336633,54.3070058009817,28.585635876840694,2021-4-27 11:7:13
23.560017,120.474877,0.728,1.0,11.2579,4.9160792079207924,55.24408746095493,28.61,2021-4-27 11:7:14
23.5600125,120.4748725,1.0537142857142858,1.0,11.25775,6.768857142857144,56.165714285714294,28.612571428571428,2021-4-27 11:7:14
23.560008,120.474868,-0.9738571428571426,1.0,11.2576,7.055942857142857,56.770773638968485,28.689714285714285,2021-4-27 11:7:14
23.5600035,120.4748635,-2.019083094555873,1.0,11.257449999999999,4.746561604584528,48.17478510028653,28.633142857142854,2021-4-27 11:7:15
23.559999,120.47485900000002,-3.1740401146131805,1.0,11.2573,4.479512893982808,64.75999999999999,28.664154727793697,2021-4-27 11:7:15
23.5599945,120.4748545,-4.1992937853107355,1.0,11.25715,6.972349570200573,62.64,28.7,2021-4-27 11:7:15
23.56002,120.47487999999997,-4.787857142857143,1.0,11.25,4.268611898016998,53.84702549575072,28.7,2021-4-27 11:7:16
23.560011,120.47487099999998,-5.179914285714286,1.0,11.2509,4.294971428571428,50.0,28.7,2021-4-27 11:7:16
23.560002,120.47486199999997,-3.5427714285714287,1.0,11.2518,4.650997150997152,46.62068965517241,28.69793696275072,2021-4-27 11:7:16
23.559993,120.474853,-1.99433908045977,1.0,11.2527,4.578051575931232,29.70857142857143,28.620573065902576,2021-4-27 11:7:16
23.559966,120.474817,-1.5100741839762613,1.0,11.2599,4.555256570713391,56.28,28.644584569732935,2021-4-27 11:7:17
23.559960000000007,120.4748125,-1.3186795252225518,1.0,11.25975,4.8068210262828535,48.18611521418021,28.684643916913945,2021-4-27 11:7:17
23.559954,120.474808,-1.6645170454545455,1.0,11.2596,4.71022792022792,34.44903988183161,28.652698863636367,2021-4-27 11:7:17
23.559948,120.4748035,-2.5380979827089334,1.0,11.25945,4.107528735632184,42.002873563218394,28.644396551724135,2021-4-27 11:7:18
23.559942000000007,120.474799,-3.380228571428572,1.0,11.2593,3.9709455587392553,56.28653295128941,28.67808022922636,2021-4-27 11:7:18
23.559936,120.4747945,-3.6108309455587393,1.0,11.259150000000002,3.867793696275072,59.27793696275072,28.61,2021-4-27 11:7:18
23.55995,120.47482000000002,-2.3816045845272207,1.0,11.259999999999998,3.824613180515759,56.0974212034384,28.61,2021-4-27 11:7:19
23.559941,120.474811,-2.252607449856733,1.0,11.259699999999999,3.958657142857143,48.36103151862465,28.684011461318047,2021-4-27 11:7:19
23.559932,120.474802,-2.754577777777777,1.0,11.259399999999998,4.24936170212766,62.750716332378225,28.668266666666668,2021-4-27 11:7:19
23.559923,120.47479300000002,-3.4479111111111114,1.0,11.259099999999998,4.6173216520650815,58.97777777777778,28.628266666666658,2021-4-27 11:7:19
23.559626,120.475045,-3.7204297994269337,1.0,5.632899999999999,4.985281602002504,50.088888888888896,28.61,2021-4-27 11:7:20
23.559665,120.47499249999997,-3.675730659025788,1.0,6.57025,4.843209169054441,46.0,28.61,2021-4-27 11:7:20
23.559704,120.47494,-3.875247252747253,1.0,7.507599999999998,4.820401146131805,41.3305785123967,28.594088397790053,2021-4-27 11:7:20
23.559743,120.4748875,-3.1087637362637364,1.0,8.444949999999999,4.82521978021978,33.714285714285715,28.52,2021-4-27 11:7:21
23.559782,120.474835,-5.2961604584527215,1.0,9.3823,4.5924,50.0,28.52,2021-4-27 11:7:21
23.559821,120.4747825,-5.184177777777776,1.0,10.31965,4.537875,64.61318051575931,28.5536,2021-4-27 11:7:21
23.560020000000005,120.47456,-4.268622222222222,1.0,18.116,4.594125,64.7688888888889,28.5936,2021-4-27 11:7:22
23.560035000000006,120.474533,-3.4746571428571422,1.0,18.0245,4.660916905444126,62.102222222222224,28.655644699140396,2021-4-27 11:7:22
23.560050000000007,120.474506,-3.545,1.0,17.933,4.67111111111111,43.90285714285714,28.732914285714283,2021-4-27 11:7:22
23.560065,120.474479,-4.526389684813753,1.0,17.8415,4.605186246418338,38.88,28.79,2021-4-27 11:7:22
23.560143,120.474326,-3.1550429799426927,1.0,17.660000000000004,4.2183667621776495,60.0,28.782779369627505,2021-4-27 11:7:23
23.5601475,120.47432,-6.533266475644701,1.0,17.5835,4.2992857142857135,57.53142857142857,28.705415472779368,2021-4-27 11:7:23
23.560152,120.474314,-6.397777777777778,1.0,17.507,4.4306363636363635,30.102857142857147,28.737144970414203,2021-4-27 11:7:23
23.5601565,120.474308,-5.642222222222222,1.0,17.430500000000002,4.403363636363636,41.95259259259259,28.777085798816568,2021-4-27 11:7:24
23.560161,120.474302,-4.093028064992614,1.0,17.354,4.394057971014492,57.063703703703695,28.79,2021-4-27 11:7:24
23.5601655,120.474296,-2.014741506646972,1.0,17.2775,4.437536231884057,60.505917159763314,28.79,2021-4-27 11:7:24
23.560119999999994,120.47437,-0.9893982808022924,1.0,15.614999999999997,4.428505747126437,58.286982248520715,28.79,2021-4-27 11:7:25
23.560131999999992,120.474352,-2.0630372492836675,1.0,15.776399999999997,4.288314285714286,57.0,28.76988538681948,2021-4-27 11:7:25
23.560143999999994,120.474334,-3.502958579881657,1.0,15.9378,4.2626,56.78,28.7,2021-4-27 11:7:25
23.560155999999992,120.474316,-3.6804733727810657,1.0,16.0992,4.260449438202247,55.96,28.7,2021-4-27 11:7:25
23.560195,120.474253,-3.8579881656804726,1.0,16.953599999999998,4.271685393258427,55.51555555555555,28.7,2021-4-27 11:7:26
23.5602025,120.4742425,-4.1072551928783385,1.0,16.999499999999998,4.371127819548872,55.0711111111111,28.666350148367954,2021-4-27 11:7:26
23.56021,120.47423199999997,-4.378768545994065,1.0,17.045399999999997,4.506466165413534,66.21661721068249,28.626290801186943,2021-4-27 11:7:26
23.5602175,120.47422149999997,-3.0488252148997126,1.0,17.0913,4.642063037249283,79.56973293768547,28.65603448275862,2021-4-27 11:7:27
23.560225,120.474211,-1.5449856733524354,1.0,17.1372,4.813571428571429,55.92836676217765,28.666475644699144,2021-4-27 11:7:27
23.5602325,120.4742005,-2.450207100591716,1.0,17.1831,4.940689655172414,35.37142857142857,28.61,2021-4-27 11:7:27
23.560209999999994,120.47425999999997,-3.2934023668639054,1.0,17.575,4.717459165154265,46.059248554913296,28.61,2021-4-27 11:7:28
23.560222,120.47423899999997,-4.136597633136096,1.0,17.569,4.4942286751361165,38.6893063583815,28.61,2021-4-27 11:7:28
23.560233999999994,120.474218,-4.804207650273224,1.0,17.562999999999995,4.604175824175824,31.319364161849716,28.61,2021-4-27 11:7:28
23.560245999999992,120.474197,-5.579714285714286,1.0,17.556999999999995,4.8352571428571425,31.0,28.61,2021-4-27 11:7:28
23.560303,120.474104,-7.169770773638968,1.0,17.5852,4.672034383954155,28.96,28.61,2021-4-27 11:7:29
23.5603075,120.474095,-8.69618911174785,1.0,17.5735,4.65484240687679,43.621776504298,28.61,2021-4-27 11:7:29
23.560312,120.474086,-8.817899408284022,1.0,17.5618,4.523714285714286,57.0,28.61,2021-4-27 11:7:29
23.5603165,120.474077,-7.868195266272189,1.0,17.5501,4.505543071161049,51.98962962962963,28.61,2021-4-27 11:7:30
23.560321,120.474068,-6.918491124260353,1.0,17.5384,4.528014981273408,35.10074074074073,28.61,2021-4-27 11:7:30
23.5603255,120.474059,-8.040659025787965,1.0,17.5267,4.536,19.0,28.61,2021-4-27 11:7:30
23.560279999999995,120.47411,-10.448689458689456,1.0,17.829000000000004,4.566,19.0,28.6784,2021-4-27 11:7:31
23.560292,120.474092,-10.573228571428569,1.0,17.770200000000003,4.6036,25.788571428571434,28.588914285714285,2021-4-27 11:7:31
23.560303999999995,120.474074,-9.291971428571427,1.0,17.711400000000005,4.529714285714286,42.06285714285714,28.562564102564103,2021-4-27 11:7:31
23.560316,120.474056,-8.350970588235294,1.0,17.652600000000003,4.524892086330936,51.0,28.594756995581736,2021-4-27 11:7:31
23.560364000000007,120.47398399999997,-8.024499999999998,1.0,17.4516,4.600431654676258,52.00588235294118,28.554992636229745,2021-4-27 11:7:32
23.56037,120.473975,-7.751604584527219,1.0,17.4165,4.675971223021582,54.65294117647059,28.52,2021-4-27 11:7:32
23.560376,120.473966,-8.886275071633236,1.0,17.3814,4.739598853868195,57.0,28.52,2021-4-27 11:7:32
23.560382,120.47395699999997,-9.990916905444127,1.0,17.3463,4.7761891117478505,57.0,28.52,2021-4-27 11:7:33
23.560388000000007,120.473948,-11.48119658119658,1.0,17.3112,4.8027428571428565,56.185714285714276,28.641885714285714,2021-4-27 11:7:33
23.560394,120.473939,-15.961371428571427,1.0,17.2761,4.862,56.0,28.7,2021-4-27 11:7:33
23.56036,120.47399,-18.950594900849858,1.0,17.625000000000004,5.462,41.32577903682719,28.7,2021-4-27 11:7:34
23.560372,120.473972,-16.849054441260744,1.0,17.532300000000003,5.146440677966101,38.93714285714285,28.7,2021-4-27 11:7:34